2018-09-30 23:00:00,24,92,163,79,483,-55555,-55555
2018-09-30 22:00:00,24,89,161,74,487,-55555,-55555
2018-09-30 21:00:00,24,86,158,69,477,-55555,-55555
2018-09-30 20:00:00,25,83,146,54,466,-55555,-55555
2018-09-30 19:00:00,26,79,153,60,462,-55555,-55555
2018-09-30 18:00:00,27,74,122,44,442,-55555,-55555
2018-09-30 17:00:00,29,64,132,48,423,-55555,-55555
2018-09-30 16:00:00,31,53,105,37,421,-55555,-55555
2018-09-30 15:00:00,32,47,102,36,426,-55555,-55555
2018-09-30 14:00:00,32,48,97,34,429,-55555,-55555
2018-09-30 13:00:00,32,49,91,31,432,-55555,-55555
2018-09-30 12:00:00,32,51,93,32,434,-55555,-55555
2018-09-30 11:00:00,31,53,88,30,433,-55555,-55555
2018-09-30 10:00:00,31,57,105,37,435,-55555,-55555
2018-09-30 9:00:00,29,62,154,61,436,-55555,-55555
2018-09-30 8:00:00,27,77,183,118,494,-55555,-55555
2018-09-30 7:00:00,24,87,179,109,546,-55555,-55555
2018-09-30 6:00:00,21,94,179,110,605,-55555,-55555
2018-09-30 5:00:00,21,94,181,113,605,-55555,-55555
2018-09-30 4:00:00,22,94,177,105,615,-55555,-55555
2018-09-30 3:00:00,22,94,181,114,581,-55555,-55555
2018-09-30 2:00:00,22,94,178,108,584,-55555,-55555
2018-09-30 1:00:00,22,94,190,132,576,-55555,-55555
2018-09-30 0:00:00,22,93,180,111,558,-55555,-55555
2018-09-29 23:00:00,23,90,194,139,549,-55555,-55555
2018-09-29 22:00:00,23,89,168,89,513,-55555,-55555
2018-09-29 21:00:00,24,87,158,70,494,-55555,-55555
2018-09-29 20:00:00,24,84,168,89,482,-55555,-55555
2018-09-29 19:00:00,25,79,180,111,458,-55555,-55555
2018-09-29 18:00:00,27,70,158,69,456,-55555,-55555
2018-09-29 17:00:00,28,59,155,64,429,-55555,-55555
2018-09-29 16:00:00,30,50,72,22,424,-55555,-55555
2018-09-29 15:00:00,31,50,124,45,426,-55555,-55555
2018-09-29 14:00:00,31,48,153,60,430,-55555,-55555
2018-09-29 13:00:00,31,51,154,62,432,-55555,-55555
2018-09-29 12:00:00,30,55,190,132,444,-55555,-55555
2018-09-29 11:00:00,30,62,209,159,452,-55555,-55555
2018-09-29 10:00:00,29,63,162,77,444,-55555,-55555
2018-09-29 9:00:00,28,65,124,45,439,-55555,-55555
2018-09-29 8:00:00,27,70,132,48,442,-55555,-55555
2018-09-29 7:00:00,23,82,153,59,456,-55555,-55555
2018-09-29 6:00:00,20,89,97,34,450,-55555,-55555
2018-09-29 5:00:00,20,89,86,29,456,-55555,-55555
2018-09-29 4:00:00,20,89,91,31,448,-55555,-55555
2018-09-29 3:00:00,20,86,93,32,437,-55555,-55555
2018-09-29 2:00:00,21,84,61,17,430,-55555,-55555
2018-09-29 1:00:00,21,82,55,14,427,-55555,-55555
2018-09-29 0:00:00,22,78,55,14,424,-55555,-55555
2018-09-28 23:00:00,22,77,63,18,424,-55555,-55555
2018-09-28 22:00:00,22,75,72,22,416,-55555,-55555
2018-09-28 21:00:00,22,74,76,24,415,-55555,-55555
2018-09-28 20:00:00,23,72,63,18,415,-55555,-55555
2018-09-28 19:00:00,24,71,110,39,418,-55555,-55555
2018-09-28 18:00:00,26,66,156,66,423,-55555,-55555
2018-09-28 17:00:00,28,61,153,59,437,-55555,-55555
2018-09-28 16:00:00,30,69,149,55,423,-55555,-55555
2018-09-28 15:00:00,32,67,154,61,414,-55555,-55555
2018-09-28 14:00:00,32,64,161,74,420,-55555,-55555
2018-09-28 13:00:00,33,58,146,54,428,-55555,-55555
2018-09-28 12:00:00,33,59,154,61,431,-55555,-55555
2018-09-28 11:00:00,32,62,154,61,432,-55555,-55555
2018-09-28 10:00:00,32,66,163,79,439,-55555,-55555
2018-09-28 9:00:00,30,72,166,85,447,-55555,-55555
2018-09-28 8:00:00,28,84,180,112,456,-55555,-55555
2018-09-28 7:00:00,26,92,187,126,475,-55555,-55555
2018-09-28 6:00:00,24,97,179,109,510,-55555,-55555
2018-09-28 5:00:00,23,98,172,97,524,-55555,-55555
2018-09-28 4:00:00,24,98,167,87,525,-55555,-55555
2018-09-28 3:00:00,24,98,154,62,544,-55555,-55555
2018-09-28 2:00:00,24,99,158,70,527,-55555,-55555
2018-09-28 1:00:00,24,98,154,62,516,-55555,-55555
2018-09-28 0:00:00,25,97,154,62,533,-55555,-55555
2018-09-27 23:00:00,25,96,157,68,527,-55555,-55555
2018-09-27 22:00:00,25,94,157,67,494,-55555,-55555
2018-09-27 21:00:00,26,92,151,56,486,-55555,-55555
2018-09-27 20:00:00,26,92,155,63,469,-55555,-55555
2018-09-27 19:00:00,27,88,149,55,456,-55555,-55555
2018-09-27 18:00:00,28,84,149,55,441,-55555,-55555
2018-09-27 17:00:00,30,78,122,44,426,-55555,-55555
2018-09-27 16:00:00,31,73,117,42,420,-55555,-55555
2018-09-27 15:00:00,31,70,127,46,426,-55555,-55555
2018-09-27 14:00:00,33,62,137,50,435,-55555,-55555
2018-09-27 13:00:00,33,62,139,51,439,-55555,-55555
2018-09-27 12:00:00,33,62,144,53,441,-55555,-55555
2018-09-27 11:00:00,32,66,154,61,443,-55555,-55555
2018-09-27 10:00:00,32,68,162,76,444,-55555,-55555
2018-09-08 6:00:00,24,99,63,18,474,-55555,-55555
2018-09-08 5:00:00,24,97,50,12,458,-55555,-55555
2018-09-08 4:00:00,24,97,25,6,462,-55555,-55555
2018-09-08 3:00:00,24,98,21,5,455,-55555,-55555
2018-09-08 2:00:00,24,98,17,4,447,-55555,-55555
2018-09-08 1:00:00,24,98,17,4,446,-55555,-55555
2018-09-08 0:00:00,24,96,17,4,444,-55555,-55555
2018-09-07 23:00:00,24,98,12,3,437,-55555,-55555
2018-08-29 2:00:00,28,97,151,56,485,-55555,-55555
2018-08-29 1:00:00,28,95,139,51,489,-55555,-55555
2018-08-29 0:00:00,28,92,146,54,469,-55555,-55555
2018-08-28 23:00:00,28,92,149,55,483,-55555,-55555
2018-08-28 22:00:00,28,92,146,54,482,-55555,-55555
2018-08-28 21:00:00,29,89,157,67,480,-55555,-55555
2018-08-28 20:00:00,29,86,157,68,458,-55555,-55555
2018-08-28 19:00:00,30,81,167,87,441,-55555,-55555
2018-08-28 18:00:00,32,75,162,76,429,-55555,-55555
2018-08-28 17:00:00,33,68,156,65,412,-55555,-55555
2018-08-28 16:00:00,31,69,156,65,416,-55555,-55555
2018-08-28 15:00:00,29,68,84,28,423,-55555,-55555
2018-08-28 14:00:00,34,68,127,46,414,-55555,-55555
2018-08-28 13:00:00,34,66,141,52,416,-55555,-55555
2018-08-28 12:00:00,35,68,132,48,420,-55555,-55555
2018-08-28 11:00:00,35,66,151,56,427,-55555,-55555
2018-08-28 10:00:00,34,70,139,51,424,-55555,-55555
2018-08-28 9:00:00,34,72,134,49,428,-55555,-55555
2018-08-28 8:00:00,32,80,127,46,433,-55555,-55555
2018-08-28 7:00:00,29,94,153,60,479,-55555,-55555
2018-08-28 6:00:00,27,100,153,59,538,-55555,-55555
2018-08-28 5:00:00,27,99,149,55,564,-55555,-55555
2018-08-28 4:00:00,27,98,146,54,525,-55555,-55555
2018-08-28 3:00:00,27,98,139,51,524,-55555,-55555
2018-08-28 2:00:00,28,96,137,50,504,-55555,-55555
2018-08-28 1:00:00,28,95,134,49,486,-55555,-55555
2018-08-28 0:00:00,28,94,137,50,470,-55555,-55555
2018-08-27 23:00:00,28,93,146,54,462,-55555,-55555
2018-08-27 22:00:00,29,94,149,55,478,-55555,-55555
2018-08-27 21:00:00,29,93,152,58,471,-55555,-55555
2018-08-27 20:00:00,30,91,156,65,458,-55555,-55555
2018-08-27 19:00:00,30,87,154,61,445,-55555,-55555
2018-08-27 18:00:00,32,80,151,56,421,-55555,-55555
2018-08-27 17:00:00,32,74,149,55,417,-55555,-55555
2018-08-27 16:00:00,34,65,137,50,424,-55555,-55555
2018-08-27 15:00:00,35,61,154,61,429,-55555,-55555
2018-08-27 14:00:00,35,62,159,71,432,-55555,-55555
2018-08-27 13:00:00,35,64,159,71,434,-55555,-55555
2018-08-27 12:00:00,34,63,117,42,430,-55555,-55555
2018-08-27 11:00:00,35,62,117,42,438,-55555,-55555
2018-08-27 10:00:00,34,66,112,40,436,-55555,-55555
2018-08-27 9:00:00,32,76,127,46,437,-55555,-55555
2018-08-27 8:00:00,30,82,149,55,458,-55555,-55555
2018-08-27 7:00:00,28,93,156,65,476,-55555,-55555
2018-08-27 6:00:00,27,100,139,51,524,-55555,-55555
2018-08-27 5:00:00,26,100,93,32,523,-55555,-55555
2018-08-27 4:00:00,26,99,86,29,492,-55555,-55555
2018-08-27 3:00:00,26,97,91,31,475,-55555,-55555
2018-08-27 2:00:00,26,98,80,26,497,-55555,-55555
2018-08-27 1:00:00,26,96,74,23,492,-55555,-55555
2018-08-27 0:00:00,26,94,70,21,476,-55555,-55555
2018-08-26 23:00:00,26,94,72,22,470,-55555,-55555
2018-08-26 22:00:00,26,92,68,20,452,-55555,-55555
2018-08-26 21:00:00,27,93,86,29,426,-55555,-55555
2018-08-26 20:00:00,28,100,107,38,435,-55555,-55555
2018-08-26 19:00:00,28,93,117,42,417,-55555,-55555
2018-08-26 18:00:00,30,86,117,42,412,-55555,-55555
2018-08-26 17:00:00,31,81,117,42,414,-55555,-55555
2018-08-26 16:00:00,32,78,122,44,416,-55555,-55555
2018-08-26 15:00:00,33,68,112,40,435,-55555,-55555
2018-08-26 14:00:00,34,64,129,47,439,-55555,-55555
2018-08-26 13:00:00,34,64,129,47,444,-55555,-55555
2018-08-26 12:00:00,34,69,127,46,449,-55555,-55555
2018-08-26 11:00:00,33,71,107,38,436,-55555,-55555
2018-08-26 10:00:00,32,74,93,32,436,-55555,-55555
2018-08-26 9:00:00,30,80,97,34,428,-55555,-55555
2018-08-26 8:00:00,29,84,91,31,424,-55555,-55555
2018-08-26 7:00:00,26,90,63,18,418,-55555,-55555
2018-08-26 6:00:00,26,90,70,21,444,-55555,-55555
2018-08-26 5:00:00,27,92,84,28,477,-55555,-55555
2018-08-26 4:00:00,27,95,99,35,483,-55555,-55555
2018-08-26 3:00:00,27,96,112,40,490,-55555,-55555
2018-08-26 2:00:00,27,95,102,36,491,-55555,-55555
2018-08-26 1:00:00,28,93,117,42,498,-55555,-55555
2018-08-26 0:00:00,28,90,112,40,474,-55555,-55555
2018-08-25 23:00:00,28,89,107,38,456,-55555,-55555
2018-08-25 22:00:00,28,89,95,33,449,-55555,-55555
2018-08-25 21:00:00,29,88,117,42,439,-55555,-55555
2018-08-25 20:00:00,29,86,129,47,440,-55555,-55555
2018-08-25 19:00:00,30,82,122,44,430,-55555,-55555
2018-08-25 18:00:00,31,78,112,40,426,-55555,-55555
2018-08-25 17:00:00,33,74,107,38,421,-55555,-55555
2018-08-25 16:00:00,34,68,102,36,426,-55555,-55555
2018-08-25 15:00:00,34,65,114,41,430,-55555,-55555
2018-08-25 14:00:00,34,64,110,39,434,-55555,-55555
2018-08-25 13:00:00,34,67,107,38,434,-55555,-55555
2018-08-25 12:00:00,33,69,114,41,435,-55555,-55555
2018-08-25 11:00:00,32,73,107,38,434,-55555,-55555
2018-08-25 10:00:00,31,75,110,39,431,-55555,-55555
2018-08-25 9:00:00,30,76,110,39,431,-55555,-55555
2018-08-25 8:00:00,29,81,110,39,444,-55555,-55555
2018-08-25 7:00:00,28,91,124,45,467,-55555,-55555
2018-08-25 6:00:00,27,94,76,24,479,-55555,-55555
2018-08-25 5:00:00,27,93,80,26,488,-55555,-55555
2018-08-25 4:00:00,27,95,80,26,490,-55555,-55555
2018-08-25 3:00:00,27,98,80,26,482,-55555,-55555
2018-08-25 2:00:00,28,99,86,29,491,-55555,-55555
2018-08-25 1:00:00,28,98,93,32,503,-55555,-55555
2018-08-25 0:00:00,28,97,97,34,510,-55555,-55555
2018-08-24 23:00:00,28,95,119,43,480,-55555,-55555
2018-08-24 22:00:00,29,93,129,47,471,-55555,-55555
2018-08-24 21:00:00,29,92,122,44,463,-55555,-55555
2018-08-24 20:00:00,29,87,102,36,443,-55555,-55555
2018-08-24 19:00:00,30,81,84,28,432,-55555,-55555
2018-08-24 18:00:00,32,74,76,24,429,-55555,-55555
2018-08-24 17:00:00,33,70,76,24,430,-55555,-55555
2018-08-24 16:00:00,34,68,84,28,428,-55555,-55555
2018-08-24 15:00:00,34,66,122,44,436,-55555,-55555
2018-08-24 14:00:00,34,70,112,40,438,-55555,-55555
2018-08-24 13:00:00,34,69,117,42,447,-55555,-55555
2018-08-24 12:00:00,34,70,127,46,456,-55555,-55555
2018-08-24 11:00:00,34,71,122,44,458,-55555,-55555
2018-08-24 10:00:00,32,75,119,43,460,-55555,-55555
2018-08-24 9:00:00,31,80,132,48,463,-55555,-55555
2018-08-24 8:00:00,30,86,122,44,465,-55555,-55555
2018-08-24 7:00:00,29,93,117,42,483,-55555,-55555
2018-08-24 6:00:00,27,98,84,28,495,-55555,-55555
2018-08-24 5:00:00,27,100,84,28,510,-55555,-55555
2018-08-24 4:00:00,28,100,97,34,514,-55555,-55555
2018-08-24 3:00:00,28,100,112,40,505,-55555,-55555
2018-08-24 2:00:00,28,100,132,48,485,-55555,-55555
2018-08-24 1:00:00,28,100,153,59,472,-55555,-55555
2018-08-24 0:00:00,28,100,152,58,465,-55555,-55555
2018-08-23 23:00:00,28,100,152,58,455,-55555,-55555
2018-08-23 22:00:00,29,100,137,50,442,-55555,-55555
2018-08-23 21:00:00,29,100,129,47,437,-55555,-55555
2018-08-23 20:00:00,29,100,152,58,437,-55555,-55555
2018-08-23 19:00:00,30,98,144,53,433,-55555,-55555
2018-08-23 18:00:00,30,93,122,44,431,-55555,-55555
2018-08-23 17:00:00,31,88,122,44,429,-55555,-55555
2018-08-23 16:00:00,32,84,129,47,430,-55555,-55555
2018-08-23 15:00:00,33,80,124,45,438,-55555,-55555
2018-08-23 14:00:00,33,78,114,41,440,-55555,-55555
2018-08-23 13:00:00,33,81,117,42,446,-55555,-55555
2018-08-23 12:00:00,33,80,122,44,451,-55555,-55555
2018-08-23 11:00:00,32,82,132,48,455,-55555,-55555
2018-08-23 10:00:00,32,85,124,45,458,-55555,-55555
2018-08-23 9:00:00,31,88,134,49,461,-55555,-55555
2018-08-23 8:00:00,29,96,149,55,464,-55555,-55555
2018-08-23 7:00:00,27,100,154,62,471,-55555,-55555
2018-08-23 6:00:00,26,100,151,56,487,-55555,-55555
2018-08-23 5:00:00,26,100,144,53,484,-55555,-55555
2018-08-23 4:00:00,26,100,124,45,482,-55555,-55555
2018-08-23 3:00:00,27,100,122,44,483,-55555,-55555
2018-08-23 2:00:00,27,100,112,40,484,-55555,-55555
2018-08-23 1:00:00,27,100,114,41,465,-55555,-55555
2018-08-23 0:00:00,27,98,102,36,460,-55555,-55555
2018-08-22 23:00:00,27,99,114,41,468,-55555,-55555
2018-08-22 22:00:00,27,97,122,44,490,-55555,-55555
2018-08-22 21:00:00,27,96,119,43,482,-55555,-55555
2018-08-22 19:00:00,27,96,107,38,460,-55555,-55555
2018-08-22 18:00:00,27,96,105,37,464,-55555,-55555
2018-08-22 17:00:00,27,97,146,54,454,-55555,-55555
2018-08-22 16:00:00,26,97,93,32,437,-55555,-55555
2018-08-22 15:00:00,25,98,70,21,428,-55555,-55555
2018-08-22 14:00:00,31,82,122,44,428,-55555,-55555
2018-08-22 13:00:00,34,75,144,53,416,-55555,-55555
2018-08-22 12:00:00,35,73,129,47,419,-55555,-55555
2018-08-22 11:00:00,33,77,99,35,416,-55555,-55555
2018-08-22 10:00:00,31,80,78,25,427,-55555,-55555
2018-08-22 9:00:00,30,84,76,24,432,-55555,-55555
2018-08-22 8:00:00,28,93,76,24,435,-55555,-55555
2018-08-22 7:00:00,26,96,72,22,439,-55555,-55555
2018-08-22 6:00:00,26,96,61,17,432,-55555,-55555
2018-08-22 5:00:00,26,96,82,27,437,-55555,-55555
2018-08-22 4:00:00,27,100,155,63,546,-55555,-55555
2018-08-22 3:00:00,28,100,149,55,559,-55555,-55555
2018-08-22 2:00:00,28,100,144,53,534,-55555,-55555
2018-08-22 1:00:00,27,100,144,53,520,-55555,-55555
2018-08-22 0:00:00,27,98,141,52,506,-55555,-55555
2018-08-21 23:00:00,27,96,144,53,498,-55555,-55555
2018-08-21 22:00:00,27,96,119,43,488,-55555,-55555
2018-08-21 21:00:00,27,96,119,43,477,-55555,-55555
2018-08-21 20:00:00,27,95,105,37,473,-55555,-55555
2018-08-21 19:00:00,27,96,110,39,465,-55555,-55555
2018-08-21 18:00:00,27,95,91,31,446,-55555,-55555
2018-08-21 17:00:00,27,92,72,22,434,-55555,-55555
2018-08-21 16:00:00,27,88,72,22,429,-55555,-55555
2018-08-21 15:00:00,31,76,76,24,440,-55555,-55555
2018-08-21 14:00:00,34,74,157,67,427,-55555,-55555
2018-08-21 13:00:00,34,73,158,69,428,-55555,-55555
2018-08-21 12:00:00,34,75,163,78,433,-55555,-55555
2018-08-21 11:00:00,34,78,167,87,440,-55555,-55555
2018-08-21 10:00:00,32,84,166,84,440,-55555,-55555
2018-08-21 9:00:00,29,92,153,60,438,-55555,-55555
2018-08-21 8:00:00,26,95,86,29,436,-55555,-55555
2018-08-21 7:00:00,28,98,171,94,451,-55555,-55555
2018-08-21 6:00:00,28,99,166,85,452,-55555,-55555
2018-08-21 5:00:00,28,99,162,77,439,-55555,-55555
2018-08-21 4:00:00,28,100,161,75,434,-55555,-55555
2018-08-21 3:00:00,28,100,163,78,432,-55555,-55555
2018-08-21 2:00:00,28,99,164,81,428,-55555,-55555
2018-08-21 1:00:00,29,98,164,80,425,-55555,-55555
2018-08-21 0:00:00,29,95,160,73,422,-55555,-55555
2018-08-20 23:00:00,29,92,154,62,434,-55555,-55555
2018-08-20 22:00:00,30,87,119,43,450,-55555,-55555
2018-08-20 21:00:00,31,85,99,35,444,-55555,-55555
2018-08-20 20:00:00,31,83,127,46,440,-55555,-55555
2018-08-20 19:00:00,32,76,141,52,450,-55555,-55555
2018-08-20 18:00:00,33,72,139,51,433,-55555,-55555
2018-08-20 17:00:00,34,68,122,44,428,-55555,-55555
2018-08-20 16:00:00,34,67,102,36,427,-55555,-55555
2018-08-20 15:00:00,36,64,114,41,429,-55555,-55555
2018-08-20 14:00:00,36,62,107,38,432,-55555,-55555
2018-08-20 13:00:00,37,60,132,48,436,-55555,-55555
2018-08-20 12:00:00,37,60,114,41,443,-55555,-55555
2018-08-20 10:00:00,35,66,88,30,448,-55555,-55555
2018-08-20 9:00:00,34,70,119,43,461,-55555,-55555
2018-08-20 8:00:00,33,78,124,45,461,-55555,-55555
2018-08-20 7:00:00,30,92,184,120,505,-55555,-55555
2018-08-20 6:00:00,28,98,170,92,545,-55555,-55555
2018-08-20 5:00:00,28,98,165,82,555,-55555,-55555
2018-08-20 4:00:00,28,97,164,80,548,-55555,-55555
2018-08-20 3:00:00,29,97,160,72,529,-55555,-55555
2018-08-20 2:00:00,29,97,161,75,516,-55555,-55555
2018-08-20 1:00:00,29,97,157,67,492,-55555,-55555
2018-08-20 0:00:00,29,95,139,51,481,-55555,-55555
2018-08-19 23:00:00,30,93,139,51,483,-55555,-55555
2018-08-19 22:00:00,30,92,151,56,466,-55555,-55555
2018-08-19 21:00:00,30,90,134,49,458,-55555,-55555
2018-08-19 20:00:00,31,86,119,43,448,-55555,-55555
2018-08-19 19:00:00,32,84,122,44,442,-55555,-55555
2018-08-19 18:00:00,32,80,107,38,427,-55555,-55555
2018-08-19 17:00:00,33,77,110,39,424,-55555,-55555
2018-08-19 16:00:00,33,77,112,40,421,-55555,-55555
2018-08-19 15:00:00,33,75,114,41,428,-55555,-55555
2018-08-19 14:00:00,35,68,137,50,439,-55555,-55555
2018-08-19 13:00:00,35,66,122,44,441,-55555,-55555
2018-08-19 12:00:00,35,67,102,36,444,-55555,-55555
2018-08-19 11:00:00,35,70,95,33,448,-55555,-55555
2018-08-19 10:00:00,34,71,84,28,453,-55555,-55555
2018-08-19 9:00:00,32,77,117,42,460,-55555,-55555
2018-08-19 8:00:00,30,85,151,56,469,-55555,-55555
2018-08-19 7:00:00,28,93,158,70,489,-55555,-55555
2018-08-19 6:00:00,26,96,155,63,510,-55555,-55555
2018-08-19 5:00:00,26,96,95,33,516,-55555,-55555
2018-08-19 4:00:00,26,95,95,33,519,-55555,-55555
2018-08-19 3:00:00,27,94,99,35,508,-55555,-55555
2018-08-19 2:00:00,27,93,93,32,498,-55555,-55555
2018-08-19 1:00:00,27,92,91,31,495,-55555,-55555
2018-08-19 0:00:00,27,92,97,34,474,-55555,-55555
2018-08-18 23:00:00,27,90,112,40,464,-55555,-55555
2018-08-18 22:00:00,27,90,93,32,469,-55555,-55555
2018-08-18 21:00:00,28,87,102,36,458,-55555,-55555
2018-08-18 20:00:00,28,87,112,40,453,-55555,-55555
2018-08-18 19:00:00,28,90,91,31,444,-55555,-55555
2018-08-18 18:00:00,28,89,84,28,441,-55555,-55555
2018-08-18 17:00:00,29,89,162,76,438,-55555,-55555
2018-08-18 16:00:00,31,81,114,41,437,-55555,-55555
2018-08-18 15:00:00,33,72,105,37,431,-55555,-55555
2018-08-18 14:00:00,34,69,105,37,431,-55555,-55555
2018-08-18 13:00:00,35,68,86,29,433,-55555,-55555
2018-08-18 12:00:00,35,68,80,26,440,-55555,-55555
2018-08-18 11:00:00,35,70,93,32,444,-55555,-55555
2018-08-18 10:00:00,34,74,124,45,452,-55555,-55555
2018-08-18 9:00:00,33,76,127,46,455,-55555,-55555
2018-08-18 8:00:00,31,83,132,48,457,-55555,-55555
2018-08-18 7:00:00,28,93,155,64,472,-55555,-55555
2018-08-18 6:00:00,27,98,160,72,462,-55555,-55555
2018-08-18 5:00:00,27,99,160,72,464,-55555,-55555
2018-08-18 4:00:00,27,98,155,64,466,-55555,-55555
2018-08-18 3:00:00,27,97,114,41,454,-55555,-55555
2018-08-18 2:00:00,27,94,86,29,442,-55555,-55555
2018-08-18 1:00:00,27,93,80,26,441,-55555,-55555
2018-08-18 0:00:00,28,92,74,23,431,-55555,-55555
2018-08-17 23:00:00,28,91,76,24,423,-55555,-55555
2018-08-17 22:00:00,28,90,76,24,416,-55555,-55555
2018-08-17 21:00:00,28,90,112,40,415,-55555,-55555
2018-08-17 20:00:00,29,91,99,35,396,-55555,-55555
2018-08-17 19:00:00,31,86,137,50,397,-55555,-55555
2018-08-17 18:00:00,32,80,127,46,392,-55555,-55555
2018-08-17 17:00:00,32,76,139,51,396,-55555,-55555
2018-08-17 16:00:00,34,68,122,44,401,-55555,-55555
2018-08-17 15:00:00,36,63,151,56,405,-55555,-55555
2018-08-17 14:00:00,37,59,134,49,413,-55555,-55555
2018-08-17 13:00:00,36,60,97,34,415,-55555,-55555
2018-08-17 12:00:00,36,60,107,38,420,-55555,-55555
2018-08-17 11:00:00,36,62,114,41,418,-55555,-55555
2018-08-17 10:00:00,35,68,122,44,416,-55555,-55555
2018-08-17 9:00:00,33,76,153,59,420,-55555,-55555
2018-08-17 8:00:00,32,83,161,75,437,-55555,-55555
2018-08-17 7:00:00,30,93,168,89,464,-55555,-55555
2018-08-17 6:00:00,28,99,170,92,510,-55555,-55555
2018-08-17 5:00:00,28,100,169,90,536,-55555,-55555
2018-08-17 4:00:00,28,100,168,88,525,-55555,-55555
2018-08-17 3:00:00,28,100,167,87,528,-55555,-55555
2018-08-17 2:00:00,28,98,165,82,514,-55555,-55555
2018-08-17 1:00:00,28,98,164,80,505,-55555,-55555
2018-08-17 0:00:00,28,96,164,81,487,-55555,-55555
2018-08-16 23:00:00,28,94,164,80,468,-55555,-55555
2018-08-16 22:00:00,28,92,165,83,454,-55555,-55555
2018-08-16 21:00:00,29,92,161,74,445,-55555,-55555
2018-08-16 20:00:00,29,87,161,74,431,-55555,-55555
2018-08-16 19:00:00,30,83,156,65,425,-55555,-55555
2018-08-16 18:00:00,31,79,162,77,414,-55555,-55555
2018-08-16 17:00:00,33,72,157,68,409,-55555,-55555
2018-08-16 16:00:00,34,69,154,61,410,-55555,-55555
2018-08-16 15:00:00,34,69,151,56,412,-55555,-55555
2018-08-16 14:00:00,34,70,154,62,415,-55555,-55555
2018-08-16 13:00:00,33,71,161,74,415,-55555,-55555
2018-08-16 12:00:00,33,73,171,94,421,-55555,-55555
2018-08-16 11:00:00,33,76,164,81,423,-55555,-55555
2018-08-16 8:00:00,31,84,161,75,433,-55555,-55555
2018-08-16 7:00:00,29,94,156,66,437,-55555,-55555
2018-08-16 6:00:00,27,100,129,47,450,-55555,-55555
2018-08-16 5:00:00,27,100,114,41,461,-55555,-55555
2018-08-16 4:00:00,27,98,102,36,461,-55555,-55555
2018-08-16 3:00:00,27,97,112,40,459,-55555,-55555
2018-08-16 2:00:00,27,98,129,47,478,-55555,-55555
2018-08-16 1:00:00,28,96,134,49,470,-55555,-55555
2018-08-16 0:00:00,28,94,134,49,464,-55555,-55555
2018-08-15 23:00:00,28,91,154,61,465,-55555,-55555
2018-08-15 22:00:00,28,87,160,73,484,-55555,-55555
2018-08-15 21:00:00,28,86,156,66,482,-55555,-55555
2018-08-15 20:00:00,28,84,158,70,478,-55555,-55555
2018-08-15 19:00:00,29,80,137,50,450,-55555,-55555
2018-08-15 18:00:00,29,76,112,40,422,-55555,-55555
2018-08-15 17:00:00,30,74,127,46,420,-55555,-55555
2018-08-15 16:00:00,33,66,97,34,415,-55555,-55555
2018-08-15 15:00:00,34,64,95,33,416,-55555,-55555
2018-08-15 14:00:00,34,60,97,34,422,-55555,-55555
2018-08-15 13:00:00,35,60,93,32,428,-55555,-55555
2018-08-15 12:00:00,34,63,91,31,430,-55555,-55555
2018-08-15 11:00:00,32,73,110,39,426,-55555,-55555
2018-08-15 10:00:00,30,80,97,34,423,-55555,-55555
2018-08-15 9:00:00,29,85,88,30,420,-55555,-55555
2018-08-15 7:00:00,28,92,88,30,434,-55555,-55555
2018-08-15 6:00:00,27,95,76,24,430,-55555,-55555
2018-08-15 5:00:00,26,99,158,70,456,-55555,-55555
2018-08-15 4:00:00,26,99,102,36,465,-55555,-55555
2018-08-15 3:00:00,26,98,93,32,445,-55555,-55555
2018-08-15 2:00:00,27,98,82,27,447,-55555,-55555
2018-08-15 1:00:00,27,96,61,17,444,-55555,-55555
2018-08-15 0:00:00,27,95,59,16,441,-55555,-55555
2018-08-14 23:00:00,27,94,59,16,443,-55555,-55555
2018-08-14 22:00:00,28,93,57,15,432,-55555,-55555
2018-08-14 21:00:00,28,91,59,16,424,-55555,-55555
2018-08-14 20:00:00,28,89,65,19,417,-55555,-55555
2018-08-14 19:00:00,29,85,70,21,418,-55555,-55555
2018-08-14 18:00:00,30,80,70,21,412,-55555,-55555
2018-08-14 17:00:00,31,77,70,21,411,-55555,-55555
2018-08-14 16:00:00,32,75,61,17,412,-55555,-55555
2018-08-14 15:00:00,32,76,57,15,410,-55555,-55555
2018-08-14 14:00:00,32,77,55,14,408,-55555,-55555
2018-08-14 13:00:00,32,75,50,12,411,-55555,-55555
2018-08-14 12:00:00,32,76,37,9,415,-55555,-55555
2018-08-14 11:00:00,31,78,33,8,412,-55555,-55555
2018-08-14 10:00:00,29,83,25,6,412,-55555,-55555
2018-08-14 9:00:00,26,91,25,6,413,-55555,-55555
2018-08-14 8:00:00,25,94,57,15,422,-55555,-55555
2018-08-14 7:00:00,27,97,149,55,453,-55555,-55555
2018-08-14 6:00:00,27,98,141,52,455,-55555,-55555
2018-08-14 5:00:00,27,98,137,50,456,-55555,-55555
2018-08-14 4:00:00,27,98,141,52,445,-55555,-55555
2018-08-14 3:00:00,27,97,141,52,436,-55555,-55555
2018-08-14 2:00:00,27,97,137,50,437,-55555,-55555
2018-08-14 1:00:00,27,97,129,47,435,-55555,-55555
2018-08-14 0:00:00,27,96,124,45,436,-55555,-55555
2018-08-13 23:00:00,27,96,117,42,429,-55555,-55555
2018-08-13 22:00:00,28,94,112,40,428,-55555,-55555
2018-08-13 21:00:00,28,94,107,38,418,-55555,-55555
2018-08-13 20:00:00,29,92,117,42,416,-55555,-55555
2018-08-13 19:00:00,29,88,110,39,414,-55555,-55555
2018-08-13 18:00:00,30,84,95,33,406,-55555,-55555
2018-08-13 17:00:00,31,80,88,30,402,-55555,-55555
2018-08-13 16:00:00,32,77,91,31,402,-55555,-55555
2018-08-13 15:00:00,33,75,88,30,398,-55555,-55555
2018-08-13 14:00:00,33,74,84,28,400,-55555,-55555
2018-08-13 13:00:00,33,72,91,31,408,-55555,-55555
2018-08-13 12:00:00,33,74,97,34,414,-55555,-55555
2018-08-13 11:00:00,33,69,86,29,423,-55555,-55555
2018-08-13 10:00:00,32,73,82,27,426,-55555,-55555
2018-08-13 9:00:00,30,80,80,26,429,-55555,-55555
2018-08-13 8:00:00,29,85,78,25,432,-55555,-55555
2018-08-13 7:00:00,28,88,72,22,438,-55555,-55555
2018-08-13 6:00:00,27,90,63,18,444,-55555,-55555
2018-08-13 5:00:00,27,90,61,17,446,-55555,-55555
2018-08-13 4:00:00,27,90,63,18,446,-55555,-55555
2018-08-13 3:00:00,27,92,80,26,440,-55555,-55555
2018-08-13 2:00:00,27,94,105,37,437,-55555,-55555
2018-08-13 1:00:00,28,96,95,33,434,-55555,-55555
2018-08-13 0:00:00,28,94,97,34,430,-55555,-55555
2018-08-12 23:00:00,28,95,97,34,432,-55555,-55555
2018-08-12 22:00:00,29,95,97,34,429,-55555,-55555
2018-08-12 21:00:00,29,94,97,34,419,-55555,-55555
2018-08-12 20:00:00,29,94,107,38,415,-55555,-55555
2018-08-12 19:00:00,29,94,112,40,415,-55555,-55555
2018-08-12 18:00:00,30,95,117,42,414,-55555,-55555
2018-08-12 17:00:00,30,91,112,40,402,-55555,-55555
2018-08-12 16:00:00,32,83,117,42,401,-55555,-55555
2018-08-12 15:00:00,34,76,129,47,407,-55555,-55555
2018-08-12 14:00:00,34,73,137,50,411,-55555,-55555
2018-08-12 13:00:00,35,71,152,57,419,-55555,-55555
2018-08-12 12:00:00,35,69,153,59,428,-55555,-55555
2018-08-12 11:00:00,35,68,146,54,428,-55555,-55555
2018-08-12 10:00:00,34,68,151,56,430,-55555,-55555
2018-08-12 9:00:00,33,74,152,57,431,-55555,-55555
2018-08-12 8:00:00,30,81,153,60,434,-55555,-55555
2018-08-12 7:00:00,29,88,137,50,454,-55555,-55555
2018-08-12 6:00:00,28,94,107,38,480,-55555,-55555
2018-08-12 5:00:00,27,94,107,38,473,-55555,-55555
2018-08-12 4:00:00,27,98,129,47,479,-55555,-55555
2018-08-12 3:00:00,27,100,129,47,484,-55555,-55555
2018-08-12 2:00:00,27,100,139,51,478,-55555,-55555
2018-08-12 1:00:00,27,99,127,46,459,-55555,-55555
2018-08-12 0:00:00,28,97,124,45,453,-55555,-55555
2018-08-11 23:00:00,28,97,124,45,433,-55555,-55555
2018-08-11 22:00:00,27,97,129,47,425,-55555,-55555
2018-08-11 21:00:00,28,96,124,45,422,-55555,-55555
2018-08-11 20:00:00,28,95,99,35,417,-55555,-55555
2018-08-11 19:00:00,28,92,86,29,405,-55555,-55555
2018-08-11 18:00:00,29,89,110,39,400,-55555,-55555
2018-08-11 17:00:00,29,85,88,30,400,-55555,-55555
2018-08-11 16:00:00,30,84,99,35,398,-55555,-55555
2018-08-11 15:00:00,31,82,122,44,404,-55555,-55555
2018-08-11 14:00:00,34,74,144,53,413,-55555,-55555
2018-08-11 13:00:00,34,70,132,48,416,-55555,-55555
2018-08-11 12:00:00,34,72,151,56,413,-55555,-55555
2018-08-11 11:00:00,33,78,146,54,412,-55555,-55555
2018-08-11 10:00:00,36,70,114,41,422,-55555,-55555
2018-08-11 9:00:00,34,78,127,46,422,-55555,-55555
2018-08-11 8:00:00,32,86,157,68,432,-55555,-55555
2018-08-11 7:00:00,30,93,171,94,452,-55555,-55555
2018-08-11 6:00:00,28,100,188,128,488,-55555,-55555
2018-08-11 5:00:00,27,100,182,116,510,-55555,-55555
2018-08-11 4:00:00,28,100,167,86,506,-55555,-55555
2018-08-11 3:00:00,28,100,162,77,491,-55555,-55555
2018-08-11 2:00:00,28,100,163,78,466,-55555,-55555
2018-08-11 1:00:00,28,100,160,72,452,-55555,-55555
2018-08-11 0:00:00,28,99,159,71,451,-55555,-55555
2018-08-10 23:00:00,28,99,159,71,463,-55555,-55555
2018-08-10 22:00:00,29,97,155,64,446,-55555,-55555
2018-08-10 21:00:00,29,95,154,62,444,-55555,-55555
2018-08-10 20:00:00,29,93,158,69,466,-55555,-55555
2018-08-10 19:00:00,31,87,134,49,435,-55555,-55555
2018-08-10 18:00:00,32,81,117,42,406,-55555,-55555
2018-08-10 17:00:00,32,78,107,38,400,-55555,-55555
2018-08-10 16:00:00,32,80,102,36,394,-55555,-55555
2018-08-10 15:00:00,31,86,110,39,399,-55555,-55555
2018-08-10 14:00:00,29,90,93,32,398,-55555,-55555
2018-08-10 13:00:00,29,89,127,46,402,-55555,-55555
2018-08-10 12:00:00,32,79,129,47,406,-55555,-55555
2018-08-10 11:00:00,34,69,107,38,411,-55555,-55555
2018-08-10 10:00:00,34,68,110,39,416,-55555,-55555
2018-08-10 9:00:00,33,71,110,39,422,-55555,-55555
2018-08-10 8:00:00,32,79,122,44,430,-55555,-55555
2018-08-10 7:00:00,29,89,129,47,435,-55555,-55555
2018-08-10 6:00:00,27,99,124,45,474,-55555,-55555
2018-08-10 5:00:00,26,98,105,37,488,-55555,-55555
2018-08-10 4:00:00,26,98,99,35,480,-55555,-55555
2018-08-10 3:00:00,26,97,97,34,480,-55555,-55555
2018-08-10 2:00:00,26,94,91,31,460,-55555,-55555
2018-08-10 1:00:00,27,94,93,32,450,-55555,-55555
2018-08-10 0:00:00,27,93,93,32,424,-55555,-55555
2018-08-09 23:00:00,27,94,124,45,430,-55555,-55555
2018-08-09 22:00:00,28,93,112,40,428,-55555,-55555
2018-08-09 21:00:00,28,92,122,44,427,-55555,-55555
2018-08-09 19:00:00,30,82,132,48,413,-55555,-55555
2018-08-09 18:00:00,31,76,124,45,409,-55555,-55555
2018-08-09 17:00:00,32,73,102,36,408,-55555,-55555
2018-08-09 15:00:00,33,73,132,48,410,-55555,-55555
2018-08-09 14:00:00,34,72,112,40,415,-55555,-55555
2018-08-09 13:00:00,33,74,84,28,416,-55555,-55555
2018-08-09 12:00:00,32,78,127,46,414,-55555,-55555
2018-08-09 11:00:00,30,85,84,28,412,-55555,-55555
2018-08-09 10:00:00,29,87,97,34,416,-55555,-55555
2018-08-09 9:00:00,29,89,84,28,422,-55555,-55555
2018-08-09 8:00:00,28,92,80,26,426,-55555,-55555
2018-08-09 7:00:00,27,94,76,24,434,-55555,-55555
2018-08-09 1:00:00,27,99,124,45,427,-55555,-55555
2018-08-09 0:00:00,27,98,110,39,428,-55555,-55555
2018-08-08 23:00:00,27,98,117,42,425,-55555,-55555
2018-08-08 22:00:00,27,98,122,44,422,-55555,-55555
2018-08-08 21:00:00,27,96,112,40,416,-55555,-55555
2018-08-08 20:00:00,27,94,93,32,411,-55555,-55555
2018-08-08 19:00:00,28,92,76,24,408,-55555,-55555
2018-08-08 17:00:00,29,84,33,8,396,-55555,-55555
2018-08-08 16:00:00,29,85,33,8,396,-55555,-55555
2018-08-08 15:00:00,28,89,57,15,399,-55555,-55555
2018-08-08 14:00:00,28,90,45,11,405,-55555,-55555
2018-08-08 13:00:00,29,81,68,20,416,-55555,-55555
2018-08-08 12:00:00,33,66,63,18,415,-55555,-55555
2018-08-08 11:00:00,33,67,76,24,418,-55555,-55555
2018-08-08 9:00:00,32,73,152,57,424,-55555,-55555
2018-08-08 8:00:00,30,78,102,36,435,-55555,-55555
2018-08-08 7:00:00,28,87,107,38,436,-55555,-55555
2018-08-08 6:00:00,25,96,117,42,445,-55555,-55555
2018-08-08 5:00:00,25,98,155,63,455,-55555,-55555
2018-08-08 4:00:00,25,98,152,58,448,-55555,-55555
2018-08-08 3:00:00,25,98,134,49,442,-55555,-55555
2018-08-08 2:00:00,25,97,107,38,427,-55555,-55555
2018-08-08 1:00:00,25,96,105,37,424,-55555,-55555
2018-08-08 0:00:00,25,96,105,37,423,-55555,-55555
2018-08-07 23:00:00,25,97,112,40,417,-55555,-55555
2018-08-07 22:00:00,25,98,117,42,414,-55555,-55555
2018-08-07 21:00:00,25,98,127,46,413,-55555,-55555
2018-08-07 20:00:00,25,96,112,40,415,-55555,-55555
2018-08-07 19:00:00,26,93,88,30,412,-55555,-55555
2018-08-07 18:00:00,26,91,86,29,410,-55555,-55555
2018-08-07 17:00:00,26,90,82,27,408,-55555,-55555
2018-08-07 16:00:00,27,90,76,24,410,-55555,-55555
2018-08-07 15:00:00,28,87,78,25,408,-55555,-55555
2018-08-07 14:00:00,28,86,84,28,410,-55555,-55555
2018-08-07 13:00:00,27,89,93,32,409,-55555,-55555
2018-08-07 12:00:00,27,88,99,35,413,-55555,-55555
2018-08-07 11:00:00,27,88,117,42,414,-55555,-55555
2018-08-07 10:00:00,27,90,127,46,421,-55555,-55555
2018-08-07 9:00:00,27,90,112,40,418,-55555,-55555
2018-08-07 8:00:00,26,92,127,46,422,-55555,-55555
2018-08-07 7:00:00,25,96,122,44,423,-55555,-55555
2018-08-07 6:00:00,25,96,105,37,426,-55555,-55555
2018-08-07 5:00:00,25,94,107,38,426,-55555,-55555
2018-08-07 4:00:00,26,95,117,42,429,-55555,-55555
2018-08-07 3:00:00,26,95,137,50,430,-55555,-55555
2018-08-07 2:00:00,26,96,153,59,428,-55555,-55555
2018-08-07 1:00:00,26,95,156,65,428,-55555,-55555
2018-08-07 0:00:00,27,95,153,60,425,-55555,-55555
2018-08-06 23:00:00,27,97,156,66,422,-55555,-55555
2018-08-06 22:00:00,27,97,158,69,420,-55555,-55555
2018-08-06 21:00:00,28,95,157,67,417,-55555,-55555
2018-08-06 20:00:00,28,94,156,65,417,-55555,-55555
2018-08-06 19:00:00,28,93,154,61,416,-55555,-55555
2018-08-06 18:00:00,29,91,156,66,414,-55555,-55555
2018-08-06 17:00:00,30,88,153,59,410,-55555,-55555
2018-08-06 16:00:00,30,82,152,58,412,-55555,-55555
2018-08-06 15:00:00,31,84,149,55,408,-55555,-55555
2018-08-06 0:00:00,29,95,160,72,422,-55555,-55555
2018-08-05 23:00:00,29,94,160,72,419,-55555,-55555
2018-08-05 22:00:00,30,91,165,83,417,-55555,-55555
2018-08-05 21:00:00,31,88,169,91,414,-55555,-55555
2018-08-05 20:00:00,31,82,162,77,408,-55555,-55555
2018-08-05 19:00:00,32,79,163,79,404,-55555,-55555
2018-08-05 18:00:00,33,74,162,76,400,-55555,-55555
2018-08-05 17:00:00,34,70,166,85,400,-55555,-55555
2018-08-05 16:00:00,35,66,163,78,402,-55555,-55555
2018-08-05 15:00:00,36,63,165,82,406,-55555,-55555
2018-08-05 14:00:00,37,60,168,89,412,-55555,-55555
2018-08-05 13:00:00,36,60,169,90,418,-55555,-55555
2018-08-05 12:00:00,35,65,169,91,419,-55555,-55555
2018-08-05 11:00:00,35,65,175,102,426,-55555,-55555
2018-08-05 10:00:00,33,68,177,105,428,-55555,-55555
2018-08-05 9:00:00,32,73,172,96,432,-55555,-55555
2018-08-05 8:00:00,30,79,169,91,432,-55555,-55555
2018-08-05 7:00:00,30,85,163,79,439,-55555,-55555
2018-08-05 6:00:00,28,91,163,78,452,-55555,-55555
2018-08-05 5:00:00,29,90,162,76,457,-55555,-55555
2018-08-05 4:00:00,29,90,169,91,462,-55555,-55555
2018-08-05 3:00:00,29,91,166,84,458,-55555,-55555
2018-08-05 2:00:00,29,91,163,78,467,-55555,-55555
2018-08-05 1:00:00,29,90,162,76,469,-55555,-55555
2018-08-05 0:00:00,29,89,165,83,474,-55555,-55555
2018-08-04 23:00:00,30,86,170,92,444,-55555,-55555
2018-08-04 22:00:00,30,85,180,112,441,-55555,-55555
2018-08-04 21:00:00,31,82,178,108,429,-55555,-55555
2018-08-04 20:00:00,31,79,175,102,418,-55555,-55555
2018-08-04 19:00:00,32,77,179,110,414,-55555,-55555
2018-08-04 18:00:00,33,74,180,111,407,-55555,-55555
2018-08-04 17:00:00,34,70,191,134,402,-55555,-55555
2018-08-04 16:00:00,35,68,176,104,405,-55555,-55555
2018-08-04 15:00:00,36,65,177,105,434,-55555,-55555
2018-08-04 14:00:00,36,62,179,110,430,-55555,-55555
2018-08-04 13:00:00,36,60,184,119,440,-55555,-55555
2018-08-04 12:00:00,36,62,188,127,447,-55555,-55555
2018-08-04 11:00:00,35,62,196,142,458,-55555,-55555
2018-08-04 10:00:00,34,68,186,123,459,-55555,-55555
2018-08-04 9:00:00,33,71,183,118,456,-55555,-55555
2018-08-04 8:00:00,32,78,173,98,450,-55555,-55555
2018-08-04 7:00:00,30,88,163,79,440,-55555,-55555
2018-08-04 6:00:00,28,94,162,76,464,-55555,-55555
2018-08-04 5:00:00,28,94,160,73,501,-55555,-55555
2018-08-04 4:00:00,28,94,157,68,505,-55555,-55555
2018-08-04 3:00:00,28,93,164,80,537,-55555,-55555
2018-08-04 2:00:00,28,90,157,68,525,-55555,-55555
2018-08-04 1:00:00,28,88,157,68,522,-55555,-55555
2018-08-04 0:00:00,29,86,158,70,511,-55555,-55555
2018-08-03 23:00:00,29,85,162,76,476,-55555,-55555
2018-08-03 22:00:00,29,84,165,83,448,-55555,-55555
2018-08-03 21:00:00,30,83,168,88,436,-55555,-55555
2018-08-03 20:00:00,30,81,170,93,430,-55555,-55555
2018-08-03 19:00:00,31,77,176,103,429,-55555,-55555
2018-08-03 18:00:00,32,71,184,119,424,-55555,-55555
2018-08-03 17:00:00,33,66,193,137,422,-55555,-55555
2018-08-03 16:00:00,34,65,167,86,422,-55555,-55555
2018-08-03 15:00:00,35,60,171,95,426,-55555,-55555
2018-08-03 14:00:00,36,57,170,92,430,-55555,-55555
2018-08-03 13:00:00,37,56,165,82,437,-55555,-55555
2018-08-03 12:00:00,36,58,162,76,441,-55555,-55555
2018-08-03 11:00:00,35,61,168,88,443,-55555,-55555
2018-08-03 10:00:00,35,61,170,93,439,-55555,-55555
2018-08-03 1:00:00,29,89,164,80,496,-55555,-55555
2018-08-03 0:00:00,29,90,169,91,467,-55555,-55555
2018-08-02 23:00:00,30,88,166,85,475,-55555,-55555
2018-08-02 22:00:00,30,88,169,91,450,-55555,-55555
2018-08-02 21:00:00,30,86,167,86,440,-55555,-55555
2018-08-02 20:00:00,30,84,174,100,432,-55555,-55555
2018-08-02 19:00:00,31,82,174,100,424,-55555,-55555
2018-08-02 18:00:00,33,74,167,86,428,-55555,-55555
2018-08-02 17:00:00,33,71,167,87,423,-55555,-55555
2018-08-02 16:00:00,34,66,170,92,422,-55555,-55555
2018-08-02 15:00:00,35,64,175,102,431,-55555,-55555
2018-08-02 14:00:00,35,63,176,104,441,-55555,-55555
2018-08-02 13:00:00,36,63,170,92,446,-55555,-55555
2018-08-02 12:00:00,36,61,168,88,456,-55555,-55555
2018-08-02 11:00:00,34,66,167,87,456,-55555,-55555
2018-08-02 10:00:00,33,68,171,94,454,-55555,-55555
2018-08-02 4:00:00,27,95,107,38,476,-55555,-55555
2018-08-02 3:00:00,27,94,114,41,472,-55555,-55555
2018-08-02 2:00:00,28,94,127,46,460,-55555,-55555
2018-08-02 1:00:00,28,94,134,49,457,-55555,-55555
2018-08-02 0:00:00,28,92,152,58,453,-55555,-55555
2018-08-01 23:00:00,29,89,139,51,439,-55555,-55555
2018-08-01 22:00:00,30,92,158,70,438,-55555,-55555
2018-08-01 21:00:00,30,89,163,79,464,-55555,-55555
2018-08-01 20:00:00,31,81,160,72,452,-55555,-55555
2018-08-01 18:00:00,34,73,158,70,424,-55555,-55555
2018-08-01 17:00:00,35,69,161,74,419,-55555,-55555
2018-08-01 16:00:00,35,68,161,75,420,-55555,-55555
2018-08-01 15:00:00,35,65,159,71,424,-55555,-55555
2018-08-01 14:00:00,36,64,161,74,429,-55555,-55555
2018-08-01 13:00:00,35,64,161,75,433,-55555,-55555
2018-08-01 12:00:00,35,64,161,74,438,-55555,-55555
2018-08-01 11:00:00,34,67,159,71,440,-55555,-55555
2018-08-01 10:00:00,34,67,165,83,448,-55555,-55555
2018-08-01 9:00:00,33,66,159,71,453,-55555,-55555
2018-08-01 8:00:00,33,70,154,62,454,-55555,-55555
2018-08-01 7:00:00,31,80,154,61,456,-55555,-55555
2018-08-01 6:00:00,29,95,155,63,475,-55555,-55555
2018-08-01 5:00:00,28,98,146,54,531,-55555,-55555
2018-08-01 4:00:00,28,98,153,59,528,-55555,-55555
2018-08-01 3:00:00,29,94,151,56,508,-55555,-55555
2018-08-01 2:00:00,29,88,129,47,534,-55555,-55555
2018-08-01 1:00:00,29,88,144,53,520,-55555,-55555
2018-08-01 0:00:00,29,88,153,60,520,-55555,-55555
2018-07-31 23:00:00,30,86,154,61,512,-55555,-55555
2018-07-31 22:00:00,30,86,155,64,517,-55555,-55555
2018-07-31 21:00:00,31,83,155,63,523,-55555,-55555
2018-07-31 20:00:00,31,83,156,65,501,-55555,-55555
2018-07-31 19:00:00,32,79,134,49,484,-55555,-55555
2018-07-31 18:00:00,32,73,149,55,441,-55555,-55555
2018-07-31 17:00:00,33,65,151,56,427,-55555,-55555
2018-07-31 16:00:00,34,65,152,58,429,-55555,-55555
2018-07-31 15:00:00,35,62,152,58,427,-55555,-55555
2018-07-31 14:00:00,34,70,154,62,427,-55555,-55555
2018-07-31 13:00:00,33,78,141,52,428,-55555,-55555
2018-07-31 12:00:00,33,76,157,67,445,-55555,-55555
2018-07-31 11:00:00,35,71,160,73,462,-55555,-55555
2018-07-31 10:00:00,35,70,155,63,447,-55555,-55555
2018-07-31 9:00:00,34,70,127,46,430,-55555,-55555
2018-07-31 8:00:00,31,75,95,33,419,-55555,-55555
2018-07-31 7:00:00,28,80,99,35,422,-55555,-55555
2018-07-31 6:00:00,28,95,163,78,509,-55555,-55555
2018-07-31 5:00:00,28,97,172,97,575,-55555,-55555
2018-07-31 4:00:00,28,95,171,94,576,-55555,-55555
2018-07-31 3:00:00,28,92,165,82,557,-55555,-55555
2018-07-31 2:00:00,29,90,168,88,534,-55555,-55555
2018-07-31 1:00:00,29,87,165,82,534,-55555,-55555
2018-07-31 0:00:00,29,88,164,81,502,-55555,-55555
2018-07-30 23:00:00,29,88,169,91,493,-55555,-55555
2018-07-30 22:00:00,30,88,174,100,497,-55555,-55555
2018-07-30 21:00:00,30,86,169,90,527,-55555,-55555
2018-07-30 20:00:00,31,82,164,80,481,-55555,-55555
2018-07-30 19:00:00,32,76,155,64,455,-55555,-55555
2018-07-30 18:00:00,33,70,151,56,437,-55555,-55555
2018-07-30 17:00:00,34,66,139,51,426,-55555,-55555
2018-07-30 16:00:00,34,68,155,64,423,-55555,-55555
2018-07-30 15:00:00,34,68,156,65,422,-55555,-55555
2018-07-30 14:00:00,35,65,151,56,423,-55555,-55555
2018-07-30 13:00:00,35,65,122,44,424,-55555,-55555
2018-07-30 12:00:00,35,66,117,42,424,-55555,-55555
2018-07-30 11:00:00,35,65,99,35,426,-55555,-55555
2018-07-30 10:00:00,34,67,91,31,425,-55555,-55555
2018-07-30 9:00:00,33,71,93,32,429,-55555,-55555
2018-07-30 8:00:00,32,77,102,36,430,-55555,-55555
2018-07-30 7:00:00,29,88,112,40,447,-55555,-55555
2018-07-30 6:00:00,27,98,141,52,519,-55555,-55555
2018-07-30 5:00:00,26,98,137,50,563,-55555,-55555
2018-07-30 4:00:00,26,98,129,47,563,-55555,-55555
2018-07-30 3:00:00,26,97,112,40,562,-55555,-55555
2018-07-30 2:00:00,26,96,114,41,509,-55555,-55555
2018-07-30 1:00:00,26,95,91,31,532,-55555,-55555
2018-07-30 0:00:00,27,96,76,24,520,-55555,-55555
2018-07-29 23:00:00,27,92,76,24,511,-55555,-55555
2018-07-29 22:00:00,27,90,76,24,504,-55555,-55555
2018-07-29 21:00:00,28,88,72,22,473,-55555,-55555
2018-07-29 20:00:00,28,84,63,18,445,-55555,-55555
2018-07-29 19:00:00,29,82,72,22,436,-55555,-55555
2018-07-29 18:00:00,31,77,95,33,450,-55555,-55555
2018-07-29 17:00:00,31,74,86,29,432,-55555,-55555
2018-07-29 16:00:00,31,74,76,24,427,-55555,-55555
2018-07-29 15:00:00,32,76,68,20,424,-55555,-55555
2018-07-29 14:00:00,31,76,55,14,426,-55555,-55555
2018-07-29 13:00:00,30,79,68,20,430,-55555,-55555
2018-07-29 12:00:00,28,84,78,25,427,-55555,-55555
2018-07-29 11:00:00,27,88,97,34,427,-55555,-55555
2018-07-29 10:00:00,27,87,99,35,432,-55555,-55555
2018-07-29 1:00:00,28,96,107,38,485,-55555,-55555
2018-07-29 0:00:00,28,94,105,37,499,-55555,-55555
2018-07-28 23:00:00,28,94,102,36,507,-55555,-55555
2018-07-28 22:00:00,29,92,117,42,501,-55555,-55555
2018-07-28 21:00:00,29,88,102,36,471,-55555,-55555
2018-07-28 20:00:00,29,87,88,30,461,-55555,-55555
2018-07-28 19:00:00,30,86,99,35,476,-55555,-55555
2018-07-28 18:00:00,30,84,95,33,1015,-55555,-55555
2018-07-11 3:00:00,30,96,177,105,478,-55555,-55555
2018-07-11 2:00:00,30,96,177,105,485,-55555,-55555
2018-07-11 1:00:00,30,94,178,108,488,-55555,-55555
2018-07-11 0:00:00,30,93,177,105,482,-55555,-55555
2018-07-10 23:00:00,31,92,182,115,490,-55555,-55555
2018-07-10 22:00:00,31,91,179,109,500,-55555,-55555
2018-07-10 21:00:00,31,88,179,110,490,-55555,-55555
2018-07-10 20:00:00,31,88,184,120,483,-55555,-55555
2018-07-10 19:00:00,31,88,184,119,468,-55555,-55555
2018-06-24 4:00:00,26,72,190,132,499,-55555,-55555
2018-06-24 3:00:00,27,70,188,128,469,-55555,-55555
2018-06-24 2:00:00,27,71,189,130,470,-55555,-55555
2018-06-24 1:00:00,27,70,185,122,464,-55555,-55555
2018-06-24 0:00:00,28,70,179,110,464,-55555,-55555
2018-06-23 23:00:00,28,66,156,65,466,-55555,-55555
2018-06-23 22:00:00,29,62,129,47,464,-55555,-55555
2018-06-23 21:00:00,30,59,114,41,446,-55555,-55555
2018-06-23 20:00:00,31,54,117,42,424,-55555,-55555
2018-06-23 19:00:00,31,53,105,37,424,-55555,-55555
2018-06-23 18:00:00,33,48,82,27,404,-55555,-55555
2018-06-23 17:00:00,34,46,88,30,404,-55555,-55555
2018-06-23 16:00:00,35,45,107,38,406,-55555,-55555
2018-06-23 15:00:00,36,41,105,37,407,-55555,-55555
2018-06-23 14:00:00,37,36,70,21,408,-55555,-55555
2018-06-23 13:00:00,37,34,59,16,411,-55555,-55555
2018-06-23 12:00:00,36,38,59,16,410,-55555,-55555
2018-06-23 11:00:00,33,44,59,16,411,-55555,-55555
2018-06-23 10:00:00,29,61,82,27,410,-55555,-55555
2018-06-23 9:00:00,27,70,93,32,411,-55555,-55555
2018-06-23 8:00:00,26,66,74,23,408,-55555,-55555
2018-06-23 7:00:00,26,63,68,20,408,-55555,-55555
2018-06-23 6:00:00,27,55,72,22,410,-55555,-55555
2018-06-23 5:00:00,28,54,84,28,412,-55555,-55555
2018-06-23 4:00:00,27,58,78,25,428,-55555,-55555
2018-06-23 3:00:00,28,55,88,30,424,-55555,-55555
2018-06-23 2:00:00,29,53,84,28,430,-55555,-55555
2018-06-23 1:00:00,29,53,88,30,438,-55555,-55555
2018-06-23 0:00:00,30,47,86,29,428,-55555,-55555
2018-06-22 23:00:00,29,51,91,31,414,-55555,-55555
2018-06-22 22:00:00,28,60,157,67,417,-55555,-55555
2018-06-22 21:00:00,31,52,231,181,473,-55555,-55555
2018-06-22 20:00:00,32,50,155,63,487,-55555,-55555
2018-06-22 19:00:00,32,44,137,50,459,-55555,-55555
2018-06-19 11:00:00,35,48,132,48,429,88,29.8
2018-06-19 10:00:00,35,48,127,46,430,92,31.8
2018-06-19 9:00:00,34,53,122,44,433,100,35.4
2018-06-19 8:00:00,31,65,139,51,438,114,40.9
2018-06-19 7:00:00,28,81,160,73,460,127,46.2
2018-06-19 6:00:00,25,92,172,96,520,139,51.2
2018-06-19 5:00:00,24,93,178,107,540,151,55.9
2018-06-19 4:00:00,24,92,180,111,531,152,58.1
2018-06-19 3:00:00,25,89,175,102,500,154,62.1
2018-06-19 2:00:00,25,89,179,110,484,152,57.4
2018-06-19 1:00:00,25,88,194,138,506,151,56.3
2018-06-19 0:00:00,26,84,217,167,493,134,49.1
2018-06-18 23:00:00,27,81,181,114,503,121,43.7
2018-06-18 22:00:00,27,81,171,95,536,110,39.1
2018-06-18 21:00:00,28,80,167,87,504,98,34.4
2018-06-18 20:00:00,28,79,158,70,464,100,35.4
2018-06-18 19:00:00,29,72,153,60,496,97,34
2018-06-18 1:00:00,24,89,157,68,483,121,43.8
2018-06-18 0:00:00,25,87,183,117,496,107,38.1
2018-06-17 23:00:00,26,82,129,47,494,89,30.2
2018-06-17 22:00:00,26,83,112,40,505,88,29.9
2018-06-17 21:00:00,26,84,110,39,500,77,24.5
2018-06-17 20:00:00,25,86,102,36,464,76,24.1
2018-06-15 17:00:00,33,54,321,271,403,185,121.5
2018-06-15 16:00:00,34,55,350,300,421,194,139.5
2018-06-15 15:00:00,35,53,382,332,398,195,140.6
2018-06-15 14:00:00,35,52,404,355,397,222,171.3
2018-06-15 13:00:00,34,52,457,436,403,224,173.5
2018-06-15 12:00:00,33,54,486,479,397,254,203.6
2018-06-15 11:00:00,32,57,501,502,395,257,207.5
2018-06-15 10:00:00,31,58,525,539,394,280,229.9
2018-06-15 9:00:00,30,60,541,563,393,293,243.1
2018-06-15 8:00:00,30,59,533,550,395,304,253.3
2018-06-15 7:00:00,30,57,533,550,400,314,263.4
2018-06-15 6:00:00,30,56,554,583,404,263,213.1
2018-06-15 5:00:00,30,53,560,592,403,184,120.2
2018-06-15 4:00:00,30,56,413,368,412,158,68.5
2018-06-15 3:00:00,30,58,176,104,416,152,57.5
2018-06-15 2:00:00,30,57,155,63,414,114,41
2018-06-15 1:00:00,30,58,153,60,414,126,45.5
2018-06-15 0:00:00,30,57,154,62,414,159,71.2
2018-06-14 23:00:00,31,60,192,135,418,160,73.3
2018-06-14 22:00:00,32,63,259,209,413,169,91
2018-06-14 21:00:00,32,62,257,207,413,168,88.7
2018-06-14 20:00:00,32,61,256,206,415,168,87.6
2018-06-14 19:00:00,33,58,255,205,416,170,91.8
2018-06-14 18:00:00,34,54,274,224,402,172,95.4
2018-06-14 17:00:00,35,54,283,233,400,179,110.2
2018-06-14 16:00:00,35,53,308,258,398,185,121.9
2018-06-14 15:00:00,36,52,375,325,398,192,134.7
2018-06-14 13:00:00,35,52,449,423,398,192,135.4
2018-06-14 12:00:00,35,52,433,399,401,187,125.9
2018-06-14 11:00:00,34,52,362,312,400,178,108.3
2018-06-14 10:00:00,33,54,337,287,399,173,97.5
2018-06-14 9:00:00,32,56,295,245,401,166,84.8
2018-06-14 8:00:00,31,59,278,228,406,164,80.6
2018-06-14 7:00:00,31,67,295,245,431,162,77.3
2018-06-14 6:00:00,29,71,234,184,435,162,76.5
2018-06-14 5:00:00,29,68,216,166,434,163,79.4
2018-06-14 4:00:00,29,68,240,190,430,162,77.1
2018-06-14 3:00:00,29,68,255,205,427,164,80.7
2018-06-14 2:00:00,29,68,251,201,420,163,79.2
2018-06-14 1:00:00,29,67,244,194,418,163,79.2
2018-06-14 0:00:00,29,66,245,195,420,162,77.4
2018-06-13 23:00:00,30,65,242,192,426,161,74.3
2018-06-13 22:00:00,31,62,253,203,427,159,70.3
2018-06-13 21:00:00,32,57,245,195,416,157,67.1
2018-06-13 20:00:00,33,51,224,174,411,156,65.6
2018-06-13 19:00:00,34,45,210,160,406,154,61.4
2018-06-13 18:00:00,36,41,208,158,397,-55555,-55555
2018-06-13 17:00:00,37,38,200,150,393,-55555,-55555
2018-06-13 16:00:00,38,38,221,171,390,-55555,-55555
2018-06-13 15:00:00,39,37,211,161,400,-55555,-55555
2018-06-13 14:00:00,40,34,176,103,407,-55555,-55555
2018-06-13 13:00:00,41,35,180,111,413,-55555,-55555
2018-06-13 12:00:00,40,35,177,105,413,-55555,-55555
2018-06-13 11:00:00,40,36,172,97,414,-55555,-55555
2018-06-13 10:00:00,39,36,215,165,419,-55555,-55555
2018-06-13 9:00:00,37,40,171,95,425,-55555,-55555
2018-06-13 8:00:00,36,42,167,86,426,-55555,-55555
2018-06-13 7:00:00,32,56,185,121,450,-55555,-55555
2018-06-13 6:00:00,28,68,186,123,478,-55555,-55555
2018-06-13 5:00:00,27,70,182,115,501,-55555,-55555
2018-06-13 4:00:00,27,68,181,114,505,-55555,-55555
2018-06-13 3:00:00,28,67,188,128,512,-55555,-55555
2018-06-13 2:00:00,28,65,191,133,508,114,41
2018-06-13 1:00:00,29,63,193,136,516,114,41
2018-06-13 0:00:00,30,60,194,139,504,114,41
2018-06-12 23:00:00,30,57,197,145,484,114,41
2018-06-12 22:00:00,31,56,260,210,486,114,41
2018-06-12 21:00:00,32,52,202,152,479,114,41
2018-06-12 20:00:00,34,47,173,98,455,102,35.9
2018-06-12 19:00:00,35,40,171,94,419,87,29.3
2018-06-12 18:00:00,37,34,154,62,406,86,28.7
2018-06-12 17:00:00,39,31,155,63,401,82,27.1
2018-06-12 16:00:00,40,30,153,60,401,90,30.9
2018-06-12 15:00:00,40,30,152,57,402,92,31.8
2018-06-12 14:00:00,40,30,156,66,408,102,35.8
2018-06-12 13:00:00,40,31,169,91,412,110,39.3
2018-06-12 12:00:00,40,35,158,69,412,112,40.1
2018-06-12 11:00:00,39,39,155,63,415,127,46.1
2018-06-12 9:00:00,37,46,163,79,424,156,65.8
2018-06-12 8:00:00,34,52,175,102,452,170,92.4
2018-06-12 7:00:00,31,64,187,126,491,160,72.9
2018-06-12 6:00:00,28,72,195,140,522,162,77.5
2018-06-12 5:00:00,27,76,190,131,530,141,51.7
2018-06-12 4:00:00,27,75,188,128,531,131,47.8
2018-06-12 3:00:00,28,71,216,166,506,125,45.3
2018-06-12 2:00:00,28,68,187,126,496,111,39.7
2018-06-12 1:00:00,29,65,174,100,464,112,40
2018-06-12 0:00:00,30,62,182,116,458,117,41.9
2018-06-11 23:00:00,30,61,203,153,474,117,41.9
2018-06-11 22:00:00,30,59,164,81,482,133,48.4
2018-06-11 21:00:00,31,57,165,83,483,119,42.8
2018-06-11 20:00:00,33,51,170,92,465,86,28.8
2018-06-11 19:00:00,34,47,160,72,446,86,28.8
2018-06-11 18:00:00,35,43,151,56,434,78,24.8
2018-06-11 17:00:00,36,40,139,51,428,75,23.6
2018-06-11 16:00:00,37,38,122,44,428,72,22.3
2018-06-11 15:00:00,38,36,112,40,426,70,21.4
2018-06-11 14:00:00,38,38,117,42,430,74,23.1
2018-06-11 13:00:00,37,39,117,42,430,84,27.7
2018-06-11 12:00:00,37,37,99,35,431,84,28
2018-06-11 11:00:00,37,42,127,46,433,103,36.5
2018-06-11 10:00:00,36,45,141,52,436,152,57.2
2018-06-11 9:00:00,35,47,165,82,440,170,92.2
2018-06-11 8:00:00,33,50,166,84,439,174,99.9
2018-06-11 7:00:00,30,62,179,110,455,177,106.4
2018-06-11 6:00:00,27,77,184,119,497,171,94.6
2018-06-11 5:00:00,26,78,177,106,523,165,83.4
2018-06-11 4:00:00,27,76,178,107,506,155,62.9
2018-06-11 3:00:00,27,72,181,113,488,153,60.2
2018-06-11 2:00:00,28,70,189,130,485,123,44.5
2018-06-11 1:00:00,28,68,162,76,500,117,42
2018-06-11 0:00:00,29,65,153,59,489,111,39.4
2018-06-10 23:00:00,30,63,161,75,481,118,42.4
2018-06-10 22:00:00,30,59,153,59,457,107,37.9
2018-06-10 21:00:00,31,59,155,63,460,127,46
2018-06-10 20:00:00,32,57,161,75,450,124,44.7
2018-06-10 19:00:00,33,48,156,66,458,130,47.4
2018-06-10 18:00:00,34,45,161,75,448,126,45.7
2018-06-10 17:00:00,36,40,153,60,439,114,40.9
2018-06-10 16:00:00,36,39,146,54,439,125,45.4
2018-06-10 15:00:00,36,44,172,97,447,154,60.4
2018-06-10 14:00:00,37,45,171,95,451,142,52.3
2018-06-10 13:00:00,37,44,160,72,451,154,62
2018-06-10 12:00:00,36,50,166,85,455,136,49.7
2018-06-10 11:00:00,35,50,161,74,454,138,50.4
2018-06-10 10:00:00,34,54,161,75,453,145,53.5
2018-06-10 9:00:00,33,61,176,103,460,159,70.3
2018-06-10 8:00:00,31,71,188,127,469,168,88
2018-06-10 7:00:00,28,78,176,103,464,171,94.4
2018-06-10 6:00:00,26,89,241,191,487,183,118.1
2018-06-10 5:00:00,25,92,274,224,507,186,123
2018-06-10 4:00:00,25,91,284,234,502,183,116.6
2018-06-10 3:00:00,25,92,325,275,504,180,111.8
2018-06-10 2:00:00,25,93,293,243,517,171,94.8
2018-06-10 1:00:00,25,93,299,249,523,164,80
2018-06-10 0:00:00,25,92,337,287,524,160,73.6
2018-06-09 23:00:00,25,90,245,195,511,158,68.4
2018-06-09 22:00:00,26,88,191,133,507,151,55.6
2018-06-09 21:00:00,26,85,179,110,504,132,48
2018-06-09 20:00:00,27,82,166,84,484,111,39.4
2018-06-09 19:00:00,28,77,158,70,464,107,38.1
2018-06-09 18:00:00,29,74,154,62,444,123,44.3
2018-06-09 17:00:00,29,70,156,65,440,143,52.6
2018-06-09 16:00:00,29,69,157,68,438,122,43.9
2018-06-09 15:00:00,29,72,163,79,435,132,48
2018-06-09 14:00:00,30,65,122,44,426,122,44.2
2018-06-09 13:00:00,28,77,127,46,424,91,31.1
2018-06-09 12:00:00,25,88,146,54,428,131,47.6
2018-06-09 11:00:00,24,87,132,48,429,85,28.4
2018-06-09 10:00:00,26,78,146,54,430,93,32.1
2018-06-09 9:00:00,27,78,99,35,429,72,22.3
2018-06-09 8:00:00,27,69,82,27,427,72,22.3
2018-06-09 7:00:00,27,64,80,26,422,61,16.9
2018-06-09 6:00:00,26,66,80,26,421,69,20.8
2018-06-09 5:00:00,25,76,80,26,420,77,24.5
2018-06-09 4:00:00,25,74,76,24,421,84,27.7
2018-06-09 3:00:00,26,77,102,36,424,110,39
2018-06-09 2:00:00,27,74,141,52,424,113,40.2
2018-06-09 1:00:00,29,75,154,62,428,123,44.5
2018-06-09 0:00:00,30,73,153,59,424,122,44.1
2018-06-08 23:00:00,30,69,153,60,422,120,43.1
2018-06-08 22:00:00,30,66,152,57,423,125,45.3
2018-06-08 21:00:00,31,62,152,58,427,118,42.3
2018-06-08 20:00:00,34,54,164,81,450,115,41.4
2018-06-08 19:00:00,36,49,163,78,448,108,38.2
2018-06-08 18:00:00,37,42,159,71,432,99,35.1
2018-06-08 17:00:00,39,38,157,67,428,94,32.5
2018-06-08 16:00:00,40,35,153,59,427,92,31.8
2018-06-08 15:00:00,40,34,141,52,428,89,30.4
2018-06-08 14:00:00,40,36,144,53,430,88,30
2018-06-08 13:00:00,40,37,139,51,434,90,30.7
2018-06-08 12:00:00,40,37,141,52,436,91,31
2018-06-08 11:00:00,39,38,152,57,440,96,33.5
2018-06-08 10:00:00,39,41,152,58,444,99,34.8
2018-06-08 9:00:00,37,46,152,58,450,135,49.5
2018-06-08 8:00:00,34,57,158,70,461,152,58.3
2018-06-08 7:00:00,32,65,171,95,485,159,70.7
2018-06-08 6:00:00,28,78,196,143,537,162,76.8
2018-06-08 5:00:00,27,85,198,147,573,163,78.3
2018-06-08 4:00:00,27,84,193,137,575,158,70
2018-06-08 3:00:00,27,80,183,118,550,159,70.3
2018-06-08 2:00:00,28,77,188,127,538,154,60.5
2018-06-08 1:00:00,28,75,179,110,530,152,57.9
2018-06-08 0:00:00,29,73,179,109,522,145,53.6
2018-06-07 23:00:00,30,69,180,111,510,138,50.4
2018-06-07 22:00:00,30,68,175,102,498,129,46.8
2018-06-07 21:00:00,31,66,173,98,491,117,42.2
2018-06-07 20:00:00,32,61,176,103,473,113,40.2
2018-06-07 19:00:00,33,55,170,93,456,93,32.3
2018-06-07 18:00:00,35,47,160,72,440,94,32.8
2018-06-07 17:00:00,36,44,139,51,436,87,29.5
2018-06-07 16:00:00,37,43,154,62,437,83,27.5
2018-06-07 15:00:00,37,42,127,46,440,88,29.6
2018-06-07 14:00:00,38,44,127,46,446,88,29.9
2018-06-07 13:00:00,37,45,139,51,448,90,30.8
2018-06-07 12:00:00,37,46,141,52,446,101,35.6
2018-06-07 11:00:00,36,50,144,53,453,105,37.3
2018-06-07 10:00:00,35,54,152,58,456,120,43.1
2018-06-07 9:00:00,34,58,156,65,462,134,48.9
2018-06-07 8:00:00,32,65,157,67,466,153,59
2018-06-07 7:00:00,29,75,164,80,476,153,59.5
2018-06-07 6:00:00,27,88,186,124,504,159,70.7
2018-06-07 5:00:00,26,91,196,143,516,162,77.4
2018-06-07 4:00:00,26,91,203,153,517,168,88
2018-06-07 3:00:00,26,93,222,172,540,175,101.5
2018-06-07 2:00:00,27,94,210,160,560,177,106.6
2018-06-07 1:00:00,27,94,209,159,554,175,101.6
2018-06-07 0:00:00,27,92,214,164,537,171,94.4
2018-06-06 23:00:00,28,89,205,155,524,163,78.6
2018-06-06 22:00:00,28,87,202,152,519,159,70.8
2018-06-06 21:00:00,29,84,194,138,502,152,58.1
2018-06-06 20:00:00,30,78,179,110,488,146,53.7
2018-06-06 19:00:00,30,73,180,111,470,129,46.9
2018-06-06 18:00:00,32,66,165,82,451,120,43.2
2018-06-06 17:00:00,33,63,161,74,446,112,40
2018-06-06 16:00:00,33,62,169,91,446,110,39
2018-06-06 15:00:00,34,60,157,68,446,109,38.9
2018-06-06 14:00:00,34,60,155,63,447,103,36.5
2018-06-06 13:00:00,34,59,151,56,450,108,38.2
2018-06-06 12:00:00,33,61,134,49,451,105,37.2
2018-06-06 11:00:00,31,64,132,48,454,112,40.1
2018-06-06 10:00:00,30,70,149,55,454,148,54.8
2018-06-06 9:00:00,29,74,160,72,452,140,51.5
2018-06-06 8:00:00,27,79,168,89,452,132,48
2018-06-06 7:00:00,26,84,144,53,446,92,31.5
2018-06-06 6:00:00,24,90,132,48,448,81,26.3
2018-06-06 5:00:00,24,90,114,41,445,72,22.2
2018-06-06 4:00:00,24,88,102,36,443,68,20
2018-06-06 3:00:00,24,86,91,31,436,71,21.8
2018-06-06 2:00:00,24,84,84,28,434,66,19.3
2018-06-06 1:00:00,24,83,80,26,435,65,19
2018-06-06 0:00:00,24,80,74,23,430,69,20.8
2018-06-05 23:00:00,23,82,70,21,419,61,17.1
2018-06-05 22:00:00,23,91,86,29,426,67,19.9
2018-06-05 21:00:00,23,89,76,24,423,81,26.3
2018-06-05 20:00:00,23,84,78,25,418,186,123.8
2018-06-05 19:00:00,24,86,166,85,422,181,112.7
2018-06-05 18:00:00,36,45,664,749,432,154,61.6
2018-06-05 17:00:00,39,42,164,81,427,116,41.6
2018-06-05 16:00:00,40,38,164,81,422,115,41.2
2018-06-05 15:00:00,41,38,166,85,425,112,40.1
2018-06-05 14:00:00,40,40,163,78,427,115,41.3
2018-06-05 13:00:00,40,42,161,75,430,114,40.9
2018-06-05 12:00:00,39,42,161,75,432,119,43
2018-06-05 11:00:00,38,46,158,70,433,124,44.7
2018-06-05 10:00:00,37,50,160,72,432,127,46.1
2018-06-05 9:00:00,35,56,160,73,434,130,47.5
2018-06-05 8:00:00,33,59,158,69,431,136,49.7
2018-06-05 7:00:00,31,66,161,75,429,134,48.8
2018-06-05 6:00:00,30,72,160,72,430,136,49.7
2018-06-05 5:00:00,29,72,158,69,442,130,47.3
2018-06-05 4:00:00,29,70,158,69,438,127,46
2018-06-05 3:00:00,30,68,157,68,438,124,44.8
2018-06-05 2:00:00,30,65,160,73,447,131,47.7
2018-06-05 1:00:00,31,62,158,70,452,123,44.3
2018-06-05 0:00:00,32,58,161,75,453,131,47.6
2018-06-04 23:00:00,32,56,160,73,459,123,44.3
2018-06-04 22:00:00,32,56,159,71,458,124,44.8
2018-06-04 21:00:00,32,56,160,73,455,118,42.6
2018-06-04 4:00:00,28,66,153,60,426,100,35.5
2018-06-04 3:00:00,29,63,137,50,427,100,35.5
2018-06-04 2:00:00,30,59,141,52,428,103,36.5
2018-06-04 1:00:00,32,52,152,57,438,101,35.7
2018-06-04 0:00:00,34,46,156,66,445,107,37.8
2018-06-03 23:00:00,36,44,157,67,456,107,37.8
2018-06-03 22:00:00,36,44,159,71,465,111,39.5
2018-06-03 21:00:00,37,44,161,75,460,117,42
2018-06-03 20:00:00,36,45,162,76,460,120,43.2
2018-06-03 19:00:00,33,50,167,86,495,120,43.2
2018-05-31 3:00:00,27,71,160,73,440,133,48.5
2018-05-31 2:00:00,28,66,159,71,454,158,69.7
2018-05-31 1:00:00,29,58,163,78,444,155,63.4
2018-05-31 0:00:00,33,44,171,95,451,165,81.8
2018-05-30 23:00:00,34,41,198,146,476,160,73.1
2018-05-30 22:00:00,34,44,185,122,516,156,64.4
2018-05-30 21:00:00,35,44,187,126,520,152,57.7
2018-05-30 20:00:00,37,38,199,149,476,130,47.2
2018-05-30 19:00:00,38,35,181,114,472,114,40.9
2018-05-30 18:00:00,40,28,164,81,480,103,36.4
2018-05-30 17:00:00,40,27,155,63,472,100,35.4
2018-05-30 16:00:00,42,27,156,65,434,103,36.5
2018-05-30 15:00:00,42,28,156,66,431,112,40
2018-05-30 6:00:00,25,69,164,81,462,156,65.9
2018-05-30 5:00:00,25,67,162,76,463,154,60.5
2018-05-30 3:00:00,26,56,155,64,445,135,49.3
2018-05-30 2:00:00,26,54,157,67,445,122,44.1
2018-05-29 23:00:00,27,48,132,48,424,119,42.7
2018-05-29 22:00:00,28,45,154,62,445,117,42.2
2018-05-29 21:00:00,30,38,154,62,476,114,40.7
2018-05-29 20:00:00,31,45,146,54,463,95,33.3
2018-05-29 19:00:00,29,55,171,94,556,78,25
2018-05-29 3:00:00,24,55,170,93,468,158,69.8
2018-05-29 2:00:00,25,53,177,106,448,157,66.2
2018-05-29 1:00:00,25,52,157,67,462,152,58.2
2018-05-29 0:00:00,26,50,157,68,445,148,54.6
2018-05-28 23:00:00,27,56,184,120,511,132,48.3
2018-05-28 22:00:00,28,53,196,143,490,110,39
2018-05-28 21:00:00,30,45,194,139,508,92,31.7
2018-05-28 20:00:00,31,34,155,63,470,76,23.8
2018-05-28 18:00:00,30,40,86,29,430,57,15.2
2018-05-28 17:00:00,30,41,82,27,421,52,12.4
2018-05-28 16:00:00,30,42,63,18,420,53,13.1
2018-05-28 15:00:00,30,42,78,25,428,52,12.7
2018-05-28 14:00:00,30,43,82,27,428,54,13.4
2018-05-28 13:00:00,30,38,70,21,426,53,12.9
2018-05-28 12:00:00,29,46,84,28,434,59,15.8
2018-05-28 11:00:00,28,49,93,32,443,67,19.9
2018-05-28 10:00:00,27,50,114,41,444,90,30.6
2018-05-28 9:00:00,26,53,117,42,439,105,37.1
2018-05-28 8:00:00,25,59,124,45,453,142,52.4
2018-05-28 7:00:00,25,61,153,59,465,153,59.3
2018-05-28 6:00:00,24,64,185,121,493,154,61.1
2018-05-28 5:00:00,23,64,186,123,539,156,64.3
2018-05-28 4:00:00,23,60,191,133,553,153,59.8
2018-05-28 3:00:00,24,62,175,102,554,157,66.5
2018-05-28 2:00:00,25,58,182,115,522,154,62.2
2018-05-28 1:00:00,25,56,186,124,536,157,68
2018-05-28 0:00:00,26,57,191,133,561,154,60.8
2018-05-27 21:00:00,30,34,159,71,499,121,43.7
2018-05-27 19:00:00,28,45,153,59,502,87,29.4
2018-05-27 17:00:00,29,44,119,43,434,85,28.3
2018-05-27 16:00:00,29,44,132,48,442,82,27
2018-05-27 15:00:00,29,42,117,42,440,91,31.1
2018-05-27 14:00:00,29,42,114,41,434,91,31.2
2018-05-27 13:00:00,29,42,124,45,431,110,39
2018-05-27 12:00:00,29,46,132,48,428,144,53.2
2018-05-27 11:00:00,28,48,154,61,435,160,72.5
2018-05-27 10:00:00,27,50,172,96,445,171,93.8
2018-05-27 9:00:00,26,52,168,89,452,183,117.9
2018-05-27 8:00:00,25,56,175,102,451,187,125.2
2018-05-27 7:00:00,24,57,182,116,452,174,99.7
2018-05-27 6:00:00,24,56,184,119,458,174,100.7
2018-05-27 5:00:00,24,55,179,109,483,155,62.4
2018-05-27 4:00:00,24,56,160,73,483,155,63.5
2018-05-27 3:00:00,24,55,169,91,484,151,55.7
2018-05-27 2:00:00,24,54,166,84,450,126,45.6
2018-05-27 1:00:00,26,47,157,68,445,125,45.1
2018-05-27 0:00:00,26,44,139,51,428,111,39.5
2018-05-26 23:00:00,26,46,137,50,437,110,39
2018-05-26 22:00:00,27,44,134,49,428,118,42.3
2018-05-26 21:00:00,27,44,119,43,435,152,57.6
2018-05-26 20:00:00,27,44,155,63,446,108,38.5
2018-05-26 19:00:00,28,43,164,80,427,86,28.8
2018-05-26 18:00:00,29,47,132,48,436,63,17.7
2018-05-26 17:00:00,29,46,110,39,445,63,18
2018-05-26 16:00:00,30,45,110,39,439,64,18.1
2018-05-26 15:00:00,30,41,141,52,426,68,20.4
2018-05-26 14:00:00,29,45,112,40,425,70,21.3
2018-05-26 13:00:00,29,44,114,41,424,78,24.8
2018-05-26 12:00:00,29,44,102,36,434,78,24.9
2018-05-26 11:00:00,28,50,99,35,441,104,36.6
2018-05-26 10:00:00,28,48,157,67,458,156,64.5
2018-05-26 9:00:00,27,48,166,84,462,165,83.4
2018-05-26 8:00:00,26,52,191,134,462,171,93.8
2018-05-26 7:00:00,25,66,312,262,516,178,107
2018-05-26 6:00:00,24,67,329,279,541,178,107
2018-05-26 5:00:00,23,62,325,275,551,164,81.6
2018-05-26 4:00:00,24,57,330,280,542,165,83.4
2018-05-26 3:00:00,24,54,354,304,522,153,59.3
2018-05-26 2:00:00,25,54,167,87,509,152,57.7
2018-05-26 1:00:00,25,57,176,103,518,154,61.4
2018-05-26 0:00:00,27,54,177,105,533,149,55
2018-05-25 23:00:00,28,40,177,105,503,145,53.5
2018-05-25 22:00:00,27,45,226,176,502,124,44.8
2018-05-25 21:00:00,27,50,175,102,486,107,38.1
2018-05-25 20:00:00,27,50,162,77,453,99,35.2
2018-05-25 18:00:00,29,40,158,69,425,77,24.6
2018-05-25 17:00:00,29,39,122,44,422,70,21
2018-05-25 16:00:00,30,39,86,29,424,62,17.2
2018-05-25 15:00:00,30,38,93,32,418,66,19.2
2018-05-25 14:00:00,30,37,86,29,415,70,21
2018-05-25 11:00:00,29,40,70,21,464,164,81.6
2018-05-25 10:00:00,27,45,95,33,530,184,118.8
2018-05-25 9:00:00,26,47,139,51,437,191,133.1
2018-05-25 8:00:00,26,49,164,80,546,193,136.3
2018-05-25 7:00:00,24,56,182,116,569,185,120.9
2018-05-25 6:00:00,27,57,184,120,626,175,101.8
2018-05-25 5:00:00,22,62,242,192,550,171,94.8
2018-05-25 4:00:00,24,58,228,178,573,165,82.3
2018-05-25 3:00:00,25,51,263,213,524,158,68.7
2018-05-25 2:00:00,26,42,206,156,571,156,64.9
2018-05-25 1:00:00,26,46,172,96,554,136,49.7
2018-05-25 0:00:00,25,54,182,116,550,129,47
2018-05-24 23:00:00,25,53,182,116,509,115,41.1
2018-05-24 22:00:00,26,54,181,113,504,99,34.8
2018-05-24 21:00:00,27,48,185,121,629,87,29.1
2018-05-24 20:00:00,28,45,163,78,508,70,21
2018-05-24 19:00:00,30,41,193,137,552,65,19
2018-04-28 16:00:00,37,21,132,48,417,103,36.5
2018-04-28 15:00:00,38,23,149,55,416,108,38.4
2018-04-28 14:00:00,39,23,152,57,416,137,50.2
2018-04-28 13:00:00,38,30,164,80,421,140,51.4
2018-04-28 12:00:00,37,33,165,83,425,153,59.9
2018-04-23 17:00:00,33,18,99,35,401,41,10
2018-04-23 16:00:00,34,17,57,15,399,45,11
2018-04-23 15:00:00,35,18,61,17,400,48,11.5
2018-04-23 14:00:00,36,17,61,17,401,48,11.6
2018-04-23 13:00:00,35,17,61,17,403,53,13
2018-04-23 12:00:00,34,21,74,23,406,68,20.3
2018-04-23 11:00:00,33,23,86,29,409,135,49.3
2018-04-23 10:00:00,32,28,152,58,418,128,46.4
2018-04-23 9:00:00,30,30,151,56,426,155,63.8
2018-04-23 8:00:00,27,37,158,69,439,156,64.4
2018-04-23 7:00:00,23,48,167,87,449,154,61.2
2018-04-23 6:00:00,20,51,160,73,449,155,62.7
2018-04-23 5:00:00,20,47,155,63,442,141,51.7
2018-04-22 23:00:00,23,42,168,88,483,157,66.7
2018-04-22 22:00:00,24,39,170,93,473,155,62.4
2018-04-22 21:00:00,25,35,179,109,462,153,59.7
2018-04-22 20:00:00,26,31,181,113,446,111,39.7
2018-04-22 19:00:00,28,26,141,52,429,55,14
2018-04-22 18:00:00,29,23,63,18,419,48,11.7
2018-04-22 17:00:00,31,20,63,18,418,44,10.7
2018-04-22 16:00:00,32,19,59,16,422,44,10.7
2018-04-22 15:00:00,33,20,70,21,426,51,12.2
2018-04-22 14:00:00,32,20,68,20,426,52,12.8
2018-04-22 13:00:00,32,20,68,20,427,57,14.8
2018-04-22 12:00:00,31,23,68,20,427,53,13
2018-04-22 11:00:00,31,27,70,21,428,59,15.7
2018-04-22 10:00:00,29,32,72,22,430,70,21
2018-04-22 9:00:00,28,34,80,26,428,119,42.7
2018-04-22 8:00:00,25,42,105,37,430,109,38.8
2018-04-22 7:00:00,22,55,155,64,432,147,54.2
2018-04-22 6:00:00,18,68,164,80,468,143,52.8
2018-04-22 5:00:00,17,68,174,101,492,154,62.1
2018-04-22 4:00:00,18,65,174,100,488,174,100.8
2018-04-22 3:00:00,19,62,172,96,492,183,117.9
2018-04-22 2:00:00,19,60,158,70,480,180,111.4
2018-04-22 1:00:00,20,59,266,216,498,199,148.7
2018-04-22 0:00:00,21,54,204,154,492,164,80.7
2018-04-21 23:00:00,23,46,160,72,455,163,78.5
2018-04-21 21:00:00,29,34,186,123,458,111,39.6
2018-04-21 20:00:00,33,27,132,48,459,79,25.6
2018-04-21 19:00:00,25,40,70,21,450,65,18.8
2018-04-20 21:00:00,18,74,57,15,425,57,15
2018-04-20 20:00:00,18,75,61,17,422,54,13.6
2018-04-19 3:00:00,24,55,194,139,460,179,109.4
2018-04-19 2:00:00,26,49,172,97,453,186,123.3
2018-04-19 1:00:00,30,40,183,118,457,176,103.9
2018-04-19 0:00:00,35,31,195,141,468,166,84
2018-04-18 23:00:00,36,33,220,170,510,153,58.7
2018-04-18 22:00:00,34,36,246,196,536,142,52.3
2018-04-18 21:00:00,30,44,177,105,519,132,48.2
2018-04-18 20:00:00,27,50,163,78,623,103,36.4
2018-04-15 20:00:00,29,39,166,85,459,140,51.5
2018-04-15 19:00:00,36,31,181,113,494,108,38.5
2018-04-15 18:00:00,39,27,161,75,491,95,33.2
2018-04-15 17:00:00,34,31,161,74,559,86,29
2018-04-11 2:00:00,19,83,55,14,414,79,25.5
2018-04-11 1:00:00,20,75,68,20,419,149,54.9
2018-04-11 0:00:00,26,54,154,61,451,134,49
2018-04-10 23:00:00,30,52,171,94,498,154,62.1
2018-04-10 22:00:00,30,50,172,97,501,124,44.7
2018-04-10 21:00:00,29,54,156,65,476,116,41.8
2018-04-10 20:00:00,27,61,160,73,476,92,31.7
2018-04-10 19:00:00,29,53,156,66,463,79,25.7
2018-04-10 18:00:00,27,58,129,47,450,72,21.9
2018-04-09 7:00:00,20,82,68,20,409,52,12.4
2018-04-09 6:00:00,19,81,65,19,412,55,14
2018-04-09 5:00:00,19,80,55,14,408,35,8.5
2018-04-09 4:00:00,20,79,50,12,406,42,10.2
2018-04-09 3:00:00,20,79,63,18,405,53,13
2018-04-09 2:00:00,20,77,68,20,406,59,16
2018-04-09 1:00:00,21,74,63,18,404,88,30
2018-04-09 0:00:00,21,78,107,38,408,111,39.5
2018-04-08 23:00:00,23,67,302,252,424,123,44.6
2018-04-08 22:00:00,25,65,161,74,441,138,50.4
2018-04-08 21:00:00,26,64,159,71,438,128,46.7
2018-04-08 20:00:00,26,63,161,74,434,119,42.9
2018-04-08 19:00:00,27,61,158,69,428,113,40.4
2018-04-08 18:00:00,29,56,155,63,426,109,38.9
2018-04-08 17:00:00,31,50,153,59,426,110,39.3
2018-04-08 16:00:00,32,47,153,60,428,119,43
2018-04-08 15:00:00,33,45,155,63,430,115,41.1
2018-04-08 14:00:00,33,46,158,70,434,119,42.7
2018-04-08 13:00:00,33,46,157,67,436,120,43.1
2018-04-08 12:00:00,33,46,155,64,435,128,46.7
2018-04-08 11:00:00,32,50,158,69,435,152,56.8
2018-04-08 10:00:00,30,53,161,75,437,153,59.9
2018-04-08 9:00:00,28,61,164,80,439,156,65.9
2018-04-08 8:00:00,25,70,170,93,449,154,60.8
2018-04-08 7:00:00,22,76,172,97,451,152,57.8
2018-04-08 6:00:00,20,78,171,95,458,140,51.3
2018-04-08 5:00:00,21,76,169,91,467,136,49.7
2018-04-08 4:00:00,21,74,166,84,474,126,45.7
2018-04-08 3:00:00,22,72,164,81,476,138,50.5
2018-04-08 2:00:00,22,72,167,86,480,143,52.8
2018-04-08 1:00:00,23,70,165,82,482,146,54
2018-04-08 0:00:00,23,66,167,87,477,150,55.5
2018-04-07 23:00:00,25,60,181,114,483,140,51.6
2018-04-07 22:00:00,25,57,173,98,463,128,46.7
2018-04-07 21:00:00,26,54,165,82,451,111,39.6
2018-04-07 20:00:00,27,52,189,130,463,96,33.7
2018-04-07 19:00:00,29,47,171,94,449,86,29
2018-04-07 18:00:00,31,41,152,58,429,84,27.9
2018-04-07 17:00:00,32,34,88,30,417,83,27.3
2018-04-07 16:00:00,33,32,91,31,419,86,28.7
2018-04-07 15:00:00,35,32,105,37,419,78,25
2018-04-07 14:00:00,35,34,107,38,420,77,24.3
2018-04-07 13:00:00,35,34,102,36,422,81,26.3
2018-04-07 12:00:00,33,39,117,42,426,81,26.2
2018-04-07 11:00:00,32,43,129,47,429,87,29.1
2018-04-07 10:00:00,30,46,124,45,433,87,29.5
2018-04-07 9:00:00,28,50,117,42,432,113,40.3
2018-04-07 8:00:00,25,62,137,50,438,162,77.3
2018-04-07 7:00:00,22,69,156,66,460,160,72.4
2018-04-07 6:00:00,20,72,165,82,492,166,84.4
2018-04-07 5:00:00,21,70,168,88,487,135,49.5
2018-04-07 4:00:00,21,70,160,72,472,145,53.5
2018-04-07 3:00:00,22,68,144,53,467,94,32.5
2018-04-07 2:00:00,22,66,153,59,462,99,35
2018-04-07 1:00:00,22,66,156,65,455,91,31.2
2018-04-07 0:00:00,23,62,162,76,448,86,28.7
2018-04-06 23:00:00,24,58,173,98,440,87,29.3
2018-04-06 22:00:00,24,55,117,42,431,91,31.3
2018-04-06 21:00:00,25,52,124,45,426,119,42.9
2018-04-06 20:00:00,27,48,153,60,423,128,46.6
2018-04-06 19:00:00,29,51,189,129,429,133,48.5
2018-04-06 18:00:00,30,42,157,68,424,107,37.8
2018-04-06 17:00:00,32,36,139,51,424,96,33.4
2018-04-06 16:00:00,34,32,134,49,423,81,26.5
2018-04-06 15:00:00,34,33,114,41,423,87,29.4
2018-04-06 14:00:00,34,34,117,42,425,98,34.7
2018-04-06 13:00:00,35,34,117,42,428,120,43.3
2018-04-06 12:00:00,34,38,134,49,428,109,38.9
2018-04-06 11:00:00,32,45,160,72,440,153,59.4
2018-04-06 10:00:00,32,45,160,73,453,166,84.1
2018-04-06 9:00:00,29,50,162,77,477,187,125.2
2018-04-06 8:00:00,26,59,182,115,508,185,122.3
2018-04-06 7:00:00,23,72,187,126,526,181,114.3
2018-04-06 6:00:00,21,76,195,140,546,176,104.3
2018-04-06 5:00:00,22,77,189,129,542,163,78.9
2018-04-06 4:00:00,22,78,186,123,523,164,79.9
2018-04-06 3:00:00,22,76,187,125,541,167,86.7
2018-04-06 2:00:00,23,74,191,133,520,170,91.9
2018-04-06 1:00:00,24,72,186,123,525,172,96.8
2018-04-06 0:00:00,25,68,181,114,512,173,98
2018-04-05 23:00:00,28,59,180,112,499,166,84.7
2018-04-05 22:00:00,33,47,174,100,499,162,76.3
2018-04-05 21:00:00,36,40,167,86,502,154,60.5
2018-04-05 20:00:00,35,42,171,94,483,127,46.3
2018-04-05 19:00:00,35,43,166,85,479,115,41.2
2018-04-05 18:00:00,30,53,174,101,459,97,34
2018-04-05 3:00:00,23,58,166,84,424,152,57.4
2018-04-05 2:00:00,24,55,187,125,428,155,64
2018-04-05 1:00:00,25,51,177,106,425,160,72.8
2018-04-05 0:00:00,26,47,187,125,429,168,88.5
2018-04-04 23:00:00,30,40,236,186,443,168,87.8
2018-04-04 22:00:00,34,39,243,193,506,166,83.9
2018-04-04 21:00:00,34,44,206,156,512,163,79.3
2018-04-04 20:00:00,26,64,180,111,537,151,56.4
2018-03-25 16:00:00,33,35,124,45,432,94,32.8
2018-03-25 15:00:00,30,37,129,47,440,94,32.5
2018-03-18 22:00:00,21,59,178,108,448,209,158.6
2018-03-18 21:00:00,24,52,170,93,425,221,171
2018-03-18 20:00:00,28,44,182,115,452,203,152.8
2018-03-18 19:00:00,30,37,191,133,464,170,91.9
2018-03-18 18:00:00,32,32,191,134,452,123,44.5
2018-03-18 17:00:00,34,26,114,41,416,96,33.4
2018-03-18 16:00:00,35,26,124,45,416,94,32.8
2018-03-18 15:00:00,30,29,107,38,413,107,38.1
2018-03-18 14:00:00,29,29,134,49,413,96,33.8
2018-03-18 13:00:00,30,28,144,53,415,141,51.9
2018-03-18 12:00:00,29,32,154,61,415,144,53.1
2018-03-18 11:00:00,29,35,149,55,415,158,69.7
2018-03-18 10:00:00,27,35,188,128,434,173,97.2
2018-03-18 9:00:00,25,38,172,96,433,176,103.3
2018-03-18 8:00:00,21,55,233,183,456,184,119.7
2018-03-18 7:00:00,16,82,333,283,562,184,118.6
2018-03-18 6:00:00,14,82,372,322,598,179,110.2
2018-03-18 5:00:00,15,80,366,316,577,179,109.7
2018-03-18 4:00:00,16,76,372,322,566,175,102.5
2018-03-18 3:00:00,16,76,338,288,532,176,104.6
2018-03-18 2:00:00,16,75,307,257,522,175,101.3
2018-03-18 1:00:00,16,73,256,206,506,171,94.9
2018-03-18 0:00:00,17,70,196,142,520,170,91.6
2018-03-17 23:00:00,17,66,180,112,494,160,73.9
2018-03-17 22:00:00,18,60,181,113,468,153,60.3
2018-03-17 21:00:00,19,58,167,86,474,152,58.1
2018-03-17 20:00:00,21,53,164,81,465,112,39.9
2018-03-17 19:00:00,23,47,151,56,443,88,29.7
2018-03-17 18:00:00,25,41,193,136,435,87,29.3
2018-03-17 17:00:00,26,35,84,28,420,70,21.3
2018-03-17 16:00:00,27,32,70,21,418,68,20.2
2018-03-17 15:00:00,28,31,97,34,420,70,21.2
2018-03-17 14:00:00,29,29,76,24,423,73,22.6
2018-03-17 13:00:00,28,29,78,25,426,72,22.2
2018-03-17 12:00:00,28,29,76,24,427,97,34.3
2018-03-17 11:00:00,28,29,119,43,431,105,37.3
2018-03-17 10:00:00,27,30,102,36,432,161,74.7
2018-03-17 9:00:00,25,37,171,94,440,172,95.4
2018-03-17 8:00:00,21,52,196,142,453,184,119.4
2018-03-17 7:00:00,16,77,216,166,478,192,134.4
2018-03-17 6:00:00,15,80,217,167,487,193,137.5
2018-03-17 5:00:00,15,79,233,183,484,194,138.5
2018-03-17 4:00:00,15,79,217,167,493,186,124
2018-03-17 3:00:00,15,81,195,141,522,179,110.2
2018-03-17 2:00:00,16,80,188,128,526,168,88.5
2018-03-17 1:00:00,16,78,179,109,532,161,74.3
2018-03-17 0:00:00,17,74,168,89,502,156,65.4
2018-03-16 23:00:00,18,72,160,73,484,152,57.2
2018-03-16 22:00:00,19,70,161,74,494,133,48.6
2018-03-16 21:00:00,20,67,166,85,480,109,38.6
2018-03-16 20:00:00,21,62,160,73,459,93,32.1
2018-03-16 19:00:00,22,59,144,53,444,77,24.4
2018-03-16 18:00:00,24,53,110,39,423,78,24.9
2018-03-16 17:00:00,26,47,80,26,414,75,23.5
2018-03-16 16:00:00,27,43,80,26,416,72,22.3
2018-03-16 15:00:00,27,42,74,23,418,76,24.2
2018-03-16 14:00:00,28,41,76,24,421,78,24.9
2018-03-16 13:00:00,28,40,72,22,423,85,28.4
2018-03-16 12:00:00,28,41,70,21,423,98,34.7
2018-03-16 11:00:00,27,42,68,20,428,152,56.7
2018-03-16 10:00:00,25,46,122,44,433,174,99.4
2018-03-16 9:00:00,23,49,165,83,438,172,96.4
2018-03-16 8:00:00,20,61,187,125,454,180,111.6
2018-03-16 7:00:00,16,76,187,126,480,173,97.8
2018-03-16 6:00:00,15,78,189,129,485,160,73.7
2018-03-16 5:00:00,15,77,194,138,472,159,71.6
2018-03-16 4:00:00,15,75,176,104,490,152,57.8
2018-03-16 3:00:00,16,71,157,67,476,159,71.2
2018-03-16 2:00:00,17,72,176,103,473,164,80.5
2018-03-16 1:00:00,17,74,194,138,468,160,72.8
2018-03-16 0:00:00,17,79,272,222,454,161,75
2018-03-15 23:00:00,18,79,226,176,470,152,58
2018-03-15 22:00:00,18,76,191,133,475,129,47.1
2018-03-15 21:00:00,19,72,187,125,465,120,43.1
2018-03-15 20:00:00,20,67,182,115,447,104,36.7
2018-03-15 19:00:00,22,64,146,54,432,87,29.5
2018-03-15 18:00:00,23,59,107,38,423,79,25.7
2018-03-15 17:00:00,24,56,80,26,419,77,24.5
2018-03-15 16:00:00,24,60,80,26,417,77,24.3
2018-03-12 19:00:00,24,67,225,175,449,160,73.6
2018-03-12 18:00:00,26,57,189,130,435,157,66.4
2018-03-12 17:00:00,28,48,168,89,417,152,56.9
2018-03-12 16:00:00,29,45,167,87,416,132,48.3
2018-03-12 15:00:00,29,42,163,78,417,152,57.8
2018-03-12 14:00:00,30,46,168,88,415,144,53.2
2018-03-12 13:00:00,29,44,163,78,414,163,79.7
2018-03-12 12:00:00,29,47,158,69,412,167,86.9
2018-03-12 11:00:00,28,53,173,98,417,171,93.7
2018-03-12 10:00:00,26,60,176,104,416,180,111.5
2018-03-12 9:00:00,23,71,190,132,438,205,154.6
2018-03-12 8:00:00,20,83,213,163,488,219,168.5
2018-03-12 7:00:00,16,92,224,174,538,257,206.6
2018-03-12 6:00:00,15,89,237,187,563,253,203.2
2018-03-12 5:00:00,16,87,257,207,577,220,169.8
2018-03-12 4:00:00,16,86,286,236,570,196,142.6
2018-03-12 3:00:00,16,84,297,247,570,176,104.3
2018-03-12 2:00:00,17,81,295,245,561,166,84.9
2018-03-12 1:00:00,17,80,335,285,531,159,70.4
2018-03-12 0:00:00,18,78,325,275,507,155,62.4
2018-03-11 23:00:00,19,76,319,269,504,152,58.4
2018-03-11 22:00:00,20,71,231,181,494,147,54.4
2018-03-11 21:00:00,21,68,183,118,482,147,54.3
2018-03-11 20:00:00,22,63,168,89,454,146,54
2018-03-11 19:00:00,24,57,163,78,431,135,49.4
2018-03-11 18:00:00,26,58,166,84,423,125,45.2
2018-03-11 17:00:00,28,48,153,59,411,95,33
2018-03-11 16:00:00,29,38,93,32,416,85,28.5
2018-03-11 15:00:00,29,36,91,31,418,81,26.2
2018-03-11 14:00:00,29,38,119,43,420,104,36.7
2018-03-11 13:00:00,29,37,153,60,425,129,46.8
2018-03-11 12:00:00,29,46,184,119,432,160,72.5
2018-03-11 11:00:00,28,46,258,208,448,177,106.1
2018-03-11 10:00:00,26,55,304,254,465,202,151.7
2018-03-11 9:00:00,23,62,302,252,464,211,160.9
2018-03-11 8:00:00,19,77,294,244,464,221,170.5
2018-03-11 7:00:00,16,84,259,209,496,221,170.5
2018-03-11 6:00:00,15,82,268,218,516,210,159.3
2018-03-11 5:00:00,16,84,269,219,524,200,150.2
2018-03-11 4:00:00,16,86,270,220,548,195,140.5
2018-03-11 3:00:00,16,85,282,232,548,180,112.1
2018-03-11 2:00:00,16,83,264,214,538,169,89.9
2018-03-11 1:00:00,16,82,238,188,542,164,80.7
2018-03-11 0:00:00,17,79,215,165,547,165,81.7
2018-03-10 23:00:00,18,74,205,155,528,159,71.3
2018-03-10 22:00:00,19,72,195,140,505,158,69.1
2018-03-10 21:00:00,20,68,171,94,470,152,56.8
2018-03-10 20:00:00,21,64,166,85,446,123,44.6
2018-03-10 19:00:00,23,58,155,63,439,96,33.6
2018-03-10 18:00:00,24,50,141,52,424,82,26.7
2018-03-10 17:00:00,26,43,91,31,416,69,20.5
2018-03-10 16:00:00,27,39,72,22,416,64,18.5
2018-03-10 15:00:00,28,37,68,20,416,71,21.8
2018-03-10 14:00:00,28,38,74,23,418,74,23.2
2018-03-10 13:00:00,28,36,86,29,422,92,31.7
2018-03-10 12:00:00,28,38,97,34,424,120,43.4
2018-03-10 11:00:00,27,42,171,94,432,165,83.2
2018-03-10 10:00:00,26,43,186,124,437,163,79.6
2018-03-10 9:00:00,24,49,179,110,440,174,101
2018-03-10 8:00:00,20,66,249,199,450,167,87.3
2018-03-10 7:00:00,16,79,248,198,468,162,76.6
2018-03-10 6:00:00,15,80,191,133,468,155,62.8
2018-03-10 5:00:00,15,80,177,105,460,153,58.5
2018-03-10 4:00:00,15,80,188,127,490,160,72.2
2018-03-10 3:00:00,16,79,199,148,489,161,75.8
2018-03-10 2:00:00,16,79,210,160,492,167,86.1
2018-03-10 0:00:00,17,76,181,113,492,158,69.1
2018-03-09 23:00:00,17,72,176,103,483,148,54.5
2018-03-09 22:00:00,18,71,179,109,462,128,46.4
2018-03-09 21:00:00,19,66,164,80,442,104,36.8
2018-03-09 20:00:00,20,62,155,64,429,88,29.6
2018-03-09 19:00:00,22,57,144,53,433,82,27
2018-03-09 18:00:00,24,51,110,39,418,71,21.6
2018-03-09 17:00:00,25,46,84,28,414,73,22.7
2018-03-09 16:00:00,27,40,95,33,419,65,18.6
2018-03-09 15:00:00,28,36,95,33,423,86,28.9
2018-03-09 14:00:00,28,39,155,64,427,142,52.3
2018-03-09 13:00:00,28,38,166,85,432,118,42.5
2018-03-09 12:00:00,28,36,163,79,437,161,75.1
2018-03-09 11:00:00,27,39,218,168,451,160,72.7
2018-03-09 10:00:00,25,45,190,132,453,181,112.9
2018-03-09 9:00:00,23,55,112,40,447,179,109.9
2018-03-09 8:00:00,20,65,112,40,444,170,92.1
2018-03-09 7:00:00,16,76,134,49,442,134,49
2018-03-09 6:00:00,15,77,152,57,457,90,30.5
2018-03-09 5:00:00,16,74,139,51,456,92,31.8
2018-03-09 4:00:00,16,70,137,50,444,87,29.5
2018-03-09 3:00:00,18,65,141,52,438,78,24.8
2018-03-09 2:00:00,19,58,114,41,430,93,32
2018-03-09 1:00:00,19,59,105,37,428,167,86.8
2018-03-09 0:00:00,19,70,187,125,446,172,95.9
2018-03-08 23:00:00,19,77,177,106,466,177,105.8
2018-03-08 22:00:00,20,74,172,96,464,169,90.8
2018-03-08 21:00:00,24,68,164,80,785,156,64.8
2018-03-07 0:00:00,19,67,315,265,597,-55555,-55555
2018-03-06 23:00:00,19,65,305,255,557,176,104.4
2018-03-06 22:00:00,20,64,298,248,556,171,94.1
