2018-06-03 20:00:00,483,24,79,2018-09-30 23:00:00,163,-1,92
2018-06-03 20:00:00,487,24,74,2018-09-30 22:00:00,161,-1,89
2018-06-03 20:00:00,477,24,69,2018-09-30 21:00:00,158,-1,86
2018-06-03 20:00:00,466,25,54,2018-09-30 20:00:00,146,-1,83
2018-06-03 20:00:00,462,26,60,2018-09-30 19:00:00,153,-1,79
2018-06-03 20:00:00,442,27,44,2018-09-30 18:00:00,122,-1,74
2018-06-03 20:00:00,423,29,48,2018-09-30 17:00:00,132,-1,64
2018-06-03 20:00:00,421,31,37,2018-09-30 16:00:00,105,-1,53
2018-06-03 20:00:00,426,32,36,2018-09-30 15:00:00,102,-1,47
2018-06-03 20:00:00,429,32,34,2018-09-30 14:00:00,97,-1,48
2018-06-03 20:00:00,432,32,31,2018-09-30 13:00:00,91,-1,49
2018-06-03 20:00:00,434,32,32,2018-09-30 12:00:00,93,-1,51
2018-06-03 20:00:00,433,31,30,2018-09-30 11:00:00,88,-1,53
2018-06-03 20:00:00,435,31,37,2018-09-30 10:00:00,105,-1,57
2018-06-03 20:00:00,436,29,61,2018-09-30 9:00:00,154,-1,62
2018-06-03 20:00:00,494,27,118,2018-09-30 8:00:00,183,-1,77
2018-06-03 20:00:00,546,24,109,2018-09-30 7:00:00,179,-1,87
2018-06-03 20:00:00,605,21,110,2018-09-30 6:00:00,179,-1,94
2018-06-03 20:00:00,605,21,113,2018-09-30 5:00:00,181,-1,94
2018-06-03 20:00:00,615,22,105,2018-09-30 4:00:00,177,-1,94
2018-06-03 20:00:00,581,22,114,2018-09-30 3:00:00,181,-1,94
2018-06-03 20:00:00,584,22,108,2018-09-30 2:00:00,178,-1,94
2018-06-03 20:00:00,576,22,132,2018-09-30 1:00:00,190,-1,94
2018-06-03 20:00:00,558,22,111,2018-09-30 0:00:00,180,-1,93
2018-06-03 20:00:00,549,23,139,2018-09-29 23:00:00,194,-1,90
2018-06-03 20:00:00,513,23,89,2018-09-29 22:00:00,168,-1,89
2018-06-03 20:00:00,494,24,70,2018-09-29 21:00:00,158,-1,87
2018-06-03 20:00:00,482,24,89,2018-09-29 20:00:00,168,-1,84
2018-06-03 20:00:00,458,25,111,2018-09-29 19:00:00,180,-1,79
2018-06-03 20:00:00,456,27,69,2018-09-29 18:00:00,158,-1,70
2018-06-03 20:00:00,429,28,64,2018-09-29 17:00:00,155,-1,59
2018-06-03 20:00:00,424,30,22,2018-09-29 16:00:00,72,-1,50
2018-06-03 20:00:00,426,31,45,2018-09-29 15:00:00,124,-1,50
2018-06-03 20:00:00,430,31,60,2018-09-29 14:00:00,153,-1,48
2018-06-03 20:00:00,432,31,62,2018-09-29 13:00:00,154,-1,51
2018-06-03 20:00:00,444,30,132,2018-09-29 12:00:00,190,-1,55
2018-06-03 20:00:00,452,30,159,2018-09-29 11:00:00,209,-1,62
2018-06-03 20:00:00,444,29,77,2018-09-29 10:00:00,162,-1,63
2018-06-03 20:00:00,439,28,45,2018-09-29 9:00:00,124,-1,65
2018-06-03 20:00:00,442,27,48,2018-09-29 8:00:00,132,-1,70
2018-06-03 20:00:00,456,23,59,2018-09-29 7:00:00,153,-1,82
2018-06-03 20:00:00,450,20,34,2018-09-29 6:00:00,97,-1,89
2018-06-03 20:00:00,456,20,29,2018-09-29 5:00:00,86,-1,89
2018-06-03 20:00:00,448,20,31,2018-09-29 4:00:00,91,-1,89
2018-06-03 20:00:00,437,20,32,2018-09-29 3:00:00,93,-1,86
2018-06-03 20:00:00,430,21,17,2018-09-29 2:00:00,61,-1,84
2018-06-03 20:00:00,427,21,14,2018-09-29 1:00:00,55,-1,82
2018-06-03 20:00:00,424,22,14,2018-09-29 0:00:00,55,-1,78
2018-06-03 20:00:00,424,22,18,2018-09-28 23:00:00,63,-1,77
2018-06-03 20:00:00,416,22,22,2018-09-28 22:00:00,72,-1,75
2018-06-03 20:00:00,415,22,24,2018-09-28 21:00:00,76,-1,74
2018-06-03 20:00:00,415,23,18,2018-09-28 20:00:00,63,-1,72
2018-06-03 20:00:00,418,24,39,2018-09-28 19:00:00,110,-1,71
2018-06-03 20:00:00,423,26,66,2018-09-28 18:00:00,156,-1,66
2018-06-03 20:00:00,437,28,59,2018-09-28 17:00:00,153,-1,61
2018-06-03 20:00:00,423,30,55,2018-09-28 16:00:00,149,-1,69
2018-06-03 20:00:00,414,32,61,2018-09-28 15:00:00,154,-1,67
2018-06-03 20:00:00,420,32,74,2018-09-28 14:00:00,161,-1,64
2018-06-03 20:00:00,428,33,54,2018-09-28 13:00:00,146,-1,58
2018-06-03 20:00:00,431,33,61,2018-09-28 12:00:00,154,-1,59
2018-06-03 20:00:00,432,32,61,2018-09-28 11:00:00,154,-1,62
2018-06-03 20:00:00,439,32,79,2018-09-28 10:00:00,163,-1,66
2018-06-03 20:00:00,447,30,85,2018-09-28 9:00:00,166,-1,72
2018-06-03 20:00:00,456,28,112,2018-09-28 8:00:00,180,-1,84
2018-06-03 20:00:00,475,26,126,2018-09-28 7:00:00,187,-1,92
2018-06-03 20:00:00,510,24,109,2018-09-28 6:00:00,179,-1,97
2018-06-03 20:00:00,524,23,97,2018-09-28 5:00:00,172,-1,98
2018-06-03 20:00:00,525,24,87,2018-09-28 4:00:00,167,-1,98
2018-06-03 20:00:00,544,24,62,2018-09-28 3:00:00,154,-1,98
2018-06-03 20:00:00,527,24,70,2018-09-28 2:00:00,158,-1,99
2018-06-03 20:00:00,516,24,62,2018-09-28 1:00:00,154,-1,98
2018-06-03 20:00:00,533,25,62,2018-09-28 0:00:00,154,-1,97
2018-06-03 20:00:00,527,25,68,2018-09-27 23:00:00,157,-1,96
2018-06-03 20:00:00,494,25,67,2018-09-27 22:00:00,157,-1,94
2018-06-03 20:00:00,486,26,56,2018-09-27 21:00:00,151,-1,92
2018-06-03 20:00:00,469,26,63,2018-09-27 20:00:00,155,-1,92
2018-06-03 20:00:00,456,27,55,2018-09-27 19:00:00,149,-1,88
2018-06-03 20:00:00,441,28,55,2018-09-27 18:00:00,149,-1,84
2018-06-03 20:00:00,426,30,44,2018-09-27 17:00:00,122,-1,78
2018-06-03 20:00:00,420,31,42,2018-09-27 16:00:00,117,-1,73
2018-06-03 20:00:00,426,31,46,2018-09-27 15:00:00,127,-1,70
2018-06-03 20:00:00,435,33,50,2018-09-27 14:00:00,137,-1,62
2018-06-03 20:00:00,439,33,51,2018-09-27 13:00:00,139,-1,62
2018-06-03 20:00:00,441,33,53,2018-09-27 12:00:00,144,-1,62
2018-06-03 20:00:00,443,32,61,2018-09-27 11:00:00,154,-1,66
2018-06-03 20:00:00,444,32,76,2018-09-27 10:00:00,162,-1,68
2018-06-03 20:00:00,474,24,18,2018-09-08 6:00:00,63,-1,99
2018-06-03 20:00:00,458,24,12,2018-09-08 5:00:00,50,-1,97
2018-06-03 20:00:00,462,24,6,2018-09-08 4:00:00,25,-1,97
2018-06-03 20:00:00,455,24,5,2018-09-08 3:00:00,21,-1,98
2018-06-03 20:00:00,447,24,4,2018-09-08 2:00:00,17,-1,98
2018-06-03 20:00:00,446,24,4,2018-09-08 1:00:00,17,-1,98
2018-06-03 20:00:00,444,24,4,2018-09-08 0:00:00,17,-1,96
2018-06-03 20:00:00,437,24,3,2018-09-07 23:00:00,12,-1,98
2018-06-03 20:00:00,485,28,56,2018-08-29 2:00:00,151,-1,97
2018-06-03 20:00:00,489,28,51,2018-08-29 1:00:00,139,-1,95
2018-06-03 20:00:00,469,28,54,2018-08-29 0:00:00,146,-1,92
2018-06-03 20:00:00,483,28,55,2018-08-28 23:00:00,149,-1,92
2018-06-03 20:00:00,482,28,54,2018-08-28 22:00:00,146,-1,92
2018-06-03 20:00:00,480,29,67,2018-08-28 21:00:00,157,-1,89
2018-06-03 20:00:00,458,29,68,2018-08-28 20:00:00,157,-1,86
2018-06-03 20:00:00,441,30,87,2018-08-28 19:00:00,167,-1,81
2018-06-03 20:00:00,429,32,76,2018-08-28 18:00:00,162,-1,75
2018-06-03 20:00:00,412,33,65,2018-08-28 17:00:00,156,-1,68
2018-06-03 20:00:00,416,31,65,2018-08-28 16:00:00,156,-1,69
2018-06-03 20:00:00,423,29,28,2018-08-28 15:00:00,84,-1,68
2018-06-03 20:00:00,414,34,46,2018-08-28 14:00:00,127,-1,68
2018-06-03 20:00:00,416,34,52,2018-08-28 13:00:00,141,-1,66
2018-06-03 20:00:00,420,35,48,2018-08-28 12:00:00,132,-1,68
2018-06-03 20:00:00,427,35,56,2018-08-28 11:00:00,151,-1,66
2018-06-03 20:00:00,424,34,51,2018-08-28 10:00:00,139,-1,70
2018-06-03 20:00:00,428,34,49,2018-08-28 9:00:00,134,-1,72
2018-06-03 20:00:00,433,32,46,2018-08-28 8:00:00,127,-1,80
2018-06-03 20:00:00,479,29,60,2018-08-28 7:00:00,153,-1,94
2018-06-03 20:00:00,538,27,59,2018-08-28 6:00:00,153,-1,100
2018-06-03 20:00:00,564,27,55,2018-08-28 5:00:00,149,-1,99
2018-06-03 20:00:00,525,27,54,2018-08-28 4:00:00,146,-1,98
2018-06-03 20:00:00,524,27,51,2018-08-28 3:00:00,139,-1,98
2018-06-03 20:00:00,504,28,50,2018-08-28 2:00:00,137,-1,96
2018-06-03 20:00:00,486,28,49,2018-08-28 1:00:00,134,-1,95
2018-06-03 20:00:00,470,28,50,2018-08-28 0:00:00,137,-1,94
2018-06-03 20:00:00,462,28,54,2018-08-27 23:00:00,146,-1,93
2018-06-03 20:00:00,478,29,55,2018-08-27 22:00:00,149,-1,94
2018-06-03 20:00:00,471,29,58,2018-08-27 21:00:00,152,-1,93
2018-06-03 20:00:00,458,30,65,2018-08-27 20:00:00,156,-1,91
2018-06-03 20:00:00,445,30,61,2018-08-27 19:00:00,154,-1,87
2018-06-03 20:00:00,421,32,56,2018-08-27 18:00:00,151,-1,80
2018-06-03 20:00:00,417,32,55,2018-08-27 17:00:00,149,-1,74
2018-06-03 20:00:00,424,34,50,2018-08-27 16:00:00,137,-1,65
2018-06-03 20:00:00,429,35,61,2018-08-27 15:00:00,154,-1,61
2018-06-03 20:00:00,432,35,71,2018-08-27 14:00:00,159,-1,62
2018-06-03 20:00:00,434,35,71,2018-08-27 13:00:00,159,-1,64
2018-06-03 20:00:00,430,34,42,2018-08-27 12:00:00,117,-1,63
2018-06-03 20:00:00,438,35,42,2018-08-27 11:00:00,117,-1,62
2018-06-03 20:00:00,436,34,40,2018-08-27 10:00:00,112,-1,66
2018-06-03 20:00:00,437,32,46,2018-08-27 9:00:00,127,-1,76
2018-06-03 20:00:00,458,30,55,2018-08-27 8:00:00,149,-1,82
2018-06-03 20:00:00,476,28,65,2018-08-27 7:00:00,156,-1,93
2018-06-03 20:00:00,524,27,51,2018-08-27 6:00:00,139,-1,100
2018-06-03 20:00:00,523,26,32,2018-08-27 5:00:00,93,-1,100
2018-06-03 20:00:00,492,26,29,2018-08-27 4:00:00,86,-1,99
2018-06-03 20:00:00,475,26,31,2018-08-27 3:00:00,91,-1,97
2018-06-03 20:00:00,497,26,26,2018-08-27 2:00:00,80,-1,98
2018-06-03 20:00:00,492,26,23,2018-08-27 1:00:00,74,-1,96
2018-06-03 20:00:00,476,26,21,2018-08-27 0:00:00,70,-1,94
2018-06-03 20:00:00,470,26,22,2018-08-26 23:00:00,72,-1,94
2018-06-03 20:00:00,452,26,20,2018-08-26 22:00:00,68,-1,92
2018-06-03 20:00:00,426,27,29,2018-08-26 21:00:00,86,-1,93
2018-06-03 20:00:00,435,28,38,2018-08-26 20:00:00,107,-1,100
2018-06-03 20:00:00,417,28,42,2018-08-26 19:00:00,117,-1,93
2018-06-03 20:00:00,412,30,42,2018-08-26 18:00:00,117,-1,86
2018-06-03 20:00:00,414,31,42,2018-08-26 17:00:00,117,-1,81
2018-06-03 20:00:00,416,32,44,2018-08-26 16:00:00,122,-1,78
2018-06-03 20:00:00,435,33,40,2018-08-26 15:00:00,112,-1,68
2018-06-03 20:00:00,439,34,47,2018-08-26 14:00:00,129,-1,64
2018-06-03 20:00:00,444,34,47,2018-08-26 13:00:00,129,-1,64
2018-06-03 20:00:00,449,34,46,2018-08-26 12:00:00,127,-1,69
2018-06-03 20:00:00,436,33,38,2018-08-26 11:00:00,107,-1,71
2018-06-03 20:00:00,436,32,32,2018-08-26 10:00:00,93,-1,74
2018-06-03 20:00:00,428,30,34,2018-08-26 9:00:00,97,-1,80
2018-06-03 20:00:00,424,29,31,2018-08-26 8:00:00,91,-1,84
2018-06-03 20:00:00,418,26,18,2018-08-26 7:00:00,63,-1,90
2018-06-03 20:00:00,444,26,21,2018-08-26 6:00:00,70,-1,90
2018-06-03 20:00:00,477,27,28,2018-08-26 5:00:00,84,-1,92
2018-06-03 20:00:00,483,27,35,2018-08-26 4:00:00,99,-1,95
2018-06-03 20:00:00,490,27,40,2018-08-26 3:00:00,112,-1,96
2018-06-03 20:00:00,491,27,36,2018-08-26 2:00:00,102,-1,95
2018-06-03 20:00:00,498,28,42,2018-08-26 1:00:00,117,-1,93
2018-06-03 20:00:00,474,28,40,2018-08-26 0:00:00,112,-1,90
2018-06-03 20:00:00,456,28,38,2018-08-25 23:00:00,107,-1,89
2018-06-03 20:00:00,449,28,33,2018-08-25 22:00:00,95,-1,89
2018-06-03 20:00:00,439,29,42,2018-08-25 21:00:00,117,-1,88
2018-06-03 20:00:00,440,29,47,2018-08-25 20:00:00,129,-1,86
2018-06-03 20:00:00,430,30,44,2018-08-25 19:00:00,122,-1,82
2018-06-03 20:00:00,426,31,40,2018-08-25 18:00:00,112,-1,78
2018-06-03 20:00:00,421,33,38,2018-08-25 17:00:00,107,-1,74
2018-06-03 20:00:00,426,34,36,2018-08-25 16:00:00,102,-1,68
2018-06-03 20:00:00,430,34,41,2018-08-25 15:00:00,114,-1,65
2018-06-03 20:00:00,434,34,39,2018-08-25 14:00:00,110,-1,64
2018-06-03 20:00:00,434,34,38,2018-08-25 13:00:00,107,-1,67
2018-06-03 20:00:00,435,33,41,2018-08-25 12:00:00,114,-1,69
2018-06-03 20:00:00,434,32,38,2018-08-25 11:00:00,107,-1,73
2018-06-03 20:00:00,431,31,39,2018-08-25 10:00:00,110,-1,75
2018-06-03 20:00:00,431,30,39,2018-08-25 9:00:00,110,-1,76
2018-06-03 20:00:00,444,29,39,2018-08-25 8:00:00,110,-1,81
2018-06-03 20:00:00,467,28,45,2018-08-25 7:00:00,124,-1,91
2018-06-03 20:00:00,479,27,24,2018-08-25 6:00:00,76,-1,94
2018-06-03 20:00:00,488,27,26,2018-08-25 5:00:00,80,-1,93
2018-06-03 20:00:00,490,27,26,2018-08-25 4:00:00,80,-1,95
2018-06-03 20:00:00,482,27,26,2018-08-25 3:00:00,80,-1,98
2018-06-03 20:00:00,491,28,29,2018-08-25 2:00:00,86,-1,99
2018-06-03 20:00:00,503,28,32,2018-08-25 1:00:00,93,-1,98
2018-06-03 20:00:00,510,28,34,2018-08-25 0:00:00,97,-1,97
2018-06-03 20:00:00,480,28,43,2018-08-24 23:00:00,119,-1,95
2018-06-03 20:00:00,471,29,47,2018-08-24 22:00:00,129,-1,93
2018-06-03 20:00:00,463,29,44,2018-08-24 21:00:00,122,-1,92
2018-06-03 20:00:00,443,29,36,2018-08-24 20:00:00,102,-1,87
2018-06-03 20:00:00,432,30,28,2018-08-24 19:00:00,84,-1,81
2018-06-03 20:00:00,429,32,24,2018-08-24 18:00:00,76,-1,74
2018-06-03 20:00:00,430,33,24,2018-08-24 17:00:00,76,-1,70
2018-06-03 20:00:00,428,34,28,2018-08-24 16:00:00,84,-1,68
2018-06-03 20:00:00,436,34,44,2018-08-24 15:00:00,122,-1,66
2018-06-03 20:00:00,438,34,40,2018-08-24 14:00:00,112,-1,70
2018-06-03 20:00:00,447,34,42,2018-08-24 13:00:00,117,-1,69
2018-06-03 20:00:00,456,34,46,2018-08-24 12:00:00,127,-1,70
2018-06-03 20:00:00,458,34,44,2018-08-24 11:00:00,122,-1,71
2018-06-03 20:00:00,460,32,43,2018-08-24 10:00:00,119,-1,75
2018-06-03 20:00:00,463,31,48,2018-08-24 9:00:00,132,-1,80
2018-06-03 20:00:00,465,30,44,2018-08-24 8:00:00,122,-1,86
2018-06-03 20:00:00,483,29,42,2018-08-24 7:00:00,117,-1,93
2018-06-03 20:00:00,495,27,28,2018-08-24 6:00:00,84,-1,98
2018-06-03 20:00:00,510,27,28,2018-08-24 5:00:00,84,-1,100
2018-06-03 20:00:00,514,28,34,2018-08-24 4:00:00,97,-1,100
2018-06-03 20:00:00,505,28,40,2018-08-24 3:00:00,112,-1,100
2018-06-03 20:00:00,485,28,48,2018-08-24 2:00:00,132,-1,100
2018-06-03 20:00:00,472,28,59,2018-08-24 1:00:00,153,-1,100
2018-06-03 20:00:00,465,28,58,2018-08-24 0:00:00,152,-1,100
2018-06-03 20:00:00,455,28,58,2018-08-23 23:00:00,152,-1,100
2018-06-03 20:00:00,442,29,50,2018-08-23 22:00:00,137,-1,100
2018-06-03 20:00:00,437,29,47,2018-08-23 21:00:00,129,-1,100
2018-06-03 20:00:00,437,29,58,2018-08-23 20:00:00,152,-1,100
2018-06-03 20:00:00,433,30,53,2018-08-23 19:00:00,144,-1,98
2018-06-03 20:00:00,431,30,44,2018-08-23 18:00:00,122,-1,93
2018-06-03 20:00:00,429,31,44,2018-08-23 17:00:00,122,-1,88
2018-06-03 20:00:00,430,32,47,2018-08-23 16:00:00,129,-1,84
2018-06-03 20:00:00,438,33,45,2018-08-23 15:00:00,124,-1,80
2018-06-03 20:00:00,440,33,41,2018-08-23 14:00:00,114,-1,78
2018-06-03 20:00:00,446,33,42,2018-08-23 13:00:00,117,-1,81
2018-06-03 20:00:00,451,33,44,2018-08-23 12:00:00,122,-1,80
2018-06-03 20:00:00,455,32,48,2018-08-23 11:00:00,132,-1,82
2018-06-03 20:00:00,458,32,45,2018-08-23 10:00:00,124,-1,85
2018-06-03 20:00:00,461,31,49,2018-08-23 9:00:00,134,-1,88
2018-06-03 20:00:00,464,29,55,2018-08-23 8:00:00,149,-1,96
2018-06-03 20:00:00,471,27,62,2018-08-23 7:00:00,154,-1,100
2018-06-03 20:00:00,487,26,56,2018-08-23 6:00:00,151,-1,100
2018-06-03 20:00:00,484,26,53,2018-08-23 5:00:00,144,-1,100
2018-06-03 20:00:00,482,26,45,2018-08-23 4:00:00,124,-1,100
2018-06-03 20:00:00,483,27,44,2018-08-23 3:00:00,122,-1,100
2018-06-03 20:00:00,484,27,40,2018-08-23 2:00:00,112,-1,100
2018-06-03 20:00:00,465,27,41,2018-08-23 1:00:00,114,-1,100
2018-06-03 20:00:00,460,27,36,2018-08-23 0:00:00,102,-1,98
2018-06-03 20:00:00,468,27,41,2018-08-22 23:00:00,114,-1,99
2018-06-03 20:00:00,490,27,44,2018-08-22 22:00:00,122,-1,97
2018-06-03 20:00:00,482,27,43,2018-08-22 21:00:00,119,-1,96
2018-06-03 20:00:00,460,27,38,2018-08-22 19:00:00,107,-1,96
2018-06-03 20:00:00,464,27,37,2018-08-22 18:00:00,105,-1,96
2018-06-03 20:00:00,454,27,54,2018-08-22 17:00:00,146,-1,97
2018-06-03 20:00:00,437,26,32,2018-08-22 16:00:00,93,-1,97
2018-06-03 20:00:00,428,25,21,2018-08-22 15:00:00,70,-1,98
2018-06-03 20:00:00,428,31,44,2018-08-22 14:00:00,122,-1,82
2018-06-03 20:00:00,416,34,53,2018-08-22 13:00:00,144,-1,75
2018-06-03 20:00:00,419,35,47,2018-08-22 12:00:00,129,-1,73
2018-06-03 20:00:00,416,33,35,2018-08-22 11:00:00,99,-1,77
2018-06-03 20:00:00,427,31,25,2018-08-22 10:00:00,78,-1,80
2018-06-03 20:00:00,432,30,24,2018-08-22 9:00:00,76,-1,84
2018-06-03 20:00:00,435,28,24,2018-08-22 8:00:00,76,-1,93
2018-06-03 20:00:00,439,26,22,2018-08-22 7:00:00,72,-1,96
2018-06-03 20:00:00,432,26,17,2018-08-22 6:00:00,61,-1,96
2018-06-03 20:00:00,437,26,27,2018-08-22 5:00:00,82,-1,96
2018-06-03 20:00:00,546,27,63,2018-08-22 4:00:00,155,-1,100
2018-06-03 20:00:00,559,28,55,2018-08-22 3:00:00,149,-1,100
2018-06-03 20:00:00,534,28,53,2018-08-22 2:00:00,144,-1,100
2018-06-03 20:00:00,520,27,53,2018-08-22 1:00:00,144,-1,100
2018-06-03 20:00:00,506,27,52,2018-08-22 0:00:00,141,-1,98
2018-06-03 20:00:00,498,27,53,2018-08-21 23:00:00,144,-1,96
2018-06-03 20:00:00,488,27,43,2018-08-21 22:00:00,119,-1,96
2018-06-03 20:00:00,477,27,43,2018-08-21 21:00:00,119,-1,96
2018-06-03 20:00:00,473,27,37,2018-08-21 20:00:00,105,-1,95
2018-06-03 20:00:00,465,27,39,2018-08-21 19:00:00,110,-1,96
2018-06-03 20:00:00,446,27,31,2018-08-21 18:00:00,91,-1,95
2018-06-03 20:00:00,434,27,22,2018-08-21 17:00:00,72,-1,92
2018-06-03 20:00:00,429,27,22,2018-08-21 16:00:00,72,-1,88
2018-06-03 20:00:00,440,31,24,2018-08-21 15:00:00,76,-1,76
2018-06-03 20:00:00,427,34,67,2018-08-21 14:00:00,157,-1,74
2018-06-03 20:00:00,428,34,69,2018-08-21 13:00:00,158,-1,73
2018-06-03 20:00:00,433,34,78,2018-08-21 12:00:00,163,-1,75
2018-06-03 20:00:00,440,34,87,2018-08-21 11:00:00,167,-1,78
2018-06-03 20:00:00,440,32,84,2018-08-21 10:00:00,166,-1,84
2018-06-03 20:00:00,438,29,60,2018-08-21 9:00:00,153,-1,92
2018-06-03 20:00:00,436,26,29,2018-08-21 8:00:00,86,-1,95
2018-06-03 20:00:00,451,28,94,2018-08-21 7:00:00,171,-1,98
2018-06-03 20:00:00,452,28,85,2018-08-21 6:00:00,166,-1,99
2018-06-03 20:00:00,439,28,77,2018-08-21 5:00:00,162,-1,99
2018-06-03 20:00:00,434,28,75,2018-08-21 4:00:00,161,-1,100
2018-06-03 20:00:00,432,28,78,2018-08-21 3:00:00,163,-1,100
2018-06-03 20:00:00,428,28,81,2018-08-21 2:00:00,164,-1,99
2018-06-03 20:00:00,425,29,80,2018-08-21 1:00:00,164,-1,98
2018-06-03 20:00:00,422,29,73,2018-08-21 0:00:00,160,-1,95
2018-06-03 20:00:00,434,29,62,2018-08-20 23:00:00,154,-1,92
2018-06-03 20:00:00,450,30,43,2018-08-20 22:00:00,119,-1,87
2018-06-03 20:00:00,444,31,35,2018-08-20 21:00:00,99,-1,85
2018-06-03 20:00:00,440,31,46,2018-08-20 20:00:00,127,-1,83
2018-06-03 20:00:00,450,32,52,2018-08-20 19:00:00,141,-1,76
2018-06-03 20:00:00,433,33,51,2018-08-20 18:00:00,139,-1,72
2018-06-03 20:00:00,428,34,44,2018-08-20 17:00:00,122,-1,68
2018-06-03 20:00:00,427,34,36,2018-08-20 16:00:00,102,-1,67
2018-06-03 20:00:00,429,36,41,2018-08-20 15:00:00,114,-1,64
2018-06-03 20:00:00,432,36,38,2018-08-20 14:00:00,107,-1,62
2018-06-03 20:00:00,436,37,48,2018-08-20 13:00:00,132,-1,60
2018-06-03 20:00:00,443,37,41,2018-08-20 12:00:00,114,-1,60
2018-06-03 20:00:00,448,35,30,2018-08-20 10:00:00,88,-1,66
2018-06-03 20:00:00,461,34,43,2018-08-20 9:00:00,119,-1,70
2018-06-03 20:00:00,461,33,45,2018-08-20 8:00:00,124,-1,78
2018-06-03 20:00:00,505,30,120,2018-08-20 7:00:00,184,-1,92
2018-06-03 20:00:00,545,28,92,2018-08-20 6:00:00,170,-1,98
2018-06-03 20:00:00,555,28,82,2018-08-20 5:00:00,165,-1,98
2018-06-03 20:00:00,548,28,80,2018-08-20 4:00:00,164,-1,97
2018-06-03 20:00:00,529,29,72,2018-08-20 3:00:00,160,-1,97
2018-06-03 20:00:00,516,29,75,2018-08-20 2:00:00,161,-1,97
2018-06-03 20:00:00,492,29,67,2018-08-20 1:00:00,157,-1,97
2018-06-03 20:00:00,481,29,51,2018-08-20 0:00:00,139,-1,95
2018-06-03 20:00:00,483,30,51,2018-08-19 23:00:00,139,-1,93
2018-06-03 20:00:00,466,30,56,2018-08-19 22:00:00,151,-1,92
2018-06-03 20:00:00,458,30,49,2018-08-19 21:00:00,134,-1,90
2018-06-03 20:00:00,448,31,43,2018-08-19 20:00:00,119,-1,86
2018-06-03 20:00:00,442,32,44,2018-08-19 19:00:00,122,-1,84
2018-06-03 20:00:00,427,32,38,2018-08-19 18:00:00,107,-1,80
2018-06-03 20:00:00,424,33,39,2018-08-19 17:00:00,110,-1,77
2018-06-03 20:00:00,421,33,40,2018-08-19 16:00:00,112,-1,77
2018-06-03 20:00:00,428,33,41,2018-08-19 15:00:00,114,-1,75
2018-06-03 20:00:00,439,35,50,2018-08-19 14:00:00,137,-1,68
2018-06-03 20:00:00,441,35,44,2018-08-19 13:00:00,122,-1,66
2018-06-03 20:00:00,444,35,36,2018-08-19 12:00:00,102,-1,67
2018-06-03 20:00:00,448,35,33,2018-08-19 11:00:00,95,-1,70
2018-06-03 20:00:00,453,34,28,2018-08-19 10:00:00,84,-1,71
2018-06-03 20:00:00,460,32,42,2018-08-19 9:00:00,117,-1,77
2018-06-03 20:00:00,469,30,56,2018-08-19 8:00:00,151,-1,85
2018-06-03 20:00:00,489,28,70,2018-08-19 7:00:00,158,-1,93
2018-06-03 20:00:00,510,26,63,2018-08-19 6:00:00,155,-1,96
2018-06-03 20:00:00,516,26,33,2018-08-19 5:00:00,95,-1,96
2018-06-03 20:00:00,519,26,33,2018-08-19 4:00:00,95,-1,95
2018-06-03 20:00:00,508,27,35,2018-08-19 3:00:00,99,-1,94
2018-06-03 20:00:00,498,27,32,2018-08-19 2:00:00,93,-1,93
2018-06-03 20:00:00,495,27,31,2018-08-19 1:00:00,91,-1,92
2018-06-03 20:00:00,474,27,34,2018-08-19 0:00:00,97,-1,92
2018-06-03 20:00:00,464,27,40,2018-08-18 23:00:00,112,-1,90
2018-06-03 20:00:00,469,27,32,2018-08-18 22:00:00,93,-1,90
2018-06-03 20:00:00,458,28,36,2018-08-18 21:00:00,102,-1,87
2018-06-03 20:00:00,453,28,40,2018-08-18 20:00:00,112,-1,87
2018-06-03 20:00:00,444,28,31,2018-08-18 19:00:00,91,-1,90
2018-06-03 20:00:00,441,28,28,2018-08-18 18:00:00,84,-1,89
2018-06-03 20:00:00,438,29,76,2018-08-18 17:00:00,162,-1,89
2018-06-03 20:00:00,437,31,41,2018-08-18 16:00:00,114,-1,81
2018-06-03 20:00:00,431,33,37,2018-08-18 15:00:00,105,-1,72
2018-06-03 20:00:00,431,34,37,2018-08-18 14:00:00,105,-1,69
2018-06-03 20:00:00,433,35,29,2018-08-18 13:00:00,86,-1,68
2018-06-03 20:00:00,440,35,26,2018-08-18 12:00:00,80,-1,68
2018-06-03 20:00:00,444,35,32,2018-08-18 11:00:00,93,-1,70
2018-06-03 20:00:00,452,34,45,2018-08-18 10:00:00,124,-1,74
2018-06-03 20:00:00,455,33,46,2018-08-18 9:00:00,127,-1,76
2018-06-03 20:00:00,457,31,48,2018-08-18 8:00:00,132,-1,83
2018-06-03 20:00:00,472,28,64,2018-08-18 7:00:00,155,-1,93
2018-06-03 20:00:00,462,27,72,2018-08-18 6:00:00,160,-1,98
2018-06-03 20:00:00,464,27,72,2018-08-18 5:00:00,160,-1,99
2018-06-03 20:00:00,466,27,64,2018-08-18 4:00:00,155,-1,98
2018-06-03 20:00:00,454,27,41,2018-08-18 3:00:00,114,-1,97
2018-06-03 20:00:00,442,27,29,2018-08-18 2:00:00,86,-1,94
2018-06-03 20:00:00,441,27,26,2018-08-18 1:00:00,80,-1,93
2018-06-03 20:00:00,431,28,23,2018-08-18 0:00:00,74,-1,92
2018-06-03 20:00:00,423,28,24,2018-08-17 23:00:00,76,-1,91
2018-06-03 20:00:00,416,28,24,2018-08-17 22:00:00,76,-1,90
2018-06-03 20:00:00,415,28,40,2018-08-17 21:00:00,112,-1,90
2018-06-03 20:00:00,396,29,35,2018-08-17 20:00:00,99,-1,91
2018-06-03 20:00:00,397,31,50,2018-08-17 19:00:00,137,-1,86
2018-06-03 20:00:00,392,32,46,2018-08-17 18:00:00,127,-1,80
2018-06-03 20:00:00,396,32,51,2018-08-17 17:00:00,139,-1,76
2018-06-03 20:00:00,401,34,44,2018-08-17 16:00:00,122,-1,68
2018-06-03 20:00:00,405,36,56,2018-08-17 15:00:00,151,-1,63
2018-06-03 20:00:00,413,37,49,2018-08-17 14:00:00,134,-1,59
2018-06-03 20:00:00,415,36,34,2018-08-17 13:00:00,97,-1,60
2018-06-03 20:00:00,420,36,38,2018-08-17 12:00:00,107,-1,60
2018-06-03 20:00:00,418,36,41,2018-08-17 11:00:00,114,-1,62
2018-06-03 20:00:00,416,35,44,2018-08-17 10:00:00,122,-1,68
2018-06-03 20:00:00,420,33,59,2018-08-17 9:00:00,153,-1,76
2018-06-03 20:00:00,437,32,75,2018-08-17 8:00:00,161,-1,83
2018-06-03 20:00:00,464,30,89,2018-08-17 7:00:00,168,-1,93
2018-06-03 20:00:00,510,28,92,2018-08-17 6:00:00,170,-1,99
2018-06-03 20:00:00,536,28,90,2018-08-17 5:00:00,169,-1,100
2018-06-03 20:00:00,525,28,88,2018-08-17 4:00:00,168,-1,100
2018-06-03 20:00:00,528,28,87,2018-08-17 3:00:00,167,-1,100
2018-06-03 20:00:00,514,28,82,2018-08-17 2:00:00,165,-1,98
2018-06-03 20:00:00,505,28,80,2018-08-17 1:00:00,164,-1,98
2018-06-03 20:00:00,487,28,81,2018-08-17 0:00:00,164,-1,96
2018-06-03 20:00:00,468,28,80,2018-08-16 23:00:00,164,-1,94
2018-06-03 20:00:00,454,28,83,2018-08-16 22:00:00,165,-1,92
2018-06-03 20:00:00,445,29,74,2018-08-16 21:00:00,161,-1,92
2018-06-03 20:00:00,431,29,74,2018-08-16 20:00:00,161,-1,87
2018-06-03 20:00:00,425,30,65,2018-08-16 19:00:00,156,-1,83
2018-06-03 20:00:00,414,31,77,2018-08-16 18:00:00,162,-1,79
2018-06-03 20:00:00,409,33,68,2018-08-16 17:00:00,157,-1,72
2018-06-03 20:00:00,410,34,61,2018-08-16 16:00:00,154,-1,69
2018-06-03 20:00:00,412,34,56,2018-08-16 15:00:00,151,-1,69
2018-06-03 20:00:00,415,34,62,2018-08-16 14:00:00,154,-1,70
2018-06-03 20:00:00,415,33,74,2018-08-16 13:00:00,161,-1,71
2018-06-03 20:00:00,421,33,94,2018-08-16 12:00:00,171,-1,73
2018-06-03 20:00:00,423,33,81,2018-08-16 11:00:00,164,-1,76
2018-06-03 20:00:00,433,31,75,2018-08-16 8:00:00,161,-1,84
2018-06-03 20:00:00,437,29,66,2018-08-16 7:00:00,156,-1,94
2018-06-03 20:00:00,450,27,47,2018-08-16 6:00:00,129,-1,100
2018-06-03 20:00:00,461,27,41,2018-08-16 5:00:00,114,-1,100
2018-06-03 20:00:00,461,27,36,2018-08-16 4:00:00,102,-1,98
2018-06-03 20:00:00,459,27,40,2018-08-16 3:00:00,112,-1,97
2018-06-03 20:00:00,478,27,47,2018-08-16 2:00:00,129,-1,98
2018-06-03 20:00:00,470,28,49,2018-08-16 1:00:00,134,-1,96
2018-06-03 20:00:00,464,28,49,2018-08-16 0:00:00,134,-1,94
2018-06-03 20:00:00,465,28,61,2018-08-15 23:00:00,154,-1,91
2018-06-03 20:00:00,484,28,73,2018-08-15 22:00:00,160,-1,87
2018-06-03 20:00:00,482,28,66,2018-08-15 21:00:00,156,-1,86
2018-06-03 20:00:00,478,28,70,2018-08-15 20:00:00,158,-1,84
2018-06-03 20:00:00,450,29,50,2018-08-15 19:00:00,137,-1,80
2018-06-03 20:00:00,422,29,40,2018-08-15 18:00:00,112,-1,76
2018-06-03 20:00:00,420,30,46,2018-08-15 17:00:00,127,-1,74
2018-06-03 20:00:00,415,33,34,2018-08-15 16:00:00,97,-1,66
2018-06-03 20:00:00,416,34,33,2018-08-15 15:00:00,95,-1,64
2018-06-03 20:00:00,422,34,34,2018-08-15 14:00:00,97,-1,60
2018-06-03 20:00:00,428,35,32,2018-08-15 13:00:00,93,-1,60
2018-06-03 20:00:00,430,34,31,2018-08-15 12:00:00,91,-1,63
2018-06-03 20:00:00,426,32,39,2018-08-15 11:00:00,110,-1,73
2018-06-03 20:00:00,423,30,34,2018-08-15 10:00:00,97,-1,80
2018-06-03 20:00:00,420,29,30,2018-08-15 9:00:00,88,-1,85
2018-06-03 20:00:00,434,28,30,2018-08-15 7:00:00,88,-1,92
2018-06-03 20:00:00,430,27,24,2018-08-15 6:00:00,76,-1,95
2018-06-03 20:00:00,456,26,70,2018-08-15 5:00:00,158,-1,99
2018-06-03 20:00:00,465,26,36,2018-08-15 4:00:00,102,-1,99
2018-06-03 20:00:00,445,26,32,2018-08-15 3:00:00,93,-1,98
2018-06-03 20:00:00,447,27,27,2018-08-15 2:00:00,82,-1,98
2018-06-03 20:00:00,444,27,17,2018-08-15 1:00:00,61,-1,96
2018-06-03 20:00:00,441,27,16,2018-08-15 0:00:00,59,-1,95
2018-06-03 20:00:00,443,27,16,2018-08-14 23:00:00,59,-1,94
2018-06-03 20:00:00,432,28,15,2018-08-14 22:00:00,57,-1,93
2018-06-03 20:00:00,424,28,16,2018-08-14 21:00:00,59,-1,91
2018-06-03 20:00:00,417,28,19,2018-08-14 20:00:00,65,-1,89
2018-06-03 20:00:00,418,29,21,2018-08-14 19:00:00,70,-1,85
2018-06-03 20:00:00,412,30,21,2018-08-14 18:00:00,70,-1,80
2018-06-03 20:00:00,411,31,21,2018-08-14 17:00:00,70,-1,77
2018-06-03 20:00:00,412,32,17,2018-08-14 16:00:00,61,-1,75
2018-06-03 20:00:00,410,32,15,2018-08-14 15:00:00,57,-1,76
2018-06-03 20:00:00,408,32,14,2018-08-14 14:00:00,55,-1,77
2018-06-03 20:00:00,411,32,12,2018-08-14 13:00:00,50,-1,75
2018-06-03 20:00:00,415,32,9,2018-08-14 12:00:00,37,-1,76
2018-06-03 20:00:00,412,31,8,2018-08-14 11:00:00,33,-1,78
2018-06-03 20:00:00,412,29,6,2018-08-14 10:00:00,25,-1,83
2018-06-03 20:00:00,413,26,6,2018-08-14 9:00:00,25,-1,91
2018-06-03 20:00:00,422,25,15,2018-08-14 8:00:00,57,-1,94
2018-06-03 20:00:00,453,27,55,2018-08-14 7:00:00,149,-1,97
2018-06-03 20:00:00,455,27,52,2018-08-14 6:00:00,141,-1,98
2018-06-03 20:00:00,456,27,50,2018-08-14 5:00:00,137,-1,98
2018-06-03 20:00:00,445,27,52,2018-08-14 4:00:00,141,-1,98
2018-06-03 20:00:00,436,27,52,2018-08-14 3:00:00,141,-1,97
2018-06-03 20:00:00,437,27,50,2018-08-14 2:00:00,137,-1,97
2018-06-03 20:00:00,435,27,47,2018-08-14 1:00:00,129,-1,97
2018-06-03 20:00:00,436,27,45,2018-08-14 0:00:00,124,-1,96
2018-06-03 20:00:00,429,27,42,2018-08-13 23:00:00,117,-1,96
2018-06-03 20:00:00,428,28,40,2018-08-13 22:00:00,112,-1,94
2018-06-03 20:00:00,418,28,38,2018-08-13 21:00:00,107,-1,94
2018-06-03 20:00:00,416,29,42,2018-08-13 20:00:00,117,-1,92
2018-06-03 20:00:00,414,29,39,2018-08-13 19:00:00,110,-1,88
2018-06-03 20:00:00,406,30,33,2018-08-13 18:00:00,95,-1,84
2018-06-03 20:00:00,402,31,30,2018-08-13 17:00:00,88,-1,80
2018-06-03 20:00:00,402,32,31,2018-08-13 16:00:00,91,-1,77
2018-06-03 20:00:00,398,33,30,2018-08-13 15:00:00,88,-1,75
2018-06-03 20:00:00,400,33,28,2018-08-13 14:00:00,84,-1,74
2018-06-03 20:00:00,408,33,31,2018-08-13 13:00:00,91,-1,72
2018-06-03 20:00:00,414,33,34,2018-08-13 12:00:00,97,-1,74
2018-06-03 20:00:00,423,33,29,2018-08-13 11:00:00,86,-1,69
2018-06-03 20:00:00,426,32,27,2018-08-13 10:00:00,82,-1,73
2018-06-03 20:00:00,429,30,26,2018-08-13 9:00:00,80,-1,80
2018-06-03 20:00:00,432,29,25,2018-08-13 8:00:00,78,-1,85
2018-06-03 20:00:00,438,28,22,2018-08-13 7:00:00,72,-1,88
2018-06-03 20:00:00,444,27,18,2018-08-13 6:00:00,63,-1,90
2018-06-03 20:00:00,446,27,17,2018-08-13 5:00:00,61,-1,90
2018-06-03 20:00:00,446,27,18,2018-08-13 4:00:00,63,-1,90
2018-06-03 20:00:00,440,27,26,2018-08-13 3:00:00,80,-1,92
2018-06-03 20:00:00,437,27,37,2018-08-13 2:00:00,105,-1,94
2018-06-03 20:00:00,434,28,33,2018-08-13 1:00:00,95,-1,96
2018-06-03 20:00:00,430,28,34,2018-08-13 0:00:00,97,-1,94
2018-06-03 20:00:00,432,28,34,2018-08-12 23:00:00,97,-1,95
2018-06-03 20:00:00,429,29,34,2018-08-12 22:00:00,97,-1,95
2018-06-03 20:00:00,419,29,34,2018-08-12 21:00:00,97,-1,94
2018-06-03 20:00:00,415,29,38,2018-08-12 20:00:00,107,-1,94
2018-06-03 20:00:00,415,29,40,2018-08-12 19:00:00,112,-1,94
2018-06-03 20:00:00,414,30,42,2018-08-12 18:00:00,117,-1,95
2018-06-03 20:00:00,402,30,40,2018-08-12 17:00:00,112,-1,91
2018-06-03 20:00:00,401,32,42,2018-08-12 16:00:00,117,-1,83
2018-06-03 20:00:00,407,34,47,2018-08-12 15:00:00,129,-1,76
2018-06-03 20:00:00,411,34,50,2018-08-12 14:00:00,137,-1,73
2018-06-03 20:00:00,419,35,57,2018-08-12 13:00:00,152,-1,71
2018-06-03 20:00:00,428,35,59,2018-08-12 12:00:00,153,-1,69
2018-06-03 20:00:00,428,35,54,2018-08-12 11:00:00,146,-1,68
2018-06-03 20:00:00,430,34,56,2018-08-12 10:00:00,151,-1,68
2018-06-03 20:00:00,431,33,57,2018-08-12 9:00:00,152,-1,74
2018-06-03 20:00:00,434,30,60,2018-08-12 8:00:00,153,-1,81
2018-06-03 20:00:00,454,29,50,2018-08-12 7:00:00,137,-1,88
2018-06-03 20:00:00,480,28,38,2018-08-12 6:00:00,107,-1,94
2018-06-03 20:00:00,473,27,38,2018-08-12 5:00:00,107,-1,94
2018-06-03 20:00:00,479,27,47,2018-08-12 4:00:00,129,-1,98
2018-06-03 20:00:00,484,27,47,2018-08-12 3:00:00,129,-1,100
2018-06-03 20:00:00,478,27,51,2018-08-12 2:00:00,139,-1,100
2018-06-03 20:00:00,459,27,46,2018-08-12 1:00:00,127,-1,99
2018-06-03 20:00:00,453,28,45,2018-08-12 0:00:00,124,-1,97
2018-06-03 20:00:00,433,28,45,2018-08-11 23:00:00,124,-1,97
2018-06-03 20:00:00,425,27,47,2018-08-11 22:00:00,129,-1,97
2018-06-03 20:00:00,422,28,45,2018-08-11 21:00:00,124,-1,96
2018-06-03 20:00:00,417,28,35,2018-08-11 20:00:00,99,-1,95
2018-06-03 20:00:00,405,28,29,2018-08-11 19:00:00,86,-1,92
2018-06-03 20:00:00,400,29,39,2018-08-11 18:00:00,110,-1,89
2018-06-03 20:00:00,400,29,30,2018-08-11 17:00:00,88,-1,85
2018-06-03 20:00:00,398,30,35,2018-08-11 16:00:00,99,-1,84
2018-06-03 20:00:00,404,31,44,2018-08-11 15:00:00,122,-1,82
2018-06-03 20:00:00,413,34,53,2018-08-11 14:00:00,144,-1,74
2018-06-03 20:00:00,416,34,48,2018-08-11 13:00:00,132,-1,70
2018-06-03 20:00:00,413,34,56,2018-08-11 12:00:00,151,-1,72
2018-06-03 20:00:00,412,33,54,2018-08-11 11:00:00,146,-1,78
2018-06-03 20:00:00,422,36,41,2018-08-11 10:00:00,114,-1,70
2018-06-03 20:00:00,422,34,46,2018-08-11 9:00:00,127,-1,78
2018-06-03 20:00:00,432,32,68,2018-08-11 8:00:00,157,-1,86
2018-06-03 20:00:00,452,30,94,2018-08-11 7:00:00,171,-1,93
2018-06-03 20:00:00,488,28,128,2018-08-11 6:00:00,188,-1,100
2018-06-03 20:00:00,510,27,116,2018-08-11 5:00:00,182,-1,100
2018-06-03 20:00:00,506,28,86,2018-08-11 4:00:00,167,-1,100
2018-06-03 20:00:00,491,28,77,2018-08-11 3:00:00,162,-1,100
2018-06-03 20:00:00,466,28,78,2018-08-11 2:00:00,163,-1,100
2018-06-03 20:00:00,452,28,72,2018-08-11 1:00:00,160,-1,100
2018-06-03 20:00:00,451,28,71,2018-08-11 0:00:00,159,-1,99
2018-06-03 20:00:00,463,28,71,2018-08-10 23:00:00,159,-1,99
2018-06-03 20:00:00,446,29,64,2018-08-10 22:00:00,155,-1,97
2018-06-03 20:00:00,444,29,62,2018-08-10 21:00:00,154,-1,95
2018-06-03 20:00:00,466,29,69,2018-08-10 20:00:00,158,-1,93
2018-06-03 20:00:00,435,31,49,2018-08-10 19:00:00,134,-1,87
2018-06-03 20:00:00,406,32,42,2018-08-10 18:00:00,117,-1,81
2018-06-03 20:00:00,400,32,38,2018-08-10 17:00:00,107,-1,78
2018-06-03 20:00:00,394,32,36,2018-08-10 16:00:00,102,-1,80
2018-06-03 20:00:00,399,31,39,2018-08-10 15:00:00,110,-1,86
2018-06-03 20:00:00,398,29,32,2018-08-10 14:00:00,93,-1,90
2018-06-03 20:00:00,402,29,46,2018-08-10 13:00:00,127,-1,89
2018-06-03 20:00:00,406,32,47,2018-08-10 12:00:00,129,-1,79
2018-06-03 20:00:00,411,34,38,2018-08-10 11:00:00,107,-1,69
2018-06-03 20:00:00,416,34,39,2018-08-10 10:00:00,110,-1,68
2018-06-03 20:00:00,422,33,39,2018-08-10 9:00:00,110,-1,71
2018-06-03 20:00:00,430,32,44,2018-08-10 8:00:00,122,-1,79
2018-06-03 20:00:00,435,29,47,2018-08-10 7:00:00,129,-1,89
2018-06-03 20:00:00,474,27,45,2018-08-10 6:00:00,124,-1,99
2018-06-03 20:00:00,488,26,37,2018-08-10 5:00:00,105,-1,98
2018-06-03 20:00:00,480,26,35,2018-08-10 4:00:00,99,-1,98
2018-06-03 20:00:00,480,26,34,2018-08-10 3:00:00,97,-1,97
2018-06-03 20:00:00,460,26,31,2018-08-10 2:00:00,91,-1,94
2018-06-03 20:00:00,450,27,32,2018-08-10 1:00:00,93,-1,94
2018-06-03 20:00:00,424,27,32,2018-08-10 0:00:00,93,-1,93
2018-06-03 20:00:00,430,27,45,2018-08-09 23:00:00,124,-1,94
2018-06-03 20:00:00,428,28,40,2018-08-09 22:00:00,112,-1,93
2018-06-03 20:00:00,427,28,44,2018-08-09 21:00:00,122,-1,92
2018-06-03 20:00:00,413,30,48,2018-08-09 19:00:00,132,-1,82
2018-06-03 20:00:00,409,31,45,2018-08-09 18:00:00,124,-1,76
2018-06-03 20:00:00,408,32,36,2018-08-09 17:00:00,102,-1,73
2018-06-03 20:00:00,410,33,48,2018-08-09 15:00:00,132,-1,73
2018-06-03 20:00:00,415,34,40,2018-08-09 14:00:00,112,-1,72
2018-06-03 20:00:00,416,33,28,2018-08-09 13:00:00,84,-1,74
2018-06-03 20:00:00,414,32,46,2018-08-09 12:00:00,127,-1,78
2018-06-03 20:00:00,412,30,28,2018-08-09 11:00:00,84,-1,85
2018-06-03 20:00:00,416,29,34,2018-08-09 10:00:00,97,-1,87
2018-06-03 20:00:00,422,29,28,2018-08-09 9:00:00,84,-1,89
2018-06-03 20:00:00,426,28,26,2018-08-09 8:00:00,80,-1,92
2018-06-03 20:00:00,434,27,24,2018-08-09 7:00:00,76,-1,94
2018-06-03 20:00:00,427,27,45,2018-08-09 1:00:00,124,-1,99
2018-06-03 20:00:00,428,27,39,2018-08-09 0:00:00,110,-1,98
2018-06-03 20:00:00,425,27,42,2018-08-08 23:00:00,117,-1,98
2018-06-03 20:00:00,422,27,44,2018-08-08 22:00:00,122,-1,98
2018-06-03 20:00:00,416,27,40,2018-08-08 21:00:00,112,-1,96
2018-06-03 20:00:00,411,27,32,2018-08-08 20:00:00,93,-1,94
2018-06-03 20:00:00,408,28,24,2018-08-08 19:00:00,76,-1,92
2018-06-03 20:00:00,396,29,8,2018-08-08 17:00:00,33,-1,84
2018-06-03 20:00:00,396,29,8,2018-08-08 16:00:00,33,-1,85
2018-06-03 20:00:00,399,28,15,2018-08-08 15:00:00,57,-1,89
2018-06-03 20:00:00,405,28,11,2018-08-08 14:00:00,45,-1,90
2018-06-03 20:00:00,416,29,20,2018-08-08 13:00:00,68,-1,81
2018-06-03 20:00:00,415,33,18,2018-08-08 12:00:00,63,-1,66
2018-06-03 20:00:00,418,33,24,2018-08-08 11:00:00,76,-1,67
2018-06-03 20:00:00,424,32,57,2018-08-08 9:00:00,152,-1,73
2018-06-03 20:00:00,435,30,36,2018-08-08 8:00:00,102,-1,78
2018-06-03 20:00:00,436,28,38,2018-08-08 7:00:00,107,-1,87
2018-06-03 20:00:00,445,25,42,2018-08-08 6:00:00,117,-1,96
2018-06-03 20:00:00,455,25,63,2018-08-08 5:00:00,155,-1,98
2018-06-03 20:00:00,448,25,58,2018-08-08 4:00:00,152,-1,98
2018-06-03 20:00:00,442,25,49,2018-08-08 3:00:00,134,-1,98
2018-06-03 20:00:00,427,25,38,2018-08-08 2:00:00,107,-1,97
2018-06-03 20:00:00,424,25,37,2018-08-08 1:00:00,105,-1,96
2018-06-03 20:00:00,423,25,37,2018-08-08 0:00:00,105,-1,96
2018-06-03 20:00:00,417,25,40,2018-08-07 23:00:00,112,-1,97
2018-06-03 20:00:00,414,25,42,2018-08-07 22:00:00,117,-1,98
2018-06-03 20:00:00,413,25,46,2018-08-07 21:00:00,127,-1,98
2018-06-03 20:00:00,415,25,40,2018-08-07 20:00:00,112,-1,96
2018-06-03 20:00:00,412,26,30,2018-08-07 19:00:00,88,-1,93
2018-06-03 20:00:00,410,26,29,2018-08-07 18:00:00,86,-1,91
2018-06-03 20:00:00,408,26,27,2018-08-07 17:00:00,82,-1,90
2018-06-03 20:00:00,410,27,24,2018-08-07 16:00:00,76,-1,90
2018-06-03 20:00:00,408,28,25,2018-08-07 15:00:00,78,-1,87
2018-06-03 20:00:00,410,28,28,2018-08-07 14:00:00,84,-1,86
2018-06-03 20:00:00,409,27,32,2018-08-07 13:00:00,93,-1,89
2018-06-03 20:00:00,413,27,35,2018-08-07 12:00:00,99,-1,88
2018-06-03 20:00:00,414,27,42,2018-08-07 11:00:00,117,-1,88
2018-06-03 20:00:00,421,27,46,2018-08-07 10:00:00,127,-1,90
2018-06-03 20:00:00,418,27,40,2018-08-07 9:00:00,112,-1,90
2018-06-03 20:00:00,422,26,46,2018-08-07 8:00:00,127,-1,92
2018-06-03 20:00:00,423,25,44,2018-08-07 7:00:00,122,-1,96
2018-06-03 20:00:00,426,25,37,2018-08-07 6:00:00,105,-1,96
2018-06-03 20:00:00,426,25,38,2018-08-07 5:00:00,107,-1,94
2018-06-03 20:00:00,429,26,42,2018-08-07 4:00:00,117,-1,95
2018-06-03 20:00:00,430,26,50,2018-08-07 3:00:00,137,-1,95
2018-06-03 20:00:00,428,26,59,2018-08-07 2:00:00,153,-1,96
2018-06-03 20:00:00,428,26,65,2018-08-07 1:00:00,156,-1,95
2018-06-03 20:00:00,425,27,60,2018-08-07 0:00:00,153,-1,95
2018-06-03 20:00:00,422,27,66,2018-08-06 23:00:00,156,-1,97
2018-06-03 20:00:00,420,27,69,2018-08-06 22:00:00,158,-1,97
2018-06-03 20:00:00,417,28,67,2018-08-06 21:00:00,157,-1,95
2018-06-03 20:00:00,417,28,65,2018-08-06 20:00:00,156,-1,94
2018-06-03 20:00:00,416,28,61,2018-08-06 19:00:00,154,-1,93
2018-06-03 20:00:00,414,29,66,2018-08-06 18:00:00,156,-1,91
2018-06-03 20:00:00,410,30,59,2018-08-06 17:00:00,153,-1,88
2018-06-03 20:00:00,412,30,58,2018-08-06 16:00:00,152,-1,82
2018-06-03 20:00:00,408,31,55,2018-08-06 15:00:00,149,-1,84
2018-06-03 20:00:00,422,29,72,2018-08-06 0:00:00,160,-1,95
2018-06-03 20:00:00,419,29,72,2018-08-05 23:00:00,160,-1,94
2018-06-03 20:00:00,417,30,83,2018-08-05 22:00:00,165,-1,91
2018-06-03 20:00:00,414,31,91,2018-08-05 21:00:00,169,-1,88
2018-06-03 20:00:00,408,31,77,2018-08-05 20:00:00,162,-1,82
2018-06-03 20:00:00,404,32,79,2018-08-05 19:00:00,163,-1,79
2018-06-03 20:00:00,400,33,76,2018-08-05 18:00:00,162,-1,74
2018-06-03 20:00:00,400,34,85,2018-08-05 17:00:00,166,-1,70
2018-06-03 20:00:00,402,35,78,2018-08-05 16:00:00,163,-1,66
2018-06-03 20:00:00,406,36,82,2018-08-05 15:00:00,165,-1,63
2018-06-03 20:00:00,412,37,89,2018-08-05 14:00:00,168,-1,60
2018-06-03 20:00:00,418,36,90,2018-08-05 13:00:00,169,-1,60
2018-06-03 20:00:00,419,35,91,2018-08-05 12:00:00,169,-1,65
2018-06-03 20:00:00,426,35,102,2018-08-05 11:00:00,175,-1,65
2018-06-03 20:00:00,428,33,105,2018-08-05 10:00:00,177,-1,68
2018-06-03 20:00:00,432,32,96,2018-08-05 9:00:00,172,-1,73
2018-06-03 20:00:00,432,30,91,2018-08-05 8:00:00,169,-1,79
2018-06-03 20:00:00,439,30,79,2018-08-05 7:00:00,163,-1,85
2018-06-03 20:00:00,452,28,78,2018-08-05 6:00:00,163,-1,91
2018-06-03 20:00:00,457,29,76,2018-08-05 5:00:00,162,-1,90
2018-06-03 20:00:00,462,29,91,2018-08-05 4:00:00,169,-1,90
2018-06-03 20:00:00,458,29,84,2018-08-05 3:00:00,166,-1,91
2018-06-03 20:00:00,467,29,78,2018-08-05 2:00:00,163,-1,91
2018-06-03 20:00:00,469,29,76,2018-08-05 1:00:00,162,-1,90
2018-06-03 20:00:00,474,29,83,2018-08-05 0:00:00,165,-1,89
2018-06-03 20:00:00,444,30,92,2018-08-04 23:00:00,170,-1,86
2018-06-03 20:00:00,441,30,112,2018-08-04 22:00:00,180,-1,85
2018-06-03 20:00:00,429,31,108,2018-08-04 21:00:00,178,-1,82
2018-06-03 20:00:00,418,31,102,2018-08-04 20:00:00,175,-1,79
2018-06-03 20:00:00,414,32,110,2018-08-04 19:00:00,179,-1,77
2018-06-03 20:00:00,407,33,111,2018-08-04 18:00:00,180,-1,74
2018-06-03 20:00:00,402,34,134,2018-08-04 17:00:00,191,-1,70
2018-06-03 20:00:00,405,35,104,2018-08-04 16:00:00,176,-1,68
2018-06-03 20:00:00,434,36,105,2018-08-04 15:00:00,177,-1,65
2018-06-03 20:00:00,430,36,110,2018-08-04 14:00:00,179,-1,62
2018-06-03 20:00:00,440,36,119,2018-08-04 13:00:00,184,-1,60
2018-06-03 20:00:00,447,36,127,2018-08-04 12:00:00,188,-1,62
2018-06-03 20:00:00,458,35,142,2018-08-04 11:00:00,196,-1,62
2018-06-03 20:00:00,459,34,123,2018-08-04 10:00:00,186,-1,68
2018-06-03 20:00:00,456,33,118,2018-08-04 9:00:00,183,-1,71
2018-06-03 20:00:00,450,32,98,2018-08-04 8:00:00,173,-1,78
2018-06-03 20:00:00,440,30,79,2018-08-04 7:00:00,163,-1,88
2018-06-03 20:00:00,464,28,76,2018-08-04 6:00:00,162,-1,94
2018-06-03 20:00:00,501,28,73,2018-08-04 5:00:00,160,-1,94
2018-06-03 20:00:00,505,28,68,2018-08-04 4:00:00,157,-1,94
2018-06-03 20:00:00,537,28,80,2018-08-04 3:00:00,164,-1,93
2018-06-03 20:00:00,525,28,68,2018-08-04 2:00:00,157,-1,90
2018-06-03 20:00:00,522,28,68,2018-08-04 1:00:00,157,-1,88
2018-06-03 20:00:00,511,29,70,2018-08-04 0:00:00,158,-1,86
2018-06-03 20:00:00,476,29,76,2018-08-03 23:00:00,162,-1,85
2018-06-03 20:00:00,448,29,83,2018-08-03 22:00:00,165,-1,84
2018-06-03 20:00:00,436,30,88,2018-08-03 21:00:00,168,-1,83
2018-06-03 20:00:00,430,30,93,2018-08-03 20:00:00,170,-1,81
2018-06-03 20:00:00,429,31,103,2018-08-03 19:00:00,176,-1,77
2018-06-03 20:00:00,424,32,119,2018-08-03 18:00:00,184,-1,71
2018-06-03 20:00:00,422,33,137,2018-08-03 17:00:00,193,-1,66
2018-06-03 20:00:00,422,34,86,2018-08-03 16:00:00,167,-1,65
2018-06-03 20:00:00,426,35,95,2018-08-03 15:00:00,171,-1,60
2018-06-03 20:00:00,430,36,92,2018-08-03 14:00:00,170,-1,57
2018-06-03 20:00:00,437,37,82,2018-08-03 13:00:00,165,-1,56
2018-06-03 20:00:00,441,36,76,2018-08-03 12:00:00,162,-1,58
2018-06-03 20:00:00,443,35,88,2018-08-03 11:00:00,168,-1,61
2018-06-03 20:00:00,439,35,93,2018-08-03 10:00:00,170,-1,61
2018-06-03 20:00:00,496,29,80,2018-08-03 1:00:00,164,-1,89
2018-06-03 20:00:00,467,29,91,2018-08-03 0:00:00,169,-1,90
2018-06-03 20:00:00,475,30,85,2018-08-02 23:00:00,166,-1,88
2018-06-03 20:00:00,450,30,91,2018-08-02 22:00:00,169,-1,88
2018-06-03 20:00:00,440,30,86,2018-08-02 21:00:00,167,-1,86
2018-06-03 20:00:00,432,30,100,2018-08-02 20:00:00,174,-1,84
2018-06-03 20:00:00,424,31,100,2018-08-02 19:00:00,174,-1,82
2018-06-03 20:00:00,428,33,86,2018-08-02 18:00:00,167,-1,74
2018-06-03 20:00:00,423,33,87,2018-08-02 17:00:00,167,-1,71
2018-06-03 20:00:00,422,34,92,2018-08-02 16:00:00,170,-1,66
2018-06-03 20:00:00,431,35,102,2018-08-02 15:00:00,175,-1,64
2018-06-03 20:00:00,441,35,104,2018-08-02 14:00:00,176,-1,63
2018-06-03 20:00:00,446,36,92,2018-08-02 13:00:00,170,-1,63
2018-06-03 20:00:00,456,36,88,2018-08-02 12:00:00,168,-1,61
2018-06-03 20:00:00,456,34,87,2018-08-02 11:00:00,167,-1,66
2018-06-03 20:00:00,454,33,94,2018-08-02 10:00:00,171,-1,68
2018-06-03 20:00:00,476,27,38,2018-08-02 4:00:00,107,-1,95
2018-06-03 20:00:00,472,27,41,2018-08-02 3:00:00,114,-1,94
2018-06-03 20:00:00,460,28,46,2018-08-02 2:00:00,127,-1,94
2018-06-03 20:00:00,457,28,49,2018-08-02 1:00:00,134,-1,94
2018-06-03 20:00:00,453,28,58,2018-08-02 0:00:00,152,-1,92
2018-06-03 20:00:00,439,29,51,2018-08-01 23:00:00,139,-1,89
2018-06-03 20:00:00,438,30,70,2018-08-01 22:00:00,158,-1,92
2018-06-03 20:00:00,464,30,79,2018-08-01 21:00:00,163,-1,89
2018-06-03 20:00:00,452,31,72,2018-08-01 20:00:00,160,-1,81
2018-06-03 20:00:00,424,34,70,2018-08-01 18:00:00,158,-1,73
2018-06-03 20:00:00,419,35,74,2018-08-01 17:00:00,161,-1,69
2018-06-03 20:00:00,420,35,75,2018-08-01 16:00:00,161,-1,68
2018-06-03 20:00:00,424,35,71,2018-08-01 15:00:00,159,-1,65
2018-06-03 20:00:00,429,36,74,2018-08-01 14:00:00,161,-1,64
2018-06-03 20:00:00,433,35,75,2018-08-01 13:00:00,161,-1,64
2018-06-03 20:00:00,438,35,74,2018-08-01 12:00:00,161,-1,64
2018-06-03 20:00:00,440,34,71,2018-08-01 11:00:00,159,-1,67
2018-06-03 20:00:00,448,34,83,2018-08-01 10:00:00,165,-1,67
2018-06-03 20:00:00,453,33,71,2018-08-01 9:00:00,159,-1,66
2018-06-03 20:00:00,454,33,62,2018-08-01 8:00:00,154,-1,70
2018-06-03 20:00:00,456,31,61,2018-08-01 7:00:00,154,-1,80
2018-06-03 20:00:00,475,29,63,2018-08-01 6:00:00,155,-1,95
2018-06-03 20:00:00,531,28,54,2018-08-01 5:00:00,146,-1,98
2018-06-03 20:00:00,528,28,59,2018-08-01 4:00:00,153,-1,98
2018-06-03 20:00:00,508,29,56,2018-08-01 3:00:00,151,-1,94
2018-06-03 20:00:00,534,29,47,2018-08-01 2:00:00,129,-1,88
2018-06-03 20:00:00,520,29,53,2018-08-01 1:00:00,144,-1,88
2018-06-03 20:00:00,520,29,60,2018-08-01 0:00:00,153,-1,88
2018-06-03 20:00:00,512,30,61,2018-07-31 23:00:00,154,-1,86
2018-06-03 20:00:00,517,30,64,2018-07-31 22:00:00,155,-1,86
2018-06-03 20:00:00,523,31,63,2018-07-31 21:00:00,155,-1,83
2018-06-03 20:00:00,501,31,65,2018-07-31 20:00:00,156,-1,83
2018-06-03 20:00:00,484,32,49,2018-07-31 19:00:00,134,-1,79
2018-06-03 20:00:00,441,32,55,2018-07-31 18:00:00,149,-1,73
2018-06-03 20:00:00,427,33,56,2018-07-31 17:00:00,151,-1,65
2018-06-03 20:00:00,429,34,58,2018-07-31 16:00:00,152,-1,65
2018-06-03 20:00:00,427,35,58,2018-07-31 15:00:00,152,-1,62
2018-06-03 20:00:00,427,34,62,2018-07-31 14:00:00,154,-1,70
2018-06-03 20:00:00,428,33,52,2018-07-31 13:00:00,141,-1,78
2018-06-03 20:00:00,445,33,67,2018-07-31 12:00:00,157,-1,76
2018-06-03 20:00:00,462,35,73,2018-07-31 11:00:00,160,-1,71
2018-06-03 20:00:00,447,35,63,2018-07-31 10:00:00,155,-1,70
2018-06-03 20:00:00,430,34,46,2018-07-31 9:00:00,127,-1,70
2018-06-03 20:00:00,419,31,33,2018-07-31 8:00:00,95,-1,75
2018-06-03 20:00:00,422,28,35,2018-07-31 7:00:00,99,-1,80
2018-06-03 20:00:00,509,28,78,2018-07-31 6:00:00,163,-1,95
2018-06-03 20:00:00,575,28,97,2018-07-31 5:00:00,172,-1,97
2018-06-03 20:00:00,576,28,94,2018-07-31 4:00:00,171,-1,95
2018-06-03 20:00:00,557,28,82,2018-07-31 3:00:00,165,-1,92
2018-06-03 20:00:00,534,29,88,2018-07-31 2:00:00,168,-1,90
2018-06-03 20:00:00,534,29,82,2018-07-31 1:00:00,165,-1,87
2018-06-03 20:00:00,502,29,81,2018-07-31 0:00:00,164,-1,88
2018-06-03 20:00:00,493,29,91,2018-07-30 23:00:00,169,-1,88
2018-06-03 20:00:00,497,30,100,2018-07-30 22:00:00,174,-1,88
2018-06-03 20:00:00,527,30,90,2018-07-30 21:00:00,169,-1,86
2018-06-03 20:00:00,481,31,80,2018-07-30 20:00:00,164,-1,82
2018-06-03 20:00:00,455,32,64,2018-07-30 19:00:00,155,-1,76
2018-06-03 20:00:00,437,33,56,2018-07-30 18:00:00,151,-1,70
2018-06-03 20:00:00,426,34,51,2018-07-30 17:00:00,139,-1,66
2018-06-03 20:00:00,423,34,64,2018-07-30 16:00:00,155,-1,68
2018-06-03 20:00:00,422,34,65,2018-07-30 15:00:00,156,-1,68
2018-06-03 20:00:00,423,35,56,2018-07-30 14:00:00,151,-1,65
2018-06-03 20:00:00,424,35,44,2018-07-30 13:00:00,122,-1,65
2018-06-03 20:00:00,424,35,42,2018-07-30 12:00:00,117,-1,66
2018-06-03 20:00:00,426,35,35,2018-07-30 11:00:00,99,-1,65
2018-06-03 20:00:00,425,34,31,2018-07-30 10:00:00,91,-1,67
2018-06-03 20:00:00,429,33,32,2018-07-30 9:00:00,93,-1,71
2018-06-03 20:00:00,430,32,36,2018-07-30 8:00:00,102,-1,77
2018-06-03 20:00:00,447,29,40,2018-07-30 7:00:00,112,-1,88
2018-06-03 20:00:00,519,27,52,2018-07-30 6:00:00,141,-1,98
2018-06-03 20:00:00,563,26,50,2018-07-30 5:00:00,137,-1,98
2018-06-03 20:00:00,563,26,47,2018-07-30 4:00:00,129,-1,98
2018-06-03 20:00:00,562,26,40,2018-07-30 3:00:00,112,-1,97
2018-06-03 20:00:00,509,26,41,2018-07-30 2:00:00,114,-1,96
2018-06-03 20:00:00,532,26,31,2018-07-30 1:00:00,91,-1,95
2018-06-03 20:00:00,520,27,24,2018-07-30 0:00:00,76,-1,96
2018-06-03 20:00:00,511,27,24,2018-07-29 23:00:00,76,-1,92
2018-06-03 20:00:00,504,27,24,2018-07-29 22:00:00,76,-1,90
2018-06-03 20:00:00,473,28,22,2018-07-29 21:00:00,72,-1,88
2018-06-03 20:00:00,445,28,18,2018-07-29 20:00:00,63,-1,84
2018-06-03 20:00:00,436,29,22,2018-07-29 19:00:00,72,-1,82
2018-06-03 20:00:00,450,31,33,2018-07-29 18:00:00,95,-1,77
2018-06-03 20:00:00,432,31,29,2018-07-29 17:00:00,86,-1,74
2018-06-03 20:00:00,427,31,24,2018-07-29 16:00:00,76,-1,74
2018-06-03 20:00:00,424,32,20,2018-07-29 15:00:00,68,-1,76
2018-06-03 20:00:00,426,31,14,2018-07-29 14:00:00,55,-1,76
2018-06-03 20:00:00,430,30,20,2018-07-29 13:00:00,68,-1,79
2018-06-03 20:00:00,427,28,25,2018-07-29 12:00:00,78,-1,84
2018-06-03 20:00:00,427,27,34,2018-07-29 11:00:00,97,-1,88
2018-06-03 20:00:00,432,27,35,2018-07-29 10:00:00,99,-1,87
2018-06-03 20:00:00,485,28,38,2018-07-29 1:00:00,107,-1,96
2018-06-03 20:00:00,499,28,37,2018-07-29 0:00:00,105,-1,94
2018-06-03 20:00:00,507,28,36,2018-07-28 23:00:00,102,-1,94
2018-06-03 20:00:00,501,29,42,2018-07-28 22:00:00,117,-1,92
2018-06-03 20:00:00,471,29,36,2018-07-28 21:00:00,102,-1,88
2018-06-03 20:00:00,461,29,30,2018-07-28 20:00:00,88,-1,87
2018-06-03 20:00:00,476,30,35,2018-07-28 19:00:00,99,-1,86
2018-06-03 20:00:00,1015,30,33,2018-07-28 18:00:00,95,-1,84
2018-06-03 20:00:00,478,30,105,2018-07-11 3:00:00,177,-1,96
2018-06-03 20:00:00,485,30,105,2018-07-11 2:00:00,177,-1,96
2018-06-03 20:00:00,488,30,108,2018-07-11 1:00:00,178,-1,94
2018-06-03 20:00:00,482,30,105,2018-07-11 0:00:00,177,-1,93
2018-06-03 20:00:00,490,31,115,2018-07-10 23:00:00,182,-1,92
2018-06-03 20:00:00,500,31,109,2018-07-10 22:00:00,179,-1,91
2018-06-03 20:00:00,490,31,110,2018-07-10 21:00:00,179,-1,88
2018-06-03 20:00:00,483,31,120,2018-07-10 20:00:00,184,-1,88
2018-06-03 20:00:00,468,31,119,2018-07-10 19:00:00,184,-1,88
2018-06-03 20:00:00,499,26,132,2018-06-24 4:00:00,190,-1,72
2018-06-03 20:00:00,469,27,128,2018-06-24 3:00:00,188,-1,70
2018-06-03 20:00:00,470,27,130,2018-06-24 2:00:00,189,-1,71
2018-06-03 20:00:00,464,27,122,2018-06-24 1:00:00,185,-1,70
2018-06-03 20:00:00,464,28,110,2018-06-24 0:00:00,179,-1,70
2018-06-03 20:00:00,466,28,65,2018-06-23 23:00:00,156,-1,66
2018-06-03 20:00:00,464,29,47,2018-06-23 22:00:00,129,-1,62
2018-06-03 20:00:00,446,30,41,2018-06-23 21:00:00,114,-1,59
2018-06-03 20:00:00,424,31,42,2018-06-23 20:00:00,117,-1,54
2018-06-03 20:00:00,424,31,37,2018-06-23 19:00:00,105,-1,53
2018-06-03 20:00:00,404,33,27,2018-06-23 18:00:00,82,-1,48
2018-06-03 20:00:00,404,34,30,2018-06-23 17:00:00,88,-1,46
2018-06-03 20:00:00,406,35,38,2018-06-23 16:00:00,107,-1,45
2018-06-03 20:00:00,407,36,37,2018-06-23 15:00:00,105,-1,41
2018-06-03 20:00:00,408,37,21,2018-06-23 14:00:00,70,-1,36
2018-06-03 20:00:00,411,37,16,2018-06-23 13:00:00,59,-1,34
2018-06-03 20:00:00,410,36,16,2018-06-23 12:00:00,59,-1,38
2018-06-03 20:00:00,411,33,16,2018-06-23 11:00:00,59,-1,44
2018-06-03 20:00:00,410,29,27,2018-06-23 10:00:00,82,-1,61
2018-06-03 20:00:00,411,27,32,2018-06-23 9:00:00,93,-1,70
2018-06-03 20:00:00,408,26,23,2018-06-23 8:00:00,74,-1,66
2018-06-03 20:00:00,408,26,20,2018-06-23 7:00:00,68,-1,63
2018-06-03 20:00:00,410,27,22,2018-06-23 6:00:00,72,-1,55
2018-06-03 20:00:00,412,28,28,2018-06-23 5:00:00,84,-1,54
2018-06-03 20:00:00,428,27,25,2018-06-23 4:00:00,78,-1,58
2018-06-03 20:00:00,424,28,30,2018-06-23 3:00:00,88,-1,55
2018-06-03 20:00:00,430,29,28,2018-06-23 2:00:00,84,-1,53
2018-06-03 20:00:00,438,29,30,2018-06-23 1:00:00,88,-1,53
2018-06-03 20:00:00,428,30,29,2018-06-23 0:00:00,86,-1,47
2018-06-03 20:00:00,414,29,31,2018-06-22 23:00:00,91,-1,51
2018-06-03 20:00:00,417,28,67,2018-06-22 22:00:00,157,-1,60
2018-06-03 20:00:00,473,31,181,2018-06-22 21:00:00,231,-1,52
2018-06-03 20:00:00,487,32,63,2018-06-22 20:00:00,155,-1,50
2018-06-03 20:00:00,459,32,50,2018-06-22 19:00:00,137,-1,44
2018-06-03 20:00:00,429,35,48,2018-06-19 11:00:00,132,29.8,48
2018-06-03 20:00:00,430,35,46,2018-06-19 10:00:00,127,31.8,48
2018-06-03 20:00:00,433,34,44,2018-06-19 9:00:00,122,35.4,53
2018-06-03 20:00:00,438,31,51,2018-06-19 8:00:00,139,40.9,65
2018-06-03 20:00:00,460,28,73,2018-06-19 7:00:00,160,46.2,81
2018-06-03 20:00:00,520,25,96,2018-06-19 6:00:00,172,51.2,92
2018-06-03 20:00:00,540,24,107,2018-06-19 5:00:00,178,55.9,93
2018-06-03 20:00:00,531,24,111,2018-06-19 4:00:00,180,58.1,92
2018-06-03 20:00:00,500,25,102,2018-06-19 3:00:00,175,62.1,89
2018-06-03 20:00:00,484,25,110,2018-06-19 2:00:00,179,57.4,89
2018-06-03 20:00:00,506,25,138,2018-06-19 1:00:00,194,56.3,88
2018-06-03 20:00:00,493,26,167,2018-06-19 0:00:00,217,49.1,84
2018-06-03 20:00:00,503,27,114,2018-06-18 23:00:00,181,43.7,81
2018-06-03 20:00:00,536,27,95,2018-06-18 22:00:00,171,39.1,81
2018-06-03 20:00:00,504,28,87,2018-06-18 21:00:00,167,34.4,80
2018-06-03 20:00:00,464,28,70,2018-06-18 20:00:00,158,35.4,79
2018-06-03 20:00:00,496,29,60,2018-06-18 19:00:00,153,34,72
2018-06-03 20:00:00,483,24,68,2018-06-18 1:00:00,157,43.8,89
2018-06-03 20:00:00,496,25,117,2018-06-18 0:00:00,183,38.1,87
2018-06-03 20:00:00,494,26,47,2018-06-17 23:00:00,129,30.2,82
2018-06-03 20:00:00,505,26,40,2018-06-17 22:00:00,112,29.9,83
2018-06-03 20:00:00,500,26,39,2018-06-17 21:00:00,110,24.5,84
2018-06-03 20:00:00,464,25,36,2018-06-17 20:00:00,102,24.1,86
2018-06-03 20:00:00,403,33,271,2018-06-15 17:00:00,321,121.5,54
2018-06-03 20:00:00,421,34,300,2018-06-15 16:00:00,350,139.5,55
2018-06-03 20:00:00,398,35,332,2018-06-15 15:00:00,382,140.6,53
2018-06-03 20:00:00,397,35,355,2018-06-15 14:00:00,404,171.3,52
2018-06-03 20:00:00,403,34,436,2018-06-15 13:00:00,457,173.5,52
2018-06-03 20:00:00,397,33,479,2018-06-15 12:00:00,486,203.6,54
2018-06-03 20:00:00,395,32,502,2018-06-15 11:00:00,501,207.5,57
2018-06-03 20:00:00,394,31,539,2018-06-15 10:00:00,525,229.9,58
2018-06-03 20:00:00,393,30,563,2018-06-15 9:00:00,541,243.1,60
2018-06-03 20:00:00,395,30,550,2018-06-15 8:00:00,533,253.3,59
2018-06-03 20:00:00,400,30,550,2018-06-15 7:00:00,533,263.4,57
2018-06-03 20:00:00,404,30,583,2018-06-15 6:00:00,554,213.1,56
2018-06-03 20:00:00,403,30,592,2018-06-15 5:00:00,560,120.2,53
2018-06-03 20:00:00,412,30,368,2018-06-15 4:00:00,413,68.5,56
2018-06-03 20:00:00,416,30,104,2018-06-15 3:00:00,176,57.5,58
2018-06-03 20:00:00,414,30,63,2018-06-15 2:00:00,155,41,57
2018-06-03 20:00:00,414,30,60,2018-06-15 1:00:00,153,45.5,58
2018-06-03 20:00:00,414,30,62,2018-06-15 0:00:00,154,71.2,57
2018-06-03 20:00:00,418,31,135,2018-06-14 23:00:00,192,73.3,60
2018-06-03 20:00:00,413,32,209,2018-06-14 22:00:00,259,91,63
2018-06-03 20:00:00,413,32,207,2018-06-14 21:00:00,257,88.7,62
2018-06-03 20:00:00,415,32,206,2018-06-14 20:00:00,256,87.6,61
2018-06-03 20:00:00,416,33,205,2018-06-14 19:00:00,255,91.8,58
2018-06-03 20:00:00,402,34,224,2018-06-14 18:00:00,274,95.4,54
2018-06-03 20:00:00,400,35,233,2018-06-14 17:00:00,283,110.2,54
2018-06-03 20:00:00,398,35,258,2018-06-14 16:00:00,308,121.9,53
2018-06-03 20:00:00,398,36,325,2018-06-14 15:00:00,375,134.7,52
2018-06-03 20:00:00,398,35,423,2018-06-14 13:00:00,449,135.4,52
2018-06-03 20:00:00,401,35,399,2018-06-14 12:00:00,433,125.9,52
2018-06-03 20:00:00,400,34,312,2018-06-14 11:00:00,362,108.3,52
2018-06-03 20:00:00,399,33,287,2018-06-14 10:00:00,337,97.5,54
2018-06-03 20:00:00,401,32,245,2018-06-14 9:00:00,295,84.8,56
2018-06-03 20:00:00,406,31,228,2018-06-14 8:00:00,278,80.6,59
2018-06-03 20:00:00,431,31,245,2018-06-14 7:00:00,295,77.3,67
2018-06-03 20:00:00,435,29,184,2018-06-14 6:00:00,234,76.5,71
2018-06-03 20:00:00,434,29,166,2018-06-14 5:00:00,216,79.4,68
2018-06-03 20:00:00,430,29,190,2018-06-14 4:00:00,240,77.1,68
2018-06-03 20:00:00,427,29,205,2018-06-14 3:00:00,255,80.7,68
2018-06-03 20:00:00,420,29,201,2018-06-14 2:00:00,251,79.2,68
2018-06-03 20:00:00,418,29,194,2018-06-14 1:00:00,244,79.2,67
2018-06-03 20:00:00,420,29,195,2018-06-14 0:00:00,245,77.4,66
2018-06-03 20:00:00,426,30,192,2018-06-13 23:00:00,242,74.3,65
2018-06-03 20:00:00,427,31,203,2018-06-13 22:00:00,253,70.3,62
2018-06-03 20:00:00,416,32,195,2018-06-13 21:00:00,245,67.1,57
2018-06-03 20:00:00,411,33,174,2018-06-13 20:00:00,224,65.6,51
2018-06-03 20:00:00,406,34,160,2018-06-13 19:00:00,210,61.4,45
2018-06-03 20:00:00,397,36,158,2018-06-13 18:00:00,208,-1,41
2018-06-03 20:00:00,393,37,150,2018-06-13 17:00:00,200,-1,38
2018-06-03 20:00:00,390,38,171,2018-06-13 16:00:00,221,-1,38
2018-06-03 20:00:00,400,39,161,2018-06-13 15:00:00,211,-1,37
2018-06-03 20:00:00,407,40,103,2018-06-13 14:00:00,176,-1,34
2018-06-03 20:00:00,413,41,111,2018-06-13 13:00:00,180,-1,35
2018-06-03 20:00:00,413,40,105,2018-06-13 12:00:00,177,-1,35
2018-06-03 20:00:00,414,40,97,2018-06-13 11:00:00,172,-1,36
2018-06-03 20:00:00,419,39,165,2018-06-13 10:00:00,215,-1,36
2018-06-03 20:00:00,425,37,95,2018-06-13 9:00:00,171,-1,40
2018-06-03 20:00:00,426,36,86,2018-06-13 8:00:00,167,-1,42
2018-06-03 20:00:00,450,32,121,2018-06-13 7:00:00,185,-1,56
2018-06-03 20:00:00,478,28,123,2018-06-13 6:00:00,186,-1,68
2018-06-03 20:00:00,501,27,115,2018-06-13 5:00:00,182,-1,70
2018-06-03 20:00:00,505,27,114,2018-06-13 4:00:00,181,-1,68
2018-06-03 20:00:00,512,28,128,2018-06-13 3:00:00,188,-1,67
2018-06-03 20:00:00,508,28,133,2018-06-13 2:00:00,191,41,65
2018-06-03 20:00:00,516,29,136,2018-06-13 1:00:00,193,41,63
2018-06-03 20:00:00,504,30,139,2018-06-13 0:00:00,194,41,60
2018-06-03 20:00:00,484,30,145,2018-06-12 23:00:00,197,41,57
2018-06-03 20:00:00,486,31,210,2018-06-12 22:00:00,260,41,56
2018-06-03 20:00:00,479,32,152,2018-06-12 21:00:00,202,41,52
2018-06-03 20:00:00,455,34,98,2018-06-12 20:00:00,173,35.9,47
2018-06-03 20:00:00,419,35,94,2018-06-12 19:00:00,171,29.3,40
2018-06-03 20:00:00,406,37,62,2018-06-12 18:00:00,154,28.7,34
2018-06-03 20:00:00,401,39,63,2018-06-12 17:00:00,155,27.1,31
2018-06-03 20:00:00,401,40,60,2018-06-12 16:00:00,153,30.9,30
2018-06-03 20:00:00,402,40,57,2018-06-12 15:00:00,152,31.8,30
2018-06-03 20:00:00,408,40,66,2018-06-12 14:00:00,156,35.8,30
2018-06-03 20:00:00,412,40,91,2018-06-12 13:00:00,169,39.3,31
2018-06-03 20:00:00,412,40,69,2018-06-12 12:00:00,158,40.1,35
2018-06-03 20:00:00,415,39,63,2018-06-12 11:00:00,155,46.1,39
2018-06-03 20:00:00,424,37,79,2018-06-12 9:00:00,163,65.8,46
2018-06-03 20:00:00,452,34,102,2018-06-12 8:00:00,175,92.4,52
2018-06-03 20:00:00,491,31,126,2018-06-12 7:00:00,187,72.9,64
2018-06-03 20:00:00,522,28,140,2018-06-12 6:00:00,195,77.5,72
2018-06-03 20:00:00,530,27,131,2018-06-12 5:00:00,190,51.7,76
2018-06-03 20:00:00,531,27,128,2018-06-12 4:00:00,188,47.8,75
2018-06-03 20:00:00,506,28,166,2018-06-12 3:00:00,216,45.3,71
2018-06-03 20:00:00,496,28,126,2018-06-12 2:00:00,187,39.7,68
2018-06-03 20:00:00,464,29,100,2018-06-12 1:00:00,174,40,65
2018-06-03 20:00:00,458,30,116,2018-06-12 0:00:00,182,41.9,62
2018-06-03 20:00:00,474,30,153,2018-06-11 23:00:00,203,41.9,61
2018-06-03 20:00:00,482,30,81,2018-06-11 22:00:00,164,48.4,59
2018-06-03 20:00:00,483,31,83,2018-06-11 21:00:00,165,42.8,57
2018-06-03 20:00:00,465,33,92,2018-06-11 20:00:00,170,28.8,51
2018-06-03 20:00:00,446,34,72,2018-06-11 19:00:00,160,28.8,47
2018-06-03 20:00:00,434,35,56,2018-06-11 18:00:00,151,24.8,43
2018-06-03 20:00:00,428,36,51,2018-06-11 17:00:00,139,23.6,40
2018-06-03 20:00:00,428,37,44,2018-06-11 16:00:00,122,22.3,38
2018-06-03 20:00:00,426,38,40,2018-06-11 15:00:00,112,21.4,36
2018-06-03 20:00:00,430,38,42,2018-06-11 14:00:00,117,23.1,38
2018-06-03 20:00:00,430,37,42,2018-06-11 13:00:00,117,27.7,39
2018-06-03 20:00:00,431,37,35,2018-06-11 12:00:00,99,28,37
2018-06-03 20:00:00,433,37,46,2018-06-11 11:00:00,127,36.5,42
2018-06-03 20:00:00,436,36,52,2018-06-11 10:00:00,141,57.2,45
2018-06-03 20:00:00,440,35,82,2018-06-11 9:00:00,165,92.2,47
2018-06-03 20:00:00,439,33,84,2018-06-11 8:00:00,166,99.9,50
2018-06-03 20:00:00,455,30,110,2018-06-11 7:00:00,179,106.4,62
2018-06-03 20:00:00,497,27,119,2018-06-11 6:00:00,184,94.6,77
2018-06-03 20:00:00,523,26,106,2018-06-11 5:00:00,177,83.4,78
2018-06-03 20:00:00,506,27,107,2018-06-11 4:00:00,178,62.9,76
2018-06-03 20:00:00,488,27,113,2018-06-11 3:00:00,181,60.2,72
2018-06-03 20:00:00,485,28,130,2018-06-11 2:00:00,189,44.5,70
2018-06-03 20:00:00,500,28,76,2018-06-11 1:00:00,162,42,68
2018-06-03 20:00:00,489,29,59,2018-06-11 0:00:00,153,39.4,65
2018-06-03 20:00:00,481,30,75,2018-06-10 23:00:00,161,42.4,63
2018-06-03 20:00:00,457,30,59,2018-06-10 22:00:00,153,37.9,59
2018-06-03 20:00:00,460,31,63,2018-06-10 21:00:00,155,46,59
2018-06-03 20:00:00,450,32,75,2018-06-10 20:00:00,161,44.7,57
2018-06-03 20:00:00,458,33,66,2018-06-10 19:00:00,156,47.4,48
2018-06-03 20:00:00,448,34,75,2018-06-10 18:00:00,161,45.7,45
2018-06-03 20:00:00,439,36,60,2018-06-10 17:00:00,153,40.9,40
2018-06-03 20:00:00,439,36,54,2018-06-10 16:00:00,146,45.4,39
2018-06-03 20:00:00,447,36,97,2018-06-10 15:00:00,172,60.4,44
2018-06-03 20:00:00,451,37,95,2018-06-10 14:00:00,171,52.3,45
2018-06-03 20:00:00,451,37,72,2018-06-10 13:00:00,160,62,44
2018-06-03 20:00:00,455,36,85,2018-06-10 12:00:00,166,49.7,50
2018-06-03 20:00:00,454,35,74,2018-06-10 11:00:00,161,50.4,50
2018-06-03 20:00:00,453,34,75,2018-06-10 10:00:00,161,53.5,54
2018-06-03 20:00:00,460,33,103,2018-06-10 9:00:00,176,70.3,61
2018-06-03 20:00:00,469,31,127,2018-06-10 8:00:00,188,88,71
2018-06-03 20:00:00,464,28,103,2018-06-10 7:00:00,176,94.4,78
2018-06-03 20:00:00,487,26,191,2018-06-10 6:00:00,241,118.1,89
2018-06-03 20:00:00,507,25,224,2018-06-10 5:00:00,274,123,92
2018-06-03 20:00:00,502,25,234,2018-06-10 4:00:00,284,116.6,91
2018-06-03 20:00:00,504,25,275,2018-06-10 3:00:00,325,111.8,92
2018-06-03 20:00:00,517,25,243,2018-06-10 2:00:00,293,94.8,93
2018-06-03 20:00:00,523,25,249,2018-06-10 1:00:00,299,80,93
2018-06-03 20:00:00,524,25,287,2018-06-10 0:00:00,337,73.6,92
2018-06-03 20:00:00,511,25,195,2018-06-09 23:00:00,245,68.4,90
2018-06-03 20:00:00,507,26,133,2018-06-09 22:00:00,191,55.6,88
2018-06-03 20:00:00,504,26,110,2018-06-09 21:00:00,179,48,85
2018-06-03 20:00:00,484,27,84,2018-06-09 20:00:00,166,39.4,82
2018-06-03 20:00:00,464,28,70,2018-06-09 19:00:00,158,38.1,77
2018-06-03 20:00:00,444,29,62,2018-06-09 18:00:00,154,44.3,74
2018-06-03 20:00:00,440,29,65,2018-06-09 17:00:00,156,52.6,70
2018-06-03 20:00:00,438,29,68,2018-06-09 16:00:00,157,43.9,69
2018-06-03 20:00:00,435,29,79,2018-06-09 15:00:00,163,48,72
2018-06-03 20:00:00,426,30,44,2018-06-09 14:00:00,122,44.2,65
2018-06-03 20:00:00,424,28,46,2018-06-09 13:00:00,127,31.1,77
2018-06-03 20:00:00,428,25,54,2018-06-09 12:00:00,146,47.6,88
2018-06-03 20:00:00,429,24,48,2018-06-09 11:00:00,132,28.4,87
2018-06-03 20:00:00,430,26,54,2018-06-09 10:00:00,146,32.1,78
2018-06-03 20:00:00,429,27,35,2018-06-09 9:00:00,99,22.3,78
2018-06-03 20:00:00,427,27,27,2018-06-09 8:00:00,82,22.3,69
2018-06-03 20:00:00,422,27,26,2018-06-09 7:00:00,80,16.9,64
2018-06-03 20:00:00,421,26,26,2018-06-09 6:00:00,80,20.8,66
2018-06-03 20:00:00,420,25,26,2018-06-09 5:00:00,80,24.5,76
2018-06-03 20:00:00,421,25,24,2018-06-09 4:00:00,76,27.7,74
2018-06-03 20:00:00,424,26,36,2018-06-09 3:00:00,102,39,77
2018-06-03 20:00:00,424,27,52,2018-06-09 2:00:00,141,40.2,74
2018-06-03 20:00:00,428,29,62,2018-06-09 1:00:00,154,44.5,75
2018-06-03 20:00:00,424,30,59,2018-06-09 0:00:00,153,44.1,73
2018-06-03 20:00:00,422,30,60,2018-06-08 23:00:00,153,43.1,69
2018-06-03 20:00:00,423,30,57,2018-06-08 22:00:00,152,45.3,66
2018-06-03 20:00:00,427,31,58,2018-06-08 21:00:00,152,42.3,62
2018-06-03 20:00:00,450,34,81,2018-06-08 20:00:00,164,41.4,54
2018-06-03 20:00:00,448,36,78,2018-06-08 19:00:00,163,38.2,49
2018-06-03 20:00:00,432,37,71,2018-06-08 18:00:00,159,35.1,42
2018-06-03 20:00:00,428,39,67,2018-06-08 17:00:00,157,32.5,38
2018-06-03 20:00:00,427,40,59,2018-06-08 16:00:00,153,31.8,35
2018-06-03 20:00:00,428,40,52,2018-06-08 15:00:00,141,30.4,34
2018-06-03 20:00:00,430,40,53,2018-06-08 14:00:00,144,30,36
2018-06-03 20:00:00,434,40,51,2018-06-08 13:00:00,139,30.7,37
2018-06-03 20:00:00,436,40,52,2018-06-08 12:00:00,141,31,37
2018-06-03 20:00:00,440,39,57,2018-06-08 11:00:00,152,33.5,38
2018-06-03 20:00:00,444,39,58,2018-06-08 10:00:00,152,34.8,41
2018-06-03 20:00:00,450,37,58,2018-06-08 9:00:00,152,49.5,46
2018-06-03 20:00:00,461,34,70,2018-06-08 8:00:00,158,58.3,57
2018-06-03 20:00:00,485,32,95,2018-06-08 7:00:00,171,70.7,65
2018-06-03 20:00:00,537,28,143,2018-06-08 6:00:00,196,76.8,78
2018-06-03 20:00:00,573,27,147,2018-06-08 5:00:00,198,78.3,85
2018-06-03 20:00:00,575,27,137,2018-06-08 4:00:00,193,70,84
2018-06-03 20:00:00,550,27,118,2018-06-08 3:00:00,183,70.3,80
2018-06-03 20:00:00,538,28,127,2018-06-08 2:00:00,188,60.5,77
2018-06-03 20:00:00,530,28,110,2018-06-08 1:00:00,179,57.9,75
2018-06-03 20:00:00,522,29,109,2018-06-08 0:00:00,179,53.6,73
2018-06-03 20:00:00,510,30,111,2018-06-07 23:00:00,180,50.4,69
2018-06-03 20:00:00,498,30,102,2018-06-07 22:00:00,175,46.8,68
2018-06-03 20:00:00,491,31,98,2018-06-07 21:00:00,173,42.2,66
2018-06-03 20:00:00,473,32,103,2018-06-07 20:00:00,176,40.2,61
2018-06-03 20:00:00,456,33,93,2018-06-07 19:00:00,170,32.3,55
2018-06-03 20:00:00,440,35,72,2018-06-07 18:00:00,160,32.8,47
2018-06-03 20:00:00,436,36,51,2018-06-07 17:00:00,139,29.5,44
2018-06-03 20:00:00,437,37,62,2018-06-07 16:00:00,154,27.5,43
2018-06-03 20:00:00,440,37,46,2018-06-07 15:00:00,127,29.6,42
2018-06-03 20:00:00,446,38,46,2018-06-07 14:00:00,127,29.9,44
2018-06-03 20:00:00,448,37,51,2018-06-07 13:00:00,139,30.8,45
2018-06-03 20:00:00,446,37,52,2018-06-07 12:00:00,141,35.6,46
2018-06-03 20:00:00,453,36,53,2018-06-07 11:00:00,144,37.3,50
2018-06-03 20:00:00,456,35,58,2018-06-07 10:00:00,152,43.1,54
2018-06-03 20:00:00,462,34,65,2018-06-07 9:00:00,156,48.9,58
2018-06-03 20:00:00,466,32,67,2018-06-07 8:00:00,157,59,65
2018-06-03 20:00:00,476,29,80,2018-06-07 7:00:00,164,59.5,75
2018-06-03 20:00:00,504,27,124,2018-06-07 6:00:00,186,70.7,88
2018-06-03 20:00:00,516,26,143,2018-06-07 5:00:00,196,77.4,91
2018-06-03 20:00:00,517,26,153,2018-06-07 4:00:00,203,88,91
2018-06-03 20:00:00,540,26,172,2018-06-07 3:00:00,222,101.5,93
2018-06-03 20:00:00,560,27,160,2018-06-07 2:00:00,210,106.6,94
2018-06-03 20:00:00,554,27,159,2018-06-07 1:00:00,209,101.6,94
2018-06-03 20:00:00,537,27,164,2018-06-07 0:00:00,214,94.4,92
2018-06-03 20:00:00,524,28,155,2018-06-06 23:00:00,205,78.6,89
2018-06-03 20:00:00,519,28,152,2018-06-06 22:00:00,202,70.8,87
2018-06-03 20:00:00,502,29,138,2018-06-06 21:00:00,194,58.1,84
2018-06-03 20:00:00,488,30,110,2018-06-06 20:00:00,179,53.7,78
2018-06-03 20:00:00,470,30,111,2018-06-06 19:00:00,180,46.9,73
2018-06-03 20:00:00,451,32,82,2018-06-06 18:00:00,165,43.2,66
2018-06-03 20:00:00,446,33,74,2018-06-06 17:00:00,161,40,63
2018-06-03 20:00:00,446,33,91,2018-06-06 16:00:00,169,39,62
2018-06-03 20:00:00,446,34,68,2018-06-06 15:00:00,157,38.9,60
2018-06-03 20:00:00,447,34,63,2018-06-06 14:00:00,155,36.5,60
2018-06-03 20:00:00,450,34,56,2018-06-06 13:00:00,151,38.2,59
2018-06-03 20:00:00,451,33,49,2018-06-06 12:00:00,134,37.2,61
2018-06-03 20:00:00,454,31,48,2018-06-06 11:00:00,132,40.1,64
2018-06-03 20:00:00,454,30,55,2018-06-06 10:00:00,149,54.8,70
2018-06-03 20:00:00,452,29,72,2018-06-06 9:00:00,160,51.5,74
2018-06-03 20:00:00,452,27,89,2018-06-06 8:00:00,168,48,79
2018-06-03 20:00:00,446,26,53,2018-06-06 7:00:00,144,31.5,84
2018-06-03 20:00:00,448,24,48,2018-06-06 6:00:00,132,26.3,90
2018-06-03 20:00:00,445,24,41,2018-06-06 5:00:00,114,22.2,90
2018-06-03 20:00:00,443,24,36,2018-06-06 4:00:00,102,20,88
2018-06-03 20:00:00,436,24,31,2018-06-06 3:00:00,91,21.8,86
2018-06-03 20:00:00,434,24,28,2018-06-06 2:00:00,84,19.3,84
2018-06-03 20:00:00,435,24,26,2018-06-06 1:00:00,80,19,83
2018-06-03 20:00:00,430,24,23,2018-06-06 0:00:00,74,20.8,80
2018-06-03 20:00:00,419,23,21,2018-06-05 23:00:00,70,17.1,82
2018-06-03 20:00:00,426,23,29,2018-06-05 22:00:00,86,19.9,91
2018-06-03 20:00:00,423,23,24,2018-06-05 21:00:00,76,26.3,89
2018-06-03 20:00:00,418,23,25,2018-06-05 20:00:00,78,123.8,84
2018-06-03 20:00:00,422,24,85,2018-06-05 19:00:00,166,112.7,86
2018-06-03 20:00:00,432,36,749,2018-06-05 18:00:00,664,61.6,45
2018-06-03 20:00:00,427,39,81,2018-06-05 17:00:00,164,41.6,42
2018-06-03 20:00:00,422,40,81,2018-06-05 16:00:00,164,41.2,38
2018-06-03 20:00:00,425,41,85,2018-06-05 15:00:00,166,40.1,38
2018-06-03 20:00:00,427,40,78,2018-06-05 14:00:00,163,41.3,40
2018-06-03 20:00:00,430,40,75,2018-06-05 13:00:00,161,40.9,42
2018-06-03 20:00:00,432,39,75,2018-06-05 12:00:00,161,43,42
2018-06-03 20:00:00,433,38,70,2018-06-05 11:00:00,158,44.7,46
2018-06-03 20:00:00,432,37,72,2018-06-05 10:00:00,160,46.1,50
2018-06-03 20:00:00,434,35,73,2018-06-05 9:00:00,160,47.5,56
2018-06-03 20:00:00,431,33,69,2018-06-05 8:00:00,158,49.7,59
2018-06-03 20:00:00,429,31,75,2018-06-05 7:00:00,161,48.8,66
2018-06-03 20:00:00,430,30,72,2018-06-05 6:00:00,160,49.7,72
2018-06-03 20:00:00,442,29,69,2018-06-05 5:00:00,158,47.3,72
2018-06-03 20:00:00,438,29,69,2018-06-05 4:00:00,158,46,70
2018-06-03 20:00:00,438,30,68,2018-06-05 3:00:00,157,44.8,68
2018-06-03 20:00:00,447,30,73,2018-06-05 2:00:00,160,47.7,65
2018-06-03 20:00:00,452,31,70,2018-06-05 1:00:00,158,44.3,62
2018-06-03 20:00:00,453,32,75,2018-06-05 0:00:00,161,47.6,58
2018-06-03 20:00:00,459,32,73,2018-06-04 23:00:00,160,44.3,56
2018-06-03 20:00:00,458,32,71,2018-06-04 22:00:00,159,44.8,56
2018-06-03 20:00:00,455,32,73,2018-06-04 21:00:00,160,42.6,56
2018-06-03 20:00:00,426,28,60,2018-06-04 4:00:00,153,35.5,66
2018-06-03 20:00:00,427,29,50,2018-06-04 3:00:00,137,35.5,63
2018-06-03 20:00:00,428,30,52,2018-06-04 2:00:00,141,36.5,59
2018-06-03 20:00:00,438,32,57,2018-06-04 1:00:00,152,35.7,52
2018-06-03 20:00:00,445,34,66,2018-06-04 0:00:00,156,37.8,46
2018-06-03 20:00:00,456,36,67,2018-06-03 23:00:00,157,37.8,44
2018-06-03 20:00:00,465,36,71,2018-06-03 22:00:00,159,39.5,44
2018-06-03 20:00:00,460,37,75,2018-06-03 21:00:00,161,42,44
2018-06-03 20:00:00,460,36,76,2018-06-03 20:00:00,162,43.2,45
2018-06-03 20:00:00,495,33,86,2018-06-03 19:00:00,167,43.2,50
2018-06-03 20:00:00,440,27,73,2018-05-31 3:00:00,160,48.5,71
2018-06-03 20:00:00,454,28,71,2018-05-31 2:00:00,159,69.7,66
2018-06-03 20:00:00,444,29,78,2018-05-31 1:00:00,163,63.4,58
2018-06-03 20:00:00,451,33,95,2018-05-31 0:00:00,171,81.8,44
2018-06-03 20:00:00,476,34,146,2018-05-30 23:00:00,198,73.1,41
2018-06-03 20:00:00,516,34,122,2018-05-30 22:00:00,185,64.4,44
2018-06-03 20:00:00,520,35,126,2018-05-30 21:00:00,187,57.7,44
2018-06-03 20:00:00,476,37,149,2018-05-30 20:00:00,199,47.2,38
2018-06-03 20:00:00,472,38,114,2018-05-30 19:00:00,181,40.9,35
2018-06-03 20:00:00,480,40,81,2018-05-30 18:00:00,164,36.4,28
2018-06-03 20:00:00,472,40,63,2018-05-30 17:00:00,155,35.4,27
2018-06-03 20:00:00,434,42,65,2018-05-30 16:00:00,156,36.5,27
2018-06-03 20:00:00,431,42,66,2018-05-30 15:00:00,156,40,28
2018-06-03 20:00:00,462,25,81,2018-05-30 6:00:00,164,65.9,69
2018-06-03 20:00:00,463,25,76,2018-05-30 5:00:00,162,60.5,67
2018-06-03 20:00:00,445,26,64,2018-05-30 3:00:00,155,49.3,56
2018-06-03 20:00:00,445,26,67,2018-05-30 2:00:00,157,44.1,54
2018-06-03 20:00:00,424,27,48,2018-05-29 23:00:00,132,42.7,48
2018-06-03 20:00:00,445,28,62,2018-05-29 22:00:00,154,42.2,45
2018-06-03 20:00:00,476,30,62,2018-05-29 21:00:00,154,40.7,38
2018-06-03 20:00:00,463,31,54,2018-05-29 20:00:00,146,33.3,45
2018-06-03 20:00:00,556,29,94,2018-05-29 19:00:00,171,25,55
2018-06-03 20:00:00,468,24,93,2018-05-29 3:00:00,170,69.8,55
2018-06-03 20:00:00,448,25,106,2018-05-29 2:00:00,177,66.2,53
2018-06-03 20:00:00,462,25,67,2018-05-29 1:00:00,157,58.2,52
2018-06-03 20:00:00,445,26,68,2018-05-29 0:00:00,157,54.6,50
2018-06-03 20:00:00,511,27,120,2018-05-28 23:00:00,184,48.3,56
2018-06-03 20:00:00,490,28,143,2018-05-28 22:00:00,196,39,53
2018-06-03 20:00:00,508,30,139,2018-05-28 21:00:00,194,31.7,45
2018-06-03 20:00:00,470,31,63,2018-05-28 20:00:00,155,23.8,34
2018-06-03 20:00:00,430,30,29,2018-05-28 18:00:00,86,15.2,40
2018-06-03 20:00:00,421,30,27,2018-05-28 17:00:00,82,12.4,41
2018-06-03 20:00:00,420,30,18,2018-05-28 16:00:00,63,13.1,42
2018-06-03 20:00:00,428,30,25,2018-05-28 15:00:00,78,12.7,42
2018-06-03 20:00:00,428,30,27,2018-05-28 14:00:00,82,13.4,43
2018-06-03 20:00:00,426,30,21,2018-05-28 13:00:00,70,12.9,38
2018-06-03 20:00:00,434,29,28,2018-05-28 12:00:00,84,15.8,46
2018-06-03 20:00:00,443,28,32,2018-05-28 11:00:00,93,19.9,49
2018-06-03 20:00:00,444,27,41,2018-05-28 10:00:00,114,30.6,50
2018-06-03 20:00:00,439,26,42,2018-05-28 9:00:00,117,37.1,53
2018-06-03 20:00:00,453,25,45,2018-05-28 8:00:00,124,52.4,59
2018-06-03 20:00:00,465,25,59,2018-05-28 7:00:00,153,59.3,61
2018-06-03 20:00:00,493,24,121,2018-05-28 6:00:00,185,61.1,64
2018-06-03 20:00:00,539,23,123,2018-05-28 5:00:00,186,64.3,64
2018-06-03 20:00:00,553,23,133,2018-05-28 4:00:00,191,59.8,60
2018-06-03 20:00:00,554,24,102,2018-05-28 3:00:00,175,66.5,62
2018-06-03 20:00:00,522,25,115,2018-05-28 2:00:00,182,62.2,58
2018-06-03 20:00:00,536,25,124,2018-05-28 1:00:00,186,68,56
2018-06-03 20:00:00,561,26,133,2018-05-28 0:00:00,191,60.8,57
2018-06-03 20:00:00,499,30,71,2018-05-27 21:00:00,159,43.7,34
2018-06-03 20:00:00,502,28,59,2018-05-27 19:00:00,153,29.4,45
2018-06-03 20:00:00,434,29,43,2018-05-27 17:00:00,119,28.3,44
2018-06-03 20:00:00,442,29,48,2018-05-27 16:00:00,132,27,44
2018-06-03 20:00:00,440,29,42,2018-05-27 15:00:00,117,31.1,42
2018-06-03 20:00:00,434,29,41,2018-05-27 14:00:00,114,31.2,42
2018-06-03 20:00:00,431,29,45,2018-05-27 13:00:00,124,39,42
2018-06-03 20:00:00,428,29,48,2018-05-27 12:00:00,132,53.2,46
2018-06-03 20:00:00,435,28,61,2018-05-27 11:00:00,154,72.5,48
2018-06-03 20:00:00,445,27,96,2018-05-27 10:00:00,172,93.8,50
2018-06-03 20:00:00,452,26,89,2018-05-27 9:00:00,168,117.9,52
2018-06-03 20:00:00,451,25,102,2018-05-27 8:00:00,175,125.2,56
2018-06-03 20:00:00,452,24,116,2018-05-27 7:00:00,182,99.7,57
2018-06-03 20:00:00,458,24,119,2018-05-27 6:00:00,184,100.7,56
2018-06-03 20:00:00,483,24,109,2018-05-27 5:00:00,179,62.4,55
2018-06-03 20:00:00,483,24,73,2018-05-27 4:00:00,160,63.5,56
2018-06-03 20:00:00,484,24,91,2018-05-27 3:00:00,169,55.7,55
2018-06-03 20:00:00,450,24,84,2018-05-27 2:00:00,166,45.6,54
2018-06-03 20:00:00,445,26,68,2018-05-27 1:00:00,157,45.1,47
2018-06-03 20:00:00,428,26,51,2018-05-27 0:00:00,139,39.5,44
2018-06-03 20:00:00,437,26,50,2018-05-26 23:00:00,137,39,46
2018-06-03 20:00:00,428,27,49,2018-05-26 22:00:00,134,42.3,44
2018-06-03 20:00:00,435,27,43,2018-05-26 21:00:00,119,57.6,44
2018-06-03 20:00:00,446,27,63,2018-05-26 20:00:00,155,38.5,44
2018-06-03 20:00:00,427,28,80,2018-05-26 19:00:00,164,28.8,43
2018-06-03 20:00:00,436,29,48,2018-05-26 18:00:00,132,17.7,47
2018-06-03 20:00:00,445,29,39,2018-05-26 17:00:00,110,18,46
2018-06-03 20:00:00,439,30,39,2018-05-26 16:00:00,110,18.1,45
2018-06-03 20:00:00,426,30,52,2018-05-26 15:00:00,141,20.4,41
2018-06-03 20:00:00,425,29,40,2018-05-26 14:00:00,112,21.3,45
2018-06-03 20:00:00,424,29,41,2018-05-26 13:00:00,114,24.8,44
2018-06-03 20:00:00,434,29,36,2018-05-26 12:00:00,102,24.9,44
2018-06-03 20:00:00,441,28,35,2018-05-26 11:00:00,99,36.6,50
2018-06-03 20:00:00,458,28,67,2018-05-26 10:00:00,157,64.5,48
2018-06-03 20:00:00,462,27,84,2018-05-26 9:00:00,166,83.4,48
2018-06-03 20:00:00,462,26,134,2018-05-26 8:00:00,191,93.8,52
2018-06-03 20:00:00,516,25,262,2018-05-26 7:00:00,312,107,66
2018-06-03 20:00:00,541,24,279,2018-05-26 6:00:00,329,107,67
2018-06-03 20:00:00,551,23,275,2018-05-26 5:00:00,325,81.6,62
2018-06-03 20:00:00,542,24,280,2018-05-26 4:00:00,330,83.4,57
2018-06-03 20:00:00,522,24,304,2018-05-26 3:00:00,354,59.3,54
2018-06-03 20:00:00,509,25,87,2018-05-26 2:00:00,167,57.7,54
2018-06-03 20:00:00,518,25,103,2018-05-26 1:00:00,176,61.4,57
2018-06-03 20:00:00,533,27,105,2018-05-26 0:00:00,177,55,54
2018-06-03 20:00:00,503,28,105,2018-05-25 23:00:00,177,53.5,40
2018-06-03 20:00:00,502,27,176,2018-05-25 22:00:00,226,44.8,45
2018-06-03 20:00:00,486,27,102,2018-05-25 21:00:00,175,38.1,50
2018-06-03 20:00:00,453,27,77,2018-05-25 20:00:00,162,35.2,50
2018-06-03 20:00:00,425,29,69,2018-05-25 18:00:00,158,24.6,40
2018-06-03 20:00:00,422,29,44,2018-05-25 17:00:00,122,21,39
2018-06-03 20:00:00,424,30,29,2018-05-25 16:00:00,86,17.2,39
2018-06-03 20:00:00,418,30,32,2018-05-25 15:00:00,93,19.2,38
2018-06-03 20:00:00,415,30,29,2018-05-25 14:00:00,86,21,37
2018-06-03 20:00:00,464,29,21,2018-05-25 11:00:00,70,81.6,40
2018-06-03 20:00:00,530,27,33,2018-05-25 10:00:00,95,118.8,45
2018-06-03 20:00:00,437,26,51,2018-05-25 9:00:00,139,133.1,47
2018-06-03 20:00:00,546,26,80,2018-05-25 8:00:00,164,136.3,49
2018-06-03 20:00:00,569,24,116,2018-05-25 7:00:00,182,120.9,56
2018-06-03 20:00:00,626,27,120,2018-05-25 6:00:00,184,101.8,57
2018-06-03 20:00:00,550,22,192,2018-05-25 5:00:00,242,94.8,62
2018-06-03 20:00:00,573,24,178,2018-05-25 4:00:00,228,82.3,58
2018-06-03 20:00:00,524,25,213,2018-05-25 3:00:00,263,68.7,51
2018-06-03 20:00:00,571,26,156,2018-05-25 2:00:00,206,64.9,42
2018-06-03 20:00:00,554,26,96,2018-05-25 1:00:00,172,49.7,46
2018-06-03 20:00:00,550,25,116,2018-05-25 0:00:00,182,47,54
2018-06-03 20:00:00,509,25,116,2018-05-24 23:00:00,182,41.1,53
2018-06-03 20:00:00,504,26,113,2018-05-24 22:00:00,181,34.8,54
2018-06-03 20:00:00,629,27,121,2018-05-24 21:00:00,185,29.1,48
2018-06-03 20:00:00,508,28,78,2018-05-24 20:00:00,163,21,45
2018-06-03 20:00:00,552,30,137,2018-05-24 19:00:00,193,19,41
2018-06-03 20:00:00,417,37,48,2018-04-28 16:00:00,132,36.5,21
2018-06-03 20:00:00,416,38,55,2018-04-28 15:00:00,149,38.4,23
2018-06-03 20:00:00,416,39,57,2018-04-28 14:00:00,152,50.2,23
2018-06-03 20:00:00,421,38,80,2018-04-28 13:00:00,164,51.4,30
2018-06-03 20:00:00,425,37,83,2018-04-28 12:00:00,165,59.9,33
2018-06-03 20:00:00,401,33,35,2018-04-23 17:00:00,99,10,18
2018-06-03 20:00:00,399,34,15,2018-04-23 16:00:00,57,11,17
2018-06-03 20:00:00,400,35,17,2018-04-23 15:00:00,61,11.5,18
2018-06-03 20:00:00,401,36,17,2018-04-23 14:00:00,61,11.6,17
2018-06-03 20:00:00,403,35,17,2018-04-23 13:00:00,61,13,17
2018-06-03 20:00:00,406,34,23,2018-04-23 12:00:00,74,20.3,21
2018-06-03 20:00:00,409,33,29,2018-04-23 11:00:00,86,49.3,23
2018-06-03 20:00:00,418,32,58,2018-04-23 10:00:00,152,46.4,28
2018-06-03 20:00:00,426,30,56,2018-04-23 9:00:00,151,63.8,30
2018-06-03 20:00:00,439,27,69,2018-04-23 8:00:00,158,64.4,37
2018-06-03 20:00:00,449,23,87,2018-04-23 7:00:00,167,61.2,48
2018-06-03 20:00:00,449,20,73,2018-04-23 6:00:00,160,62.7,51
2018-06-03 20:00:00,442,20,63,2018-04-23 5:00:00,155,51.7,47
2018-06-03 20:00:00,483,23,88,2018-04-22 23:00:00,168,66.7,42
2018-06-03 20:00:00,473,24,93,2018-04-22 22:00:00,170,62.4,39
2018-06-03 20:00:00,462,25,109,2018-04-22 21:00:00,179,59.7,35
2018-06-03 20:00:00,446,26,113,2018-04-22 20:00:00,181,39.7,31
2018-06-03 20:00:00,429,28,52,2018-04-22 19:00:00,141,14,26
2018-06-03 20:00:00,419,29,18,2018-04-22 18:00:00,63,11.7,23
2018-06-03 20:00:00,418,31,18,2018-04-22 17:00:00,63,10.7,20
2018-06-03 20:00:00,422,32,16,2018-04-22 16:00:00,59,10.7,19
2018-06-03 20:00:00,426,33,21,2018-04-22 15:00:00,70,12.2,20
2018-06-03 20:00:00,426,32,20,2018-04-22 14:00:00,68,12.8,20
2018-06-03 20:00:00,427,32,20,2018-04-22 13:00:00,68,14.8,20
2018-06-03 20:00:00,427,31,20,2018-04-22 12:00:00,68,13,23
2018-06-03 20:00:00,428,31,21,2018-04-22 11:00:00,70,15.7,27
2018-06-03 20:00:00,430,29,22,2018-04-22 10:00:00,72,21,32
2018-06-03 20:00:00,428,28,26,2018-04-22 9:00:00,80,42.7,34
2018-06-03 20:00:00,430,25,37,2018-04-22 8:00:00,105,38.8,42
2018-06-03 20:00:00,432,22,64,2018-04-22 7:00:00,155,54.2,55
2018-06-03 20:00:00,468,18,80,2018-04-22 6:00:00,164,52.8,68
2018-06-03 20:00:00,492,17,101,2018-04-22 5:00:00,174,62.1,68
2018-06-03 20:00:00,488,18,100,2018-04-22 4:00:00,174,100.8,65
2018-06-03 20:00:00,492,19,96,2018-04-22 3:00:00,172,117.9,62
2018-06-03 20:00:00,480,19,70,2018-04-22 2:00:00,158,111.4,60
2018-06-03 20:00:00,498,20,216,2018-04-22 1:00:00,266,148.7,59
2018-06-03 20:00:00,492,21,154,2018-04-22 0:00:00,204,80.7,54
2018-06-03 20:00:00,455,23,72,2018-04-21 23:00:00,160,78.5,46
2018-06-03 20:00:00,458,29,123,2018-04-21 21:00:00,186,39.6,34
2018-06-03 20:00:00,459,33,48,2018-04-21 20:00:00,132,25.6,27
2018-06-03 20:00:00,450,25,21,2018-04-21 19:00:00,70,18.8,40
2018-06-03 20:00:00,425,18,15,2018-04-20 21:00:00,57,15,74
2018-06-03 20:00:00,422,18,17,2018-04-20 20:00:00,61,13.6,75
2018-06-03 20:00:00,460,24,139,2018-04-19 3:00:00,194,109.4,55
2018-06-03 20:00:00,453,26,97,2018-04-19 2:00:00,172,123.3,49
2018-06-03 20:00:00,457,30,118,2018-04-19 1:00:00,183,103.9,40
2018-06-03 20:00:00,468,35,141,2018-04-19 0:00:00,195,84,31
2018-06-03 20:00:00,510,36,170,2018-04-18 23:00:00,220,58.7,33
2018-06-03 20:00:00,536,34,196,2018-04-18 22:00:00,246,52.3,36
2018-06-03 20:00:00,519,30,105,2018-04-18 21:00:00,177,48.2,44
2018-06-03 20:00:00,623,27,78,2018-04-18 20:00:00,163,36.4,50
2018-06-03 20:00:00,459,29,85,2018-04-15 20:00:00,166,51.5,39
2018-06-03 20:00:00,494,36,113,2018-04-15 19:00:00,181,38.5,31
2018-06-03 20:00:00,491,39,75,2018-04-15 18:00:00,161,33.2,27
2018-06-03 20:00:00,559,34,74,2018-04-15 17:00:00,161,29,31
2018-06-03 20:00:00,414,19,14,2018-04-11 2:00:00,55,25.5,83
2018-06-03 20:00:00,419,20,20,2018-04-11 1:00:00,68,54.9,75
2018-06-03 20:00:00,451,26,61,2018-04-11 0:00:00,154,49,54
2018-06-03 20:00:00,498,30,94,2018-04-10 23:00:00,171,62.1,52
2018-06-03 20:00:00,501,30,97,2018-04-10 22:00:00,172,44.7,50
2018-06-03 20:00:00,476,29,65,2018-04-10 21:00:00,156,41.8,54
2018-06-03 20:00:00,476,27,73,2018-04-10 20:00:00,160,31.7,61
2018-06-03 20:00:00,463,29,66,2018-04-10 19:00:00,156,25.7,53
2018-06-03 20:00:00,450,27,47,2018-04-10 18:00:00,129,21.9,58
2018-06-03 20:00:00,409,20,20,2018-04-09 7:00:00,68,12.4,82
2018-06-03 20:00:00,412,19,19,2018-04-09 6:00:00,65,14,81
2018-06-03 20:00:00,408,19,14,2018-04-09 5:00:00,55,8.5,80
2018-06-03 20:00:00,406,20,12,2018-04-09 4:00:00,50,10.2,79
2018-06-03 20:00:00,405,20,18,2018-04-09 3:00:00,63,13,79
2018-06-03 20:00:00,406,20,20,2018-04-09 2:00:00,68,16,77
2018-06-03 20:00:00,404,21,18,2018-04-09 1:00:00,63,30,74
2018-06-03 20:00:00,408,21,38,2018-04-09 0:00:00,107,39.5,78
2018-06-03 20:00:00,424,23,252,2018-04-08 23:00:00,302,44.6,67
2018-06-03 20:00:00,441,25,74,2018-04-08 22:00:00,161,50.4,65
2018-06-03 20:00:00,438,26,71,2018-04-08 21:00:00,159,46.7,64
2018-06-03 20:00:00,434,26,74,2018-04-08 20:00:00,161,42.9,63
2018-06-03 20:00:00,428,27,69,2018-04-08 19:00:00,158,40.4,61
2018-06-03 20:00:00,426,29,63,2018-04-08 18:00:00,155,38.9,56
2018-06-03 20:00:00,426,31,59,2018-04-08 17:00:00,153,39.3,50
2018-06-03 20:00:00,428,32,60,2018-04-08 16:00:00,153,43,47
2018-06-03 20:00:00,430,33,63,2018-04-08 15:00:00,155,41.1,45
2018-06-03 20:00:00,434,33,70,2018-04-08 14:00:00,158,42.7,46
2018-06-03 20:00:00,436,33,67,2018-04-08 13:00:00,157,43.1,46
2018-06-03 20:00:00,435,33,64,2018-04-08 12:00:00,155,46.7,46
2018-06-03 20:00:00,435,32,69,2018-04-08 11:00:00,158,56.8,50
2018-06-03 20:00:00,437,30,75,2018-04-08 10:00:00,161,59.9,53
2018-06-03 20:00:00,439,28,80,2018-04-08 9:00:00,164,65.9,61
2018-06-03 20:00:00,449,25,93,2018-04-08 8:00:00,170,60.8,70
2018-06-03 20:00:00,451,22,97,2018-04-08 7:00:00,172,57.8,76
2018-06-03 20:00:00,458,20,95,2018-04-08 6:00:00,171,51.3,78
2018-06-03 20:00:00,467,21,91,2018-04-08 5:00:00,169,49.7,76
2018-06-03 20:00:00,474,21,84,2018-04-08 4:00:00,166,45.7,74
2018-06-03 20:00:00,476,22,81,2018-04-08 3:00:00,164,50.5,72
2018-06-03 20:00:00,480,22,86,2018-04-08 2:00:00,167,52.8,72
2018-06-03 20:00:00,482,23,82,2018-04-08 1:00:00,165,54,70
2018-06-03 20:00:00,477,23,87,2018-04-08 0:00:00,167,55.5,66
2018-06-03 20:00:00,483,25,114,2018-04-07 23:00:00,181,51.6,60
2018-06-03 20:00:00,463,25,98,2018-04-07 22:00:00,173,46.7,57
2018-06-03 20:00:00,451,26,82,2018-04-07 21:00:00,165,39.6,54
2018-06-03 20:00:00,463,27,130,2018-04-07 20:00:00,189,33.7,52
2018-06-03 20:00:00,449,29,94,2018-04-07 19:00:00,171,29,47
2018-06-03 20:00:00,429,31,58,2018-04-07 18:00:00,152,27.9,41
2018-06-03 20:00:00,417,32,30,2018-04-07 17:00:00,88,27.3,34
2018-06-03 20:00:00,419,33,31,2018-04-07 16:00:00,91,28.7,32
2018-06-03 20:00:00,419,35,37,2018-04-07 15:00:00,105,25,32
2018-06-03 20:00:00,420,35,38,2018-04-07 14:00:00,107,24.3,34
2018-06-03 20:00:00,422,35,36,2018-04-07 13:00:00,102,26.3,34
2018-06-03 20:00:00,426,33,42,2018-04-07 12:00:00,117,26.2,39
2018-06-03 20:00:00,429,32,47,2018-04-07 11:00:00,129,29.1,43
2018-06-03 20:00:00,433,30,45,2018-04-07 10:00:00,124,29.5,46
2018-06-03 20:00:00,432,28,42,2018-04-07 9:00:00,117,40.3,50
2018-06-03 20:00:00,438,25,50,2018-04-07 8:00:00,137,77.3,62
2018-06-03 20:00:00,460,22,66,2018-04-07 7:00:00,156,72.4,69
2018-06-03 20:00:00,492,20,82,2018-04-07 6:00:00,165,84.4,72
2018-06-03 20:00:00,487,21,88,2018-04-07 5:00:00,168,49.5,70
2018-06-03 20:00:00,472,21,72,2018-04-07 4:00:00,160,53.5,70
2018-06-03 20:00:00,467,22,53,2018-04-07 3:00:00,144,32.5,68
2018-06-03 20:00:00,462,22,59,2018-04-07 2:00:00,153,35,66
2018-06-03 20:00:00,455,22,65,2018-04-07 1:00:00,156,31.2,66
2018-06-03 20:00:00,448,23,76,2018-04-07 0:00:00,162,28.7,62
2018-06-03 20:00:00,440,24,98,2018-04-06 23:00:00,173,29.3,58
2018-06-03 20:00:00,431,24,42,2018-04-06 22:00:00,117,31.3,55
2018-06-03 20:00:00,426,25,45,2018-04-06 21:00:00,124,42.9,52
2018-06-03 20:00:00,423,27,60,2018-04-06 20:00:00,153,46.6,48
2018-06-03 20:00:00,429,29,129,2018-04-06 19:00:00,189,48.5,51
2018-06-03 20:00:00,424,30,68,2018-04-06 18:00:00,157,37.8,42
2018-06-03 20:00:00,424,32,51,2018-04-06 17:00:00,139,33.4,36
2018-06-03 20:00:00,423,34,49,2018-04-06 16:00:00,134,26.5,32
2018-06-03 20:00:00,423,34,41,2018-04-06 15:00:00,114,29.4,33
2018-06-03 20:00:00,425,34,42,2018-04-06 14:00:00,117,34.7,34
2018-06-03 20:00:00,428,35,42,2018-04-06 13:00:00,117,43.3,34
2018-06-03 20:00:00,428,34,49,2018-04-06 12:00:00,134,38.9,38
2018-06-03 20:00:00,440,32,72,2018-04-06 11:00:00,160,59.4,45
2018-06-03 20:00:00,453,32,73,2018-04-06 10:00:00,160,84.1,45
2018-06-03 20:00:00,477,29,77,2018-04-06 9:00:00,162,125.2,50
2018-06-03 20:00:00,508,26,115,2018-04-06 8:00:00,182,122.3,59
2018-06-03 20:00:00,526,23,126,2018-04-06 7:00:00,187,114.3,72
2018-06-03 20:00:00,546,21,140,2018-04-06 6:00:00,195,104.3,76
2018-06-03 20:00:00,542,22,129,2018-04-06 5:00:00,189,78.9,77
2018-06-03 20:00:00,523,22,123,2018-04-06 4:00:00,186,79.9,78
2018-06-03 20:00:00,541,22,125,2018-04-06 3:00:00,187,86.7,76
2018-06-03 20:00:00,520,23,133,2018-04-06 2:00:00,191,91.9,74
2018-06-03 20:00:00,525,24,123,2018-04-06 1:00:00,186,96.8,72
2018-06-03 20:00:00,512,25,114,2018-04-06 0:00:00,181,98,68
2018-06-03 20:00:00,499,28,112,2018-04-05 23:00:00,180,84.7,59
2018-06-03 20:00:00,499,33,100,2018-04-05 22:00:00,174,76.3,47
2018-06-03 20:00:00,502,36,86,2018-04-05 21:00:00,167,60.5,40
2018-06-03 20:00:00,483,35,94,2018-04-05 20:00:00,171,46.3,42
2018-06-03 20:00:00,479,35,85,2018-04-05 19:00:00,166,41.2,43
2018-06-03 20:00:00,459,30,101,2018-04-05 18:00:00,174,34,53
2018-06-03 20:00:00,424,23,84,2018-04-05 3:00:00,166,57.4,58
2018-06-03 20:00:00,428,24,125,2018-04-05 2:00:00,187,64,55
2018-06-03 20:00:00,425,25,106,2018-04-05 1:00:00,177,72.8,51
2018-06-03 20:00:00,429,26,125,2018-04-05 0:00:00,187,88.5,47
2018-06-03 20:00:00,443,30,186,2018-04-04 23:00:00,236,87.8,40
2018-06-03 20:00:00,506,34,193,2018-04-04 22:00:00,243,83.9,39
2018-06-03 20:00:00,512,34,156,2018-04-04 21:00:00,206,79.3,44
2018-06-03 20:00:00,537,26,111,2018-04-04 20:00:00,180,56.4,64
2018-06-03 20:00:00,432,33,45,2018-03-25 16:00:00,124,32.8,35
2018-06-03 20:00:00,440,30,47,2018-03-25 15:00:00,129,32.5,37
2018-06-03 20:00:00,448,21,108,2018-03-18 22:00:00,178,158.6,59
2018-06-03 20:00:00,425,24,93,2018-03-18 21:00:00,170,171,52
2018-06-03 20:00:00,452,28,115,2018-03-18 20:00:00,182,152.8,44
2018-06-03 20:00:00,464,30,133,2018-03-18 19:00:00,191,91.9,37
2018-06-03 20:00:00,452,32,134,2018-03-18 18:00:00,191,44.5,32
2018-06-03 20:00:00,416,34,41,2018-03-18 17:00:00,114,33.4,26
2018-06-03 20:00:00,416,35,45,2018-03-18 16:00:00,124,32.8,26
2018-06-03 20:00:00,413,30,38,2018-03-18 15:00:00,107,38.1,29
2018-06-03 20:00:00,413,29,49,2018-03-18 14:00:00,134,33.8,29
2018-06-03 20:00:00,415,30,53,2018-03-18 13:00:00,144,51.9,28
2018-06-03 20:00:00,415,29,61,2018-03-18 12:00:00,154,53.1,32
2018-06-03 20:00:00,415,29,55,2018-03-18 11:00:00,149,69.7,35
2018-06-03 20:00:00,434,27,128,2018-03-18 10:00:00,188,97.2,35
2018-06-03 20:00:00,433,25,96,2018-03-18 9:00:00,172,103.3,38
2018-06-03 20:00:00,456,21,183,2018-03-18 8:00:00,233,119.7,55
2018-06-03 20:00:00,562,16,283,2018-03-18 7:00:00,333,118.6,82
2018-06-03 20:00:00,598,14,322,2018-03-18 6:00:00,372,110.2,82
2018-06-03 20:00:00,577,15,316,2018-03-18 5:00:00,366,109.7,80
2018-06-03 20:00:00,566,16,322,2018-03-18 4:00:00,372,102.5,76
2018-06-03 20:00:00,532,16,288,2018-03-18 3:00:00,338,104.6,76
2018-06-03 20:00:00,522,16,257,2018-03-18 2:00:00,307,101.3,75
2018-06-03 20:00:00,506,16,206,2018-03-18 1:00:00,256,94.9,73
2018-06-03 20:00:00,520,17,142,2018-03-18 0:00:00,196,91.6,70
2018-06-03 20:00:00,494,17,112,2018-03-17 23:00:00,180,73.9,66
2018-06-03 20:00:00,468,18,113,2018-03-17 22:00:00,181,60.3,60
2018-06-03 20:00:00,474,19,86,2018-03-17 21:00:00,167,58.1,58
2018-06-03 20:00:00,465,21,81,2018-03-17 20:00:00,164,39.9,53
2018-06-03 20:00:00,443,23,56,2018-03-17 19:00:00,151,29.7,47
2018-06-03 20:00:00,435,25,136,2018-03-17 18:00:00,193,29.3,41
2018-06-03 20:00:00,420,26,28,2018-03-17 17:00:00,84,21.3,35
2018-06-03 20:00:00,418,27,21,2018-03-17 16:00:00,70,20.2,32
2018-06-03 20:00:00,420,28,34,2018-03-17 15:00:00,97,21.2,31
2018-06-03 20:00:00,423,29,24,2018-03-17 14:00:00,76,22.6,29
2018-06-03 20:00:00,426,28,25,2018-03-17 13:00:00,78,22.2,29
2018-06-03 20:00:00,427,28,24,2018-03-17 12:00:00,76,34.3,29
2018-06-03 20:00:00,431,28,43,2018-03-17 11:00:00,119,37.3,29
2018-06-03 20:00:00,432,27,36,2018-03-17 10:00:00,102,74.7,30
2018-06-03 20:00:00,440,25,94,2018-03-17 9:00:00,171,95.4,37
2018-06-03 20:00:00,453,21,142,2018-03-17 8:00:00,196,119.4,52
2018-06-03 20:00:00,478,16,166,2018-03-17 7:00:00,216,134.4,77
2018-06-03 20:00:00,487,15,167,2018-03-17 6:00:00,217,137.5,80
2018-06-03 20:00:00,484,15,183,2018-03-17 5:00:00,233,138.5,79
2018-06-03 20:00:00,493,15,167,2018-03-17 4:00:00,217,124,79
2018-06-03 20:00:00,522,15,141,2018-03-17 3:00:00,195,110.2,81
2018-06-03 20:00:00,526,16,128,2018-03-17 2:00:00,188,88.5,80
2018-06-03 20:00:00,532,16,109,2018-03-17 1:00:00,179,74.3,78
2018-06-03 20:00:00,502,17,89,2018-03-17 0:00:00,168,65.4,74
2018-06-03 20:00:00,484,18,73,2018-03-16 23:00:00,160,57.2,72
2018-06-03 20:00:00,494,19,74,2018-03-16 22:00:00,161,48.6,70
2018-06-03 20:00:00,480,20,85,2018-03-16 21:00:00,166,38.6,67
2018-06-03 20:00:00,459,21,73,2018-03-16 20:00:00,160,32.1,62
2018-06-03 20:00:00,444,22,53,2018-03-16 19:00:00,144,24.4,59
2018-06-03 20:00:00,423,24,39,2018-03-16 18:00:00,110,24.9,53
2018-06-03 20:00:00,414,26,26,2018-03-16 17:00:00,80,23.5,47
2018-06-03 20:00:00,416,27,26,2018-03-16 16:00:00,80,22.3,43
2018-06-03 20:00:00,418,27,23,2018-03-16 15:00:00,74,24.2,42
2018-06-03 20:00:00,421,28,24,2018-03-16 14:00:00,76,24.9,41
2018-06-03 20:00:00,423,28,22,2018-03-16 13:00:00,72,28.4,40
2018-06-03 20:00:00,423,28,21,2018-03-16 12:00:00,70,34.7,41
2018-06-03 20:00:00,428,27,20,2018-03-16 11:00:00,68,56.7,42
2018-06-03 20:00:00,433,25,44,2018-03-16 10:00:00,122,99.4,46
2018-06-03 20:00:00,438,23,83,2018-03-16 9:00:00,165,96.4,49
2018-06-03 20:00:00,454,20,125,2018-03-16 8:00:00,187,111.6,61
2018-06-03 20:00:00,480,16,126,2018-03-16 7:00:00,187,97.8,76
2018-06-03 20:00:00,485,15,129,2018-03-16 6:00:00,189,73.7,78
2018-06-03 20:00:00,472,15,138,2018-03-16 5:00:00,194,71.6,77
2018-06-03 20:00:00,490,15,104,2018-03-16 4:00:00,176,57.8,75
2018-06-03 20:00:00,476,16,67,2018-03-16 3:00:00,157,71.2,71
2018-06-03 20:00:00,473,17,103,2018-03-16 2:00:00,176,80.5,72
2018-06-03 20:00:00,468,17,138,2018-03-16 1:00:00,194,72.8,74
2018-06-03 20:00:00,454,17,222,2018-03-16 0:00:00,272,75,79
2018-06-03 20:00:00,470,18,176,2018-03-15 23:00:00,226,58,79
2018-06-03 20:00:00,475,18,133,2018-03-15 22:00:00,191,47.1,76
2018-06-03 20:00:00,465,19,125,2018-03-15 21:00:00,187,43.1,72
2018-06-03 20:00:00,447,20,115,2018-03-15 20:00:00,182,36.7,67
2018-06-03 20:00:00,432,22,54,2018-03-15 19:00:00,146,29.5,64
2018-06-03 20:00:00,423,23,38,2018-03-15 18:00:00,107,25.7,59
2018-06-03 20:00:00,419,24,26,2018-03-15 17:00:00,80,24.5,56
2018-06-03 20:00:00,417,24,26,2018-03-15 16:00:00,80,24.3,60
2018-06-03 20:00:00,449,24,175,2018-03-12 19:00:00,225,73.6,67
2018-06-03 20:00:00,435,26,130,2018-03-12 18:00:00,189,66.4,57
2018-06-03 20:00:00,417,28,89,2018-03-12 17:00:00,168,56.9,48
2018-06-03 20:00:00,416,29,87,2018-03-12 16:00:00,167,48.3,45
2018-06-03 20:00:00,417,29,78,2018-03-12 15:00:00,163,57.8,42
2018-06-03 20:00:00,415,30,88,2018-03-12 14:00:00,168,53.2,46
2018-06-03 20:00:00,414,29,78,2018-03-12 13:00:00,163,79.7,44
2018-06-03 20:00:00,412,29,69,2018-03-12 12:00:00,158,86.9,47
2018-06-03 20:00:00,417,28,98,2018-03-12 11:00:00,173,93.7,53
2018-06-03 20:00:00,416,26,104,2018-03-12 10:00:00,176,111.5,60
2018-06-03 20:00:00,438,23,132,2018-03-12 9:00:00,190,154.6,71
2018-06-03 20:00:00,488,20,163,2018-03-12 8:00:00,213,168.5,83
2018-06-03 20:00:00,538,16,174,2018-03-12 7:00:00,224,206.6,92
2018-06-03 20:00:00,563,15,187,2018-03-12 6:00:00,237,203.2,89
2018-06-03 20:00:00,577,16,207,2018-03-12 5:00:00,257,169.8,87
2018-06-03 20:00:00,570,16,236,2018-03-12 4:00:00,286,142.6,86
2018-06-03 20:00:00,570,16,247,2018-03-12 3:00:00,297,104.3,84
2018-06-03 20:00:00,561,17,245,2018-03-12 2:00:00,295,84.9,81
2018-06-03 20:00:00,531,17,285,2018-03-12 1:00:00,335,70.4,80
2018-06-03 20:00:00,507,18,275,2018-03-12 0:00:00,325,62.4,78
2018-06-03 20:00:00,504,19,269,2018-03-11 23:00:00,319,58.4,76
2018-06-03 20:00:00,494,20,181,2018-03-11 22:00:00,231,54.4,71
2018-06-03 20:00:00,482,21,118,2018-03-11 21:00:00,183,54.3,68
2018-06-03 20:00:00,454,22,89,2018-03-11 20:00:00,168,54,63
2018-06-03 20:00:00,431,24,78,2018-03-11 19:00:00,163,49.4,57
2018-06-03 20:00:00,423,26,84,2018-03-11 18:00:00,166,45.2,58
2018-06-03 20:00:00,411,28,59,2018-03-11 17:00:00,153,33,48
2018-06-03 20:00:00,416,29,32,2018-03-11 16:00:00,93,28.5,38
2018-06-03 20:00:00,418,29,31,2018-03-11 15:00:00,91,26.2,36
2018-06-03 20:00:00,420,29,43,2018-03-11 14:00:00,119,36.7,38
2018-06-03 20:00:00,425,29,60,2018-03-11 13:00:00,153,46.8,37
2018-06-03 20:00:00,432,29,119,2018-03-11 12:00:00,184,72.5,46
2018-06-03 20:00:00,448,28,208,2018-03-11 11:00:00,258,106.1,46
2018-06-03 20:00:00,465,26,254,2018-03-11 10:00:00,304,151.7,55
2018-06-03 20:00:00,464,23,252,2018-03-11 9:00:00,302,160.9,62
2018-06-03 20:00:00,464,19,244,2018-03-11 8:00:00,294,170.5,77
2018-06-03 20:00:00,496,16,209,2018-03-11 7:00:00,259,170.5,84
2018-06-03 20:00:00,516,15,218,2018-03-11 6:00:00,268,159.3,82
2018-06-03 20:00:00,524,16,219,2018-03-11 5:00:00,269,150.2,84
2018-06-03 20:00:00,548,16,220,2018-03-11 4:00:00,270,140.5,86
2018-06-03 20:00:00,548,16,232,2018-03-11 3:00:00,282,112.1,85
2018-06-03 20:00:00,538,16,214,2018-03-11 2:00:00,264,89.9,83
2018-06-03 20:00:00,542,16,188,2018-03-11 1:00:00,238,80.7,82
2018-06-03 20:00:00,547,17,165,2018-03-11 0:00:00,215,81.7,79
2018-06-03 20:00:00,528,18,155,2018-03-10 23:00:00,205,71.3,74
2018-06-03 20:00:00,505,19,140,2018-03-10 22:00:00,195,69.1,72
2018-06-03 20:00:00,470,20,94,2018-03-10 21:00:00,171,56.8,68
2018-06-03 20:00:00,446,21,85,2018-03-10 20:00:00,166,44.6,64
2018-06-03 20:00:00,439,23,63,2018-03-10 19:00:00,155,33.6,58
2018-06-03 20:00:00,424,24,52,2018-03-10 18:00:00,141,26.7,50
2018-06-03 20:00:00,416,26,31,2018-03-10 17:00:00,91,20.5,43
2018-06-03 20:00:00,416,27,22,2018-03-10 16:00:00,72,18.5,39
2018-06-03 20:00:00,416,28,20,2018-03-10 15:00:00,68,21.8,37
2018-06-03 20:00:00,418,28,23,2018-03-10 14:00:00,74,23.2,38
2018-06-03 20:00:00,422,28,29,2018-03-10 13:00:00,86,31.7,36
2018-06-03 20:00:00,424,28,34,2018-03-10 12:00:00,97,43.4,38
2018-06-03 20:00:00,432,27,94,2018-03-10 11:00:00,171,83.2,42
2018-06-03 20:00:00,437,26,124,2018-03-10 10:00:00,186,79.6,43
2018-06-03 20:00:00,440,24,110,2018-03-10 9:00:00,179,101,49
2018-06-03 20:00:00,450,20,199,2018-03-10 8:00:00,249,87.3,66
2018-06-03 20:00:00,468,16,198,2018-03-10 7:00:00,248,76.6,79
2018-06-03 20:00:00,468,15,133,2018-03-10 6:00:00,191,62.8,80
2018-06-03 20:00:00,460,15,105,2018-03-10 5:00:00,177,58.5,80
2018-06-03 20:00:00,490,15,127,2018-03-10 4:00:00,188,72.2,80
2018-06-03 20:00:00,489,16,148,2018-03-10 3:00:00,199,75.8,79
2018-06-03 20:00:00,492,16,160,2018-03-10 2:00:00,210,86.1,79
2018-06-03 20:00:00,492,17,113,2018-03-10 0:00:00,181,69.1,76
2018-06-03 20:00:00,483,17,103,2018-03-09 23:00:00,176,54.5,72
2018-06-03 20:00:00,462,18,109,2018-03-09 22:00:00,179,46.4,71
2018-06-03 20:00:00,442,19,80,2018-03-09 21:00:00,164,36.8,66
2018-06-03 20:00:00,429,20,64,2018-03-09 20:00:00,155,29.6,62
2018-06-03 20:00:00,433,22,53,2018-03-09 19:00:00,144,27,57
2018-06-03 20:00:00,418,24,39,2018-03-09 18:00:00,110,21.6,51
2018-06-03 20:00:00,414,25,28,2018-03-09 17:00:00,84,22.7,46
2018-06-03 20:00:00,419,27,33,2018-03-09 16:00:00,95,18.6,40
2018-06-03 20:00:00,423,28,33,2018-03-09 15:00:00,95,28.9,36
2018-06-03 20:00:00,427,28,64,2018-03-09 14:00:00,155,52.3,39
2018-06-03 20:00:00,432,28,85,2018-03-09 13:00:00,166,42.5,38
2018-06-03 20:00:00,437,28,79,2018-03-09 12:00:00,163,75.1,36
2018-06-03 20:00:00,451,27,168,2018-03-09 11:00:00,218,72.7,39
2018-06-03 20:00:00,453,25,132,2018-03-09 10:00:00,190,112.9,45
2018-06-03 20:00:00,447,23,40,2018-03-09 9:00:00,112,109.9,55
2018-06-03 20:00:00,444,20,40,2018-03-09 8:00:00,112,92.1,65
2018-06-03 20:00:00,442,16,49,2018-03-09 7:00:00,134,49,76
2018-06-03 20:00:00,457,15,57,2018-03-09 6:00:00,152,30.5,77
2018-06-03 20:00:00,456,16,51,2018-03-09 5:00:00,139,31.8,74
2018-06-03 20:00:00,444,16,50,2018-03-09 4:00:00,137,29.5,70
2018-06-03 20:00:00,438,18,52,2018-03-09 3:00:00,141,24.8,65
2018-06-03 20:00:00,430,19,41,2018-03-09 2:00:00,114,32,58
2018-06-03 20:00:00,428,19,37,2018-03-09 1:00:00,105,86.8,59
2018-06-03 20:00:00,446,19,125,2018-03-09 0:00:00,187,95.9,70
2018-06-03 20:00:00,466,19,106,2018-03-08 23:00:00,177,105.8,77
2018-06-03 20:00:00,464,20,96,2018-03-08 22:00:00,172,90.8,74
2018-06-03 20:00:00,785,24,80,2018-03-08 21:00:00,164,64.8,68
2018-06-03 20:00:00,597,19,265,2018-03-07 0:00:00,315,-1,67
2018-06-03 20:00:00,557,19,255,2018-03-06 23:00:00,305,104.4,65
2018-06-03 20:00:00,556,20,248,2018-03-06 22:00:00,298,94.1,64
