2018-07-03 7:00:00,25,88,113,40.5,,-55555,-55555
2018-07-03 6:00:00,24,94,131,47.84,,-55555,-55555
2018-07-03 5:00:00,24,94,97,34.25,,-55555,-55555
2018-07-03 4:00:00,23,94,122,44.16,,-55555,-55555
2018-07-03 3:00:00,23,100,115,41.11,,-55555,-55555
2018-07-03 2:00:00,23,100,107,37.88,,-55555,-55555
2018-07-03 1:00:00,30,70,125,45.19,,-55555,-55555
2018-07-03 0:00:00,30,70,119,43,,-55555,-55555
2018-07-02 23:00:00,30,66,133,48.5,,-55555,-55555
2018-07-02 22:00:00,30,70,134,49.11,,-55555,-55555
2018-07-02 21:00:00,31,70,135,49.33,,-55555,-55555
2018-07-02 20:00:00,31,66,153,58.6,,-55555,-55555
2018-07-02 19:00:00,32,70,119,42.71,,-55555,-55555
2018-07-02 18:00:00,32,67,153,59.41,,-55555,-55555
2018-07-02 17:00:00,33,56,118,42.41,,-55555,-55555
2018-07-02 16:00:00,35,56,131,47.59,,-55555,-55555
2018-07-02 15:00:00,33,53,124,44.7,,-55555,-55555
2018-07-02 14:00:00,33,53,120,43.34,,-55555,-55555
2018-07-02 13:00:00,34,56,128,46.59,,-55555,-55555
2018-07-02 12:00:00,35,60,156,65.9,,-55555,-55555
2018-07-02 11:00:00,34,63,179,110.72,,-55555,-55555
2018-07-02 10:00:00,34,67,235,185.15,,-55555,-55555
2018-07-02 9:00:00,34,67,278,228.2,,-55555,-55555
2018-07-02 8:00:00,32,70,263,213.25,,-55555,-55555
2018-07-02 7:00:00,30,84,274,224.1,,-55555,-55555
2018-07-02 6:00:00,29,89,209,158.56,,-55555,-55555
2018-07-02 5:00:00,29,89,193,136.25,,-55555,-55555
2018-07-02 4:00:00,29,84,190,131.05,,-55555,-55555
2018-07-02 3:00:00,30,84,183,117.45,,-55555,-55555
2018-07-02 2:00:00,30,84,183,118.2,,-55555,-55555
2018-07-02 1:00:00,30,84,179,109.1,,-55555,-55555
2018-07-02 0:00:00,31,79,176,104.75,,-55555,-55555
2018-07-01 23:00:00,31,79,171,93.55,,-55555,-55555
2018-07-01 22:00:00,32,75,163,78.15,,-55555,-55555
2018-07-01 21:00:00,33,66,161,75.02,,-55555,-55555
2018-07-01 20:00:00,33,66,155,63.97,,-55555,-55555
2018-07-01 19:00:00,34,67,162,76.66,,-55555,-55555
2018-07-01 18:00:00,35,63,161,74.56,,-55555,-55555
2018-07-01 17:00:00,35,63,163,79.2,,-55555,-55555
2018-07-01 16:00:00,35,63,161,75.31,,-55555,-55555
2018-07-01 15:00:00,35,59,160,72.17,,-55555,-55555
2018-07-01 14:00:00,35,63,157,66.43,,-55555,-55555
2018-07-01 13:00:00,34,63,158,68.31,,-55555,-55555
2018-07-01 12:00:00,34,59,160,72.27,,-55555,-55555
2018-07-01 11:00:00,32,67,181,112.73,,-55555,-55555
2018-07-01 10:00:00,32,70,173,97.44,,-55555,-55555
2018-07-01 9:00:00,32,75,238,187.52,,-55555,-55555
2018-07-01 8:00:00,30,74,270,220.55,,-55555,-55555
2018-07-01 7:00:00,29,83,368,317.97,,-55555,-55555
2018-07-01 6:00:00,28,88,307,256.12,,-55555,-55555
2018-07-01 5:00:00,28,88,260,209.63,,-55555,-55555
2018-07-01 4:00:00,28,88,257,207.25,,-55555,-55555
2018-07-01 3:00:00,28,94,223,172.44,,-55555,-55555
2018-07-01 2:00:00,28,88,206,155.56,,-55555,-55555
2018-07-01 1:00:00,28,83,187,124.78,,-55555,-55555
2018-07-01 0:00:00,28,83,178,107.3,,-55555,-55555
2018-06-30 23:00:00,29,83,174,100.3,,-55555,-55555
2018-06-30 22:00:00,29,83,168,87.87,,-55555,-55555
2018-06-30 21:00:00,29,83,161,75.8,,-55555,-55555
2018-06-30 20:00:00,29,83,155,62.97,,-55555,-55555
2018-06-30 19:00:00,29,83,139,50.9,,-55555,-55555
2018-06-30 18:00:00,31,79,132,48,,-55555,-55555
2018-06-30 17:00:00,31,74,128,46.34,,-55555,-55555
2018-06-30 16:00:00,32,67,144,52.9,,-55555,-55555
2018-06-30 15:00:00,31,70,140,51.32,,-55555,-55555
2018-06-30 14:00:00,33,66,138,50.4,,-55555,-55555
2018-06-30 13:00:00,32,70,153,58.94,,-55555,-55555
2018-06-30 12:00:00,31,74,140,51.6,,-55555,-55555
2018-06-30 11:00:00,29,79,146,53.95,,-55555,-55555
2018-06-30 10:00:00,29,74,158,69.37,,-55555,-55555
2018-06-30 9:00:00,27,88,136,49.6,,-55555,-55555
2018-06-30 8:00:00,27,83,119,42.9,,-55555,-55555
2018-06-30 7:00:00,25,94,151,56.27,,-55555,-55555
2018-06-30 6:00:00,24,94,102,36.1,,-55555,-55555
2018-06-30 5:00:00,25,94,150,55.5,,-55555,-55555
2018-06-30 4:00:00,25,88,145,53.41,,-55555,-55555
2018-06-30 3:00:00,25,88,110,39.05,,-55555,-55555
2018-06-30 2:00:00,25,88,151,56.35,,-55555,-55555
2018-06-30 1:00:00,25,88,121,43.55,,-55555,-55555
2018-06-30 0:00:00,26,88,152,58.1,,-55555,-55555
2018-06-29 23:00:00,26,88,153,59.85,,-55555,-55555
2018-06-29 22:00:00,25,88,157,67.72,,-55555,-55555
2018-06-29 21:00:00,26,88,160,73.09,,-55555,-55555
2018-06-29 20:00:00,25,88,155,62.92,,-55555,-55555
2018-06-29 19:00:00,25,88,161,74.72,,-55555,-55555
2018-06-29 18:00:00,26,88,166,84.5,,-55555,-55555
2018-06-29 17:00:00,25,94,155,62.98,,-55555,-55555
2018-06-29 16:00:00,25,94,135,49.5,,-55555,-55555
2018-06-29 15:00:00,25,94,111,39.5,,-55555,-55555
2018-06-29 14:00:00,26,94,92,31.66,,-55555,-55555
2018-06-29 13:00:00,28,83,102,36,,-55555,-55555
2018-06-29 12:00:00,29,78,111,39.73,,-55555,-55555
2018-06-29 11:00:00,27,83,133,48.6,,-55555,-55555
2018-06-29 10:00:00,27,83,145,53.3,,-55555,-55555
2018-06-29 9:00:00,26,88,154,61.44,,-55555,-55555
2018-06-29 8:00:00,26,88,128,46.4,,-55555,-55555
2018-06-29 7:00:00,24,94,158,69.67,,-55555,-55555
2018-06-29 6:00:00,24,69,176,104.5,,-55555,-55555
2018-06-29 5:00:00,25,88,173,99.09,,-55555,-55555
2018-06-29 4:00:00,25,88,191,132.74,,-55555,-55555
2018-06-29 3:00:00,25,88,162,76.05,,-55555,-55555
2018-06-29 2:00:00,25,83,153,60,,-55555,-55555
2018-06-29 1:00:00,26,88,97,34,,-55555,-55555
2018-06-29 0:00:00,26,83,92,31.84,,-55555,-55555
2018-06-28 23:00:00,26,88,85,28.34,,-55555,-55555
2018-06-28 22:00:00,23,95,84,28,,-55555,-55555
2018-06-28 21:00:00,26,83,89,30.34,,-55555,-55555
2018-06-28 20:00:00,26,83,95,33.16,,-55555,-55555
2018-06-28 19:00:00,26,78,96,33.67,,-55555,-55555
2018-06-28 18:00:00,27,74,105,37,,-55555,-55555
2018-06-28 17:00:00,27,65,117,42.14,,-55555,-55555
2018-06-28 16:00:00,27,78,92,31.9,,-55555,-55555
2018-06-28 15:00:00,27,78,108,38.3,,-55555,-55555
2018-06-28 14:00:00,27,78,83,27.57,,-55555,-55555
2018-06-28 13:00:00,27,83,110,38.98,,-55555,-55555
2018-06-28 12:00:00,26,83,103,36.41,,-55555,-55555
2018-06-28 11:00:00,26,83,127,46.31,,-55555,-55555
2018-06-28 10:00:00,25,83,131,47.64,,-55555,-55555
2018-06-28 9:00:00,25,83,154,62.04,,-55555,-55555
2018-06-28 8:00:00,25,88,162,77.27,,-55555,-55555
2018-06-28 7:00:00,25,83,168,89.09,,-55555,-55555
2018-06-28 6:00:00,25,78,182,115.52,,-55555,-55555
2018-06-28 5:00:00,25,83,189,129.72,,-55555,-55555
2018-06-28 4:00:00,24,88,213,162.44,,-55555,-55555
2018-06-28 3:00:00,25,78,229,178.87,,-55555,-55555
2018-06-28 2:00:00,24,74,222,171.87,,-55555,-55555
2018-06-28 1:00:00,25,74,207,156.62,,-55555,-55555
2018-06-28 0:00:00,26,69,188,126.6,,-55555,-55555
2018-06-27 23:00:00,26,74,177,105.07,,-55555,-55555
2018-06-27 22:00:00,27,78,171,94.16,,-55555,-55555
2018-06-27 21:00:00,28,78,169,90.13,,-55555,-55555
2018-06-27 20:00:00,28,78,163,79.22,,-55555,-55555
2018-06-27 19:00:00,28,70,161,74.9,,-55555,-55555
2018-06-27 18:00:00,29,70,156,65.77,,-55555,-55555
2018-06-27 17:00:00,29,70,151,55.59,,-55555,-55555
2018-06-27 16:00:00,30,70,146,53.77,,-55555,-55555
2018-06-27 15:00:00,30,62,153,59.5,,-55555,-55555
2018-06-27 14:00:00,30,62,159,71.7,,-55555,-55555
2018-06-27 13:00:00,,,157,66.7,,-55555,-55555
2018-06-27 12:00:00,29,74,179,110.6,,-55555,-55555
2018-06-27 11:00:00,27,74,156,66.14,,-55555,-55555
2018-06-27 10:00:00,27,74,160,73,,-55555,-55555
2018-06-27 9:00:00,,,151,55.94,,-55555,-55555
2018-06-27 8:00:00,27,74,127,46,,-55555,-55555
2018-06-27 7:00:00,26,78,113,40.41,,-55555,-55555
2018-06-27 6:00:00,25,78,114,40.73,,-55555,-55555
2018-06-27 5:00:00,26,78,106,37.73,,-55555,-55555
2018-06-27 4:00:00,27,69,107,38.14,,-55555,-55555
2018-06-27 3:00:00,25,69,105,37.33,,-55555,-55555
2018-06-27 1:00:00,24,83,113,40.55,,-55555,-55555
2018-06-27 0:00:00,24,83,125,45.26,,-55555,-55555
2018-06-26 23:00:00,26,73,113,40.47,,-55555,-55555
2018-06-26 22:00:00,29,52,117,41.92,,-55555,-55555
2018-06-26 21:00:00,32,44,108,38.16,,-55555,-55555
2018-06-26 20:00:00,37,44,87,29.34,,-55555,-55555
2018-06-26 19:00:00,38,39,87,29.5,,-55555,-55555
2018-06-26 18:00:00,38,42,86,28.67,,-55555,-55555
2018-06-26 17:00:00,40,36,91,31,,-55555,-55555
2018-06-26 16:00:00,40,36,100,35.34,,-55555,-55555
2018-06-26 15:00:00,39,36,102,35.84,,-55555,-55555
2018-06-26 14:00:00,39,36,121,43.55,,-55555,-55555
2018-06-26 13:00:00,38,38,135,49.27,,-55555,-55555
2018-06-26 12:00:00,38,42,151,55.9,,-55555,-55555
2018-06-26 11:00:00,36,42,155,63.57,,-55555,-55555
2018-06-26 10:00:00,35,50,156,65.91,,-55555,-55555
2018-06-26 9:00:00,34,52,157,66.67,,-55555,-55555
2018-06-26 8:00:00,32,55,156,65.91,,-55555,-55555
2018-06-26 7:00:00,30,59,156,65.47,,-55555,-55555
2018-06-26 6:00:00,32,59,155,63.1,,-55555,-55555
2018-06-26 5:00:00,32,55,156,64.59,,-55555,-55555
2018-06-26 4:00:00,30,59,153,58.48,,-55555,-55555
2018-06-26 3:00:00,29,61,152,58.15,,-55555,-55555
2018-06-26 2:00:00,32,55,140,51.6,,-55555,-55555
2018-06-26 1:00:00,32,49,126,45.5,,-55555,-55555
2018-06-26 0:00:00,32,47,141,51.85,,-55555,-55555
2018-06-25 23:00:00,33,44,131,47.55,,-55555,-55555
2018-06-25 22:00:00,34,44,139,50.82,,-55555,-55555
2018-06-25 21:00:00,36,39,121,43.55,,-55555,-55555
2018-06-25 20:00:00,37,35,106,37.5,,-55555,-55555
2018-06-25 19:00:00,40,35,88,29.66,,-55555,-55555
2018-06-25 18:00:00,40,33,81,26.33,,-55555,-55555
2018-06-25 17:00:00,41,34,89,30.33,,-55555,-55555
2018-06-25 16:00:00,41,34,83,27.16,,-55555,-55555
2018-06-25 15:00:00,41,34,95,33.16,,-55555,-55555
2018-06-25 14:00:00,,,94,32.5,,-55555,-55555
2018-06-25 13:00:00,40,35,103,36.34,,-55555,-55555
2018-06-25 12:00:00,39,40,109,38.66,,-55555,-55555
2018-06-25 11:00:00,37,37,116,41.67,,-55555,-55555
2018-06-25 10:00:00,35,39,153,59.13,,-55555,-55555
2018-06-25 9:00:00,34,49,158,69.25,,-55555,-55555
2018-06-25 8:00:00,33,49,164,81,,-55555,-55555
2018-06-25 7:00:00,31,49,165,82.77,,-55555,-55555
2018-06-25 6:00:00,30,55,155,62.51,,-55555,-55555
2018-06-25 5:00:00,32,59,152,58.27,,-55555,-55555
2018-06-25 4:00:00,31,59,121,43.5,,-55555,-55555
2018-06-25 3:00:00,31,55,119,42.66,,-55555,-55555
2018-06-25 2:00:00,31,55,146,54.02,,-55555,-55555
2018-06-25 1:00:00,31,52,126,45.65,,-55555,-55555
2018-06-25 0:00:00,31,52,140,51.52,,-55555,-55555
2018-06-24 23:00:00,33,43,116,41.65,,-55555,-55555
2018-06-24 22:00:00,34,44,102,35.91,,-55555,-55555
2018-06-24 21:00:00,35,42,83,27.34,,-55555,-55555
2018-06-24 20:00:00,37,37,79,25.59,,-55555,-55555
2018-06-24 19:00:00,39,24,67,19.67,,-55555,-55555
2018-06-24 18:00:00,40,35,69,20.67,,-55555,-55555
2018-06-24 17:00:00,40,33,66,19.34,,-55555,-55555
2018-06-24 16:00:00,41,34,73,22.5,,-55555,-55555
2018-06-24 15:00:00,40,35,82,26.84,,-55555,-55555
2018-06-24 14:00:00,,,77,24.66,,-55555,-55555
2018-06-24 13:00:00,39,40,98,34.67,,-55555,-55555
2018-06-24 12:00:00,39,37,145,53.51,,-55555,-55555
2018-06-24 11:00:00,37,42,165,83.6,,-55555,-55555
2018-06-24 10:00:00,36,42,167,85.77,,-55555,-55555
2018-06-24 9:00:00,35,50,173,98.03,,-55555,-55555
2018-06-24 8:00:00,32,52,167,87.12,,-55555,-55555
2018-06-24 7:00:00,30,55,165,83.4,,-55555,-55555
2018-06-24 6:00:00,28,62,163,78.15,,-55555,-55555
2018-06-24 5:00:00,27,66,162,77.41,,-55555,-55555
2018-06-24 4:00:00,28,62,159,71.41,,-55555,-55555
2018-06-24 3:00:00,29,58,158,69.95,,-55555,-55555
2018-06-24 2:00:00,29,58,155,62.43,,-55555,-55555
2018-06-24 1:00:00,29,58,151,56.3,,-55555,-55555
2018-06-24 0:00:00,30,55,124,44.75,,-55555,-55555
2018-06-23 23:00:00,31,52,104,36.66,,-55555,-55555
2018-06-23 22:00:00,31,52,88,30,,-55555,-55555
2018-06-23 21:00:00,32,46,84,27.66,,-55555,-55555
2018-06-23 20:00:00,34,44,77,24.5,,-55555,-55555
2018-06-23 19:00:00,36,41,70,21.16,,-55555,-55555
2018-06-23 18:00:00,37,33,61,17,,-55555,-55555
2018-06-23 17:00:00,37,33,55,14,,-55555,-55555
2018-06-23 16:00:00,37,27,45,10.83,,-55555,-55555
2018-06-23 15:00:00,36,31,60,16.16,,-55555,-55555
2018-06-23 14:00:00,36,33,86,28.99,,-55555,-55555
2018-06-23 13:00:00,35,33,70,21.34,,-55555,-55555
2018-06-23 12:00:00,34,41,108,38.36,,-55555,-55555
2018-06-23 11:00:00,29,52,72,22.34,,-55555,-55555
2018-06-23 10:00:00,28,58,74,23.16,,-55555,-55555
2018-06-23 9:00:00,27,69,78,24.84,,-55555,-55555
2018-06-23 8:00:00,27,69,64,18.16,,-55555,-55555
2018-06-23 7:00:00,27,69,94,32.84,,-55555,-55555
2018-06-23 6:00:00,28,61,157,67.72,,-55555,-55555
2018-06-23 5:00:00,28,66,170,91.66,,-55555,-55555
2018-06-23 4:00:00,30,66,154,61.2,,-55555,-55555
2018-06-23 3:00:00,30,62,103,36.49,,-55555,-55555
2018-06-23 2:00:00,30,45,73,22.84,,-55555,-55555
2018-06-23 1:00:00,30,58,89,30.16,,-55555,-55555
2018-06-23 0:00:00,29,51,151,55.8,,-55555,-55555
2018-06-22 23:00:00,31,48,136,49.78,,-55555,-55555
2018-06-22 22:00:00,34,44,152,56.54,,-55555,-55555
2018-06-22 21:00:00,35,37,133,48.6,,-55555,-55555
2018-06-22 20:00:00,36,37,94,32.84,,-55555,-55555
2018-06-22 19:00:00,38,35,88,30,,-55555,-55555
2018-06-22 18:00:00,39,29,93,32.3,,-55555,-55555
2018-06-22 17:00:00,39,29,94,32.84,,-55555,-55555
2018-06-22 16:00:00,39,35,116,41.8,,-55555,-55555
2018-06-22 15:00:00,38,37,117,41.84,,-55555,-55555
2018-06-22 14:00:00,37,37,156,65.67,,-55555,-55555
2018-06-22 13:00:00,37,37,136,49.9,,-55555,-55555
2018-06-22 12:00:00,36,41,179,109.1,,-55555,-55555
2018-06-22 11:00:00,36,41,156,64.53,,-55555,-55555
2018-06-22 10:00:00,36,44,177,105.12,,-55555,-55555
2018-06-22 9:00:00,35,47,177,105.94,,-55555,-55555
2018-06-22 8:00:00,33,49,166,84.36,,-55555,-55555
2018-06-22 7:00:00,31,55,153,58.99,,-55555,-55555
2018-06-22 6:00:00,28,62,138,50.44,,-55555,-55555
2018-06-22 5:00:00,27,37,121,43.75,,-55555,-55555
2018-06-22 4:00:00,29,55,121,43.5,,-55555,-55555
2018-06-22 3:00:00,29,58,130,47.25,,-55555,-55555
2018-06-22 2:00:00,30,55,122,44,,-55555,-55555
2018-06-22 1:00:00,30,55,134,49.15,,-55555,-55555
2018-06-22 0:00:00,31,49,126,45.84,,-55555,-55555
2018-06-21 23:00:00,31,49,134,48.82,,-55555,-55555
2018-06-21 22:00:00,33,46,112,39.84,,-55555,-55555
2018-06-21 21:00:00,34,36,113,40.34,,-55555,-55555
2018-06-21 20:00:00,36,30,90,30.66,,-55555,-55555
2018-06-21 19:00:00,39,22,87,29.16,,-55555,-55555
2018-06-21 18:00:00,40,35,82,27,,-55555,-55555
2018-06-21 17:00:00,40,21,77,24.66,,-55555,-55555
2018-06-21 16:00:00,40,33,85,28.34,,-55555,-55555
2018-06-21 15:00:00,39,33,93,32.16,,-55555,-55555
2018-06-21 14:00:00,39,33,90,30.84,,-55555,-55555
2018-06-21 13:00:00,38,37,141,51.84,,-55555,-55555
2018-06-21 12:00:00,,,153,60.07,,-55555,-55555
2018-06-21 11:00:00,36,39,168,88.92,,-55555,-55555
2018-06-21 10:00:00,35,39,178,108.78,,-55555,-55555
2018-06-21 9:00:00,32,46,166,83.83,,-55555,-55555
2018-06-21 8:00:00,31,52,176,104.9,,-55555,-55555
2018-06-21 7:00:00,29,55,132,47.98,,-55555,-55555
2018-06-21 6:00:00,27,61,96,33.49,,-55555,-55555
2018-06-21 5:00:00,27,61,74,23.16,,-55555,-55555
2018-06-21 4:00:00,27,58,72,22.33,,-55555,-55555
2018-06-21 3:00:00,27,74,77,24.33,,-55555,-55555
2018-06-21 2:00:00,28,58,90,30.83,,-55555,-55555
2018-06-21 1:00:00,28,58,89,30.16,,-55555,-55555
2018-06-21 0:00:00,28,61,94,32.5,,-55555,-55555
2018-06-20 23:00:00,28,58,81,26.66,,-55555,-55555
2018-06-20 22:00:00,28,58,82,27,,-55555,-55555
2018-06-20 21:00:00,29,55,99,35.01,,-55555,-55555
2018-06-20 20:00:00,33,43,90,30.5,,-55555,-55555
2018-06-20 19:00:00,35,47,105,37.28,,-55555,-55555
2018-06-20 18:00:00,35,39,117,41.93,,-55555,-55555
2018-06-20 17:00:00,33,44,89,30.1,,-55555,-55555
2018-06-20 16:00:00,35,44,115,41.26,,-55555,-55555
2018-06-20 15:00:00,39,40,94,32.5,,-55555,-55555
2018-06-20 14:00:00,38,40,95,33.25,,-55555,-55555
2018-06-20 13:00:00,39,40,104,36.84,,-55555,-55555
2018-06-20 12:00:00,38,42,123,44.57,,-55555,-55555
2018-06-20 11:00:00,36,47,164,80.95,,-55555,-55555
2018-06-20 10:00:00,36,47,168,89,,-55555,-55555
2018-06-20 9:00:00,34,56,218,167.37,,-55555,-55555
2018-06-20 8:00:00,32,66,180,112.31,,-55555,-55555
2018-06-20 7:00:00,28,66,187,124.65,,-55555,-55555
2018-06-20 6:00:00,27,79,163,78.75,,-55555,-55555
2018-06-20 5:00:00,27,74,163,78,,-55555,-55555
2018-06-20 4:00:00,28,66,164,80.4,,-55555,-55555
2018-06-20 3:00:00,28,66,162,77.25,,-55555,-55555
2018-06-20 2:00:00,29,62,159,71.75,,-55555,-55555
2018-06-20 1:00:00,29,62,157,66.3,,-55555,-55555
2018-06-20 0:00:00,29,58,143,52.56,,-55555,-55555
2018-06-19 23:00:00,31,55,127,46.16,,-55555,-55555
2018-06-19 22:00:00,31,46,113,40.5,,-55555,-55555
2018-06-19 21:00:00,32,46,104,36.83,,-55555,-55555
2018-06-19 20:00:00,34,41,87,29.17,,-55555,-55555
2018-06-19 19:00:00,36,41,86,28.66,,-55555,-55555
2018-06-19 18:00:00,37,42,78,25.17,,-55555,-55555
2018-06-19 17:00:00,37,42,76,23.84,,-55555,-55555
2018-06-19 16:00:00,37,42,80,25.84,,-55555,-55555
2018-06-19 15:00:00,37,42,83,27.17,,-55555,-55555
2018-06-19 14:00:00,,,86,28.66,,-55555,-55555
2018-06-19 13:00:00,35,44,107,37.84,,-55555,-55555
2018-06-19 12:00:00,34,44,105,37.16,,-55555,-55555
2018-06-19 11:00:00,33,49,121,43.84,,-55555,-55555
2018-06-19 10:00:00,32,52,151,56.22,,-55555,-55555
2018-06-19 9:00:00,30,62,155,62.34,,-55555,-55555
2018-06-19 8:00:00,28,70,164,79.95,,-55555,-55555
2018-06-19 7:00:00,26,74,166,84.15,,-55555,-55555
2018-06-19 6:00:00,25,83,168,89.07,,-55555,-55555
2018-06-19 5:00:00,25,83,168,89.09,,-55555,-55555
2018-06-19 4:00:00,25,83,172,96.09,,-55555,-55555
2018-06-19 3:00:00,25,100,170,91.62,,-55555,-55555
2018-06-19 2:00:00,26,78,172,95.65,,-55555,-55555
2018-06-19 1:00:00,26,78,168,87.59,,-55555,-55555
2018-06-19 0:00:00,27,78,164,80.1,,-55555,-55555
2018-06-18 23:00:00,28,78,158,69.7,,-55555,-55555
2018-06-18 22:00:00,29,62,154,60.45,,-55555,-55555
2018-06-18 21:00:00,29,62,153,58.56,,-55555,-55555
2018-06-18 20:00:00,30,58,148,54.65,,-55555,-55555
2018-06-18 19:00:00,31,55,154,61.37,,-55555,-55555
2018-06-18 18:00:00,32,55,155,63.38,,-55555,-55555
2018-06-18 17:00:00,32,55,154,61,,-55555,-55555
2018-06-18 16:00:00,32,55,155,64.09,,-55555,-55555
2018-06-18 15:00:00,32,59,143,52.66,,-55555,-55555
2018-06-18 14:00:00,32,55,146,53.75,,-55555,-55555
2018-06-18 13:00:00,32,55,149,55.05,,-55555,-55555
2018-06-18 12:00:00,31,62,138,50.75,,-55555,-55555
2018-06-18 11:00:00,30,66,154,61.53,,-55555,-55555
2018-06-18 10:00:00,27,62,156,66,,-55555,-55555
2018-06-18 9:00:00,27,74,161,74.06,,-55555,-55555
2018-06-18 8:00:00,26,78,164,80.55,,-55555,-55555
2018-06-18 7:00:00,25,83,161,74.27,,-55555,-55555
2018-06-18 6:00:00,24,83,158,68.48,,-55555,-55555
2018-06-18 5:00:00,24,83,146,53.95,,-55555,-55555
2018-06-18 4:00:00,24,78,140,51.34,,-55555,-55555
2018-06-18 3:00:00,25,78,148,54.55,,-55555,-55555
2018-06-18 2:00:00,26,78,139,50.98,,-55555,-55555
2018-06-18 1:00:00,25,74,146,53.72,,-55555,-55555
2018-06-18 0:00:00,26,74,123,44.48,,-55555,-55555
2018-06-17 23:00:00,25,74,105,37.16,,-55555,-55555
2018-06-17 22:00:00,26,69,92,31.84,,-55555,-55555
2018-06-17 21:00:00,27,69,84,28,,-55555,-55555
2018-06-17 20:00:00,29,66,88,30,,-55555,-55555
2018-06-17 19:00:00,29,66,93,32,,-55555,-55555
2018-06-17 18:00:00,29,62,108,38.25,,-55555,-55555
2018-06-17 17:00:00,29,70,118,42.5,,-55555,-55555
2018-06-17 16:00:00,30,66,127,46.25,,-55555,-55555
2018-06-17 15:00:00,28,70,139,50.87,,-55555,-55555
2018-06-17 14:00:00,28,69,117,41.83,,-55555,-55555
2018-06-17 13:00:00,27,69,131,47.87,,-55555,-55555
2018-06-17 12:00:00,27,69,93,32.16,,-55555,-55555
2018-06-17 11:00:00,25,74,108,38.16,,-55555,-55555
2018-06-17 10:00:00,25,78,90,30.84,,-55555,-55555
2018-06-17 9:00:00,23,83,97,34,,-55555,-55555
2018-06-17 8:00:00,23,88,99,35,,-55555,-55555
2018-06-17 7:00:00,23,88,110,39.34,,-55555,-55555
2018-06-17 6:00:00,23,83,108,38.5,,-55555,-55555
2018-06-17 5:00:00,25,94,110,39.34,,-55555,-55555
2018-06-17 4:00:00,24,78,111,39.5,,-55555,-55555
2018-06-17 3:00:00,24,94,100,35.34,,-55555,-55555
2018-06-17 2:00:00,25,83,108,38.33,,-55555,-55555
2018-06-17 1:00:00,24,74,95,33.34,,-55555,-55555
2018-06-17 0:00:00,25,69,94,32.5,,-55555,-55555
2018-06-16 23:00:00,25,88,97,34.17,,-55555,-55555
2018-06-16 22:00:00,25,88,91,31.34,,-55555,-55555
2018-06-16 21:00:00,25,65,94,32.5,,-55555,-55555
2018-06-16 20:00:00,26,54,125,45.33,,-55555,-55555
2018-06-16 19:00:00,26,58,154,61.88,,-55555,-55555
2018-06-16 18:00:00,30,55,160,72.73,,-55555,-55555
2018-06-16 17:00:00,29,55,169,91.31,,-55555,-55555
2018-06-16 16:00:00,31,52,169,90.15,,-55555,-55555
2018-06-16 15:00:00,32,55,172,97.13,,-55555,-55555
2018-06-16 14:00:00,32,49,168,88.05,,-55555,-55555
2018-06-16 13:00:00,31,48,170,91.45,,-55555,-55555
2018-06-16 12:00:00,30,59,167,85.95,,-55555,-55555
2018-06-16 11:00:00,29,62,168,88.48,,-55555,-55555
2018-06-16 10:00:00,28,62,163,79.09,,-55555,-55555
2018-06-16 9:00:00,29,62,163,78.32,,-55555,-55555
2018-06-16 8:00:00,28,69,155,63.97,,-55555,-55555
2018-06-16 7:00:00,28,69,156,65.27,,-55555,-55555
2018-06-16 6:00:00,28,65,163,79.5,,-55555,-55555
2018-06-16 5:00:00,28,66,164,81.11,,-55555,-55555
2018-06-16 4:00:00,28,62,180,111.48,,-55555,-55555
2018-06-16 3:00:00,29,62,186,124.02,,-55555,-55555
2018-06-16 2:00:00,30,55,194,138.37,,-55555,-55555
2018-06-16 1:00:00,31,56,196,142.25,,-55555,-55555
2018-06-16 0:00:00,34,56,197,143.9,,-55555,-55555
2018-06-15 23:00:00,34,56,188,127.65,,-55555,-55555
2018-06-15 22:00:00,34,49,185,121.5,,-55555,-55555
2018-06-15 21:00:00,34,53,182,114.8,,-55555,-55555
2018-06-15 20:00:00,35,50,184,118.8,,-55555,-55555
2018-06-15 19:00:00,36,50,185,122.25,,-55555,-55555
2018-06-15 18:00:00,36,50,191,132.7,,-55555,-55555
2018-06-15 17:00:00,36,50,196,142.56,,-55555,-55555
2018-06-15 16:00:00,37,47,206,155.56,,-55555,-55555
2018-06-15 15:00:00,37,44,229,178.43,,-55555,-55555
2018-06-15 14:00:00,36,50,252,202.05,,-55555,-55555
2018-06-15 13:00:00,35,50,280,230.43,,-55555,-55555
2018-06-15 12:00:00,35,50,297,247.49,,-55555,-55555
2018-06-15 11:00:00,34,49,316,266.13,,-55555,-55555
2018-06-15 10:00:00,33,43,341,290.49,,-55555,-55555
2018-06-15 9:00:00,33,49,340,289.43,,-55555,-55555
2018-06-15 8:00:00,32,52,365,315.13,,-55555,-55555
2018-06-15 7:00:00,31,49,324,274.03,,-55555,-55555
2018-06-15 6:00:00,31,49,235,184.45,,-55555,-55555
2018-06-15 5:00:00,31,52,162,77.3,,-55555,-55555
2018-06-15 4:00:00,31,48,157,66.75,,-55555,-55555
2018-06-15 3:00:00,32,59,132,48.1,,-55555,-55555
2018-06-15 2:00:00,32,59,137,50.1,,-55555,-55555
2018-06-15 1:00:00,32,59,160,72.82,,-55555,-55555
2018-06-15 0:00:00,31,55,161,74.77,,-55555,-55555
2018-06-14 23:00:00,32,56,170,92.2,,-55555,-55555
2018-06-14 22:00:00,34,43,171,94.15,,-55555,-55555
2018-06-14 21:00:00,33,53,172,96.7,,-55555,-55555
2018-06-14 20:00:00,37,50,181,113.44,,-55555,-55555
2018-06-14 19:00:00,37,50,185,121.78,,-55555,-55555
2018-06-14 18:00:00,38,39,200,150.2,,-55555,-55555
2018-06-14 17:00:00,39,45,193,137.47,,-55555,-55555
2018-06-14 16:00:00,39,45,218,168,,-55555,-55555
2018-06-14 14:00:00,38,47,225,174.47,,-55555,-55555
2018-06-14 13:00:00,38,47,200,149.74,,-55555,-55555
2018-06-14 12:00:00,36,47,195,140,,-55555,-55555
2018-06-14 11:00:00,35,44,186,122.4,,-55555,-55555
2018-06-14 10:00:00,35,53,181,114.45,,-55555,-55555
2018-06-14 9:00:00,34,49,174,100.15,,-55555,-55555
2018-06-14 8:00:00,33,52,174,100.41,,-55555,-55555
2018-06-14 7:00:00,32,62,169,89.69,,-55555,-55555
2018-06-14 6:00:00,31,62,173,97.27,,-55555,-55555
2018-06-14 5:00:00,31,52,174,100.13,,-55555,-55555
2018-06-14 4:00:00,32,62,177,105.8,,-55555,-55555
2018-06-14 3:00:00,32,56,177,105.97,,-55555,-55555
2018-06-14 2:00:00,32,52,176,104.45,,-55555,-55555
2018-06-14 1:00:00,32,56,171,94.47,,-55555,-55555
2018-06-14 0:00:00,33,53,170,92.05,,-55555,-55555
2018-06-13 23:00:00,34,46,167,85.8,,-55555,-55555
2018-06-13 22:00:00,36,39,163,79.5,,-55555,-55555
2018-06-13 21:00:00,36,42,163,79.35,,-55555,-55555
2018-06-13 20:00:00,39,29,162,76.05,,-55555,-55555
2018-06-13 19:00:00,40,38,159,70.38,,-55555,-55555
2018-06-13 18:00:00,41,38,155,63.05,,-55555,-55555
2018-06-13 17:00:00,42,36,142,52.17,,-55555,-55555
2018-06-13 16:00:00,43,29,106,37.66,,-55555,-55555
2018-06-13 15:00:00,44,25,103,36.34,,-55555,-55555
2018-06-13 14:00:00,43,22,114,40.97,,-55555,-55555
2018-06-13 13:00:00,41,28,122,44.14,,-55555,-55555
2018-06-13 12:00:00,40,34,153,59.48,,-55555,-55555
2018-06-13 11:00:00,39,35,156,64.6,,-55555,-55555
2018-06-13 10:00:00,38,37,163,79.67,,-55555,-55555
2018-06-13 9:00:00,36,34,166,84.3,,-55555,-55555
2018-06-13 8:00:00,35,47,161,75.28,,-55555,-55555
2018-06-13 7:00:00,,,160,73,,-55555,-55555
2018-06-13 6:00:00,,,148,54.78,,-55555,-55555
2018-06-13 5:00:00,,,141,51.83,,-55555,-55555
2018-06-13 4:00:00,,,153,58.72,,-55555,-55555
2018-06-13 3:00:00,,,157,66.87,,-55555,-55555
2018-06-13 2:00:00,,,162,76.98,,-55555,-55555
2018-06-13 1:00:00,,,164,80.7,,-55555,-55555
2018-06-13 0:00:00,,,161,74.45,,-55555,-55555
2018-06-12 23:00:00,,,157,67.63,,-55555,-55555
2018-06-12 22:00:00,,,150,55.36,,-55555,-55555
2018-06-12 21:00:00,,,132,48.29,,-55555,-55555
2018-06-12 20:00:00,,,117,41.83,,-55555,-55555
2018-06-12 19:00:00,,,113,40.33,,-55555,-55555
2018-06-12 18:00:00,,,104,36.83,,-55555,-55555
2018-06-12 17:00:00,,,116,41.66,,-55555,-55555
2018-06-12 16:00:00,,,107,38,,-55555,-55555
2018-06-12 15:00:00,,,144,53,,-55555,-55555
2018-06-12 14:00:00,,,125,45.3,,-55555,-55555
2018-06-12 13:00:00,,,154,60.9,,-55555,-55555
2018-06-12 12:00:00,,,155,63.33,,-55555,-55555
2018-06-12 11:00:00,,,164,80.75,,-55555,-55555
2018-06-12 10:00:00,,,170,92.95,,-55555,-55555
2018-06-12 9:00:00,,,219,169,,-55555,-55555
2018-06-12 8:00:00,,,181,113.42,,-55555,-55555
2018-06-12 7:00:00,,,188,127.35,,-55555,-55555
2018-06-12 6:00:00,,,160,73.35,,-55555,-55555
2018-06-12 5:00:00,,,157,67.62,,-55555,-55555
2018-06-12 4:00:00,,,154,60.8,,-55555,-55555
2018-06-12 3:00:00,,,135,49.5,,-55555,-55555
2018-06-12 2:00:00,,,152,56.77,,-55555,-55555
2018-06-12 1:00:00,,,155,62.44,,-55555,-55555
2018-06-12 0:00:00,,,154,61.27,,-55555,-55555
2018-06-11 23:00:00,,,155,62.44,,-55555,-55555
2018-06-11 22:00:00,,,143,52.5,,-55555,-55555
2018-06-11 21:00:00,,,119,43,,-55555,-55555
2018-06-11 20:00:00,,,110,39.34,,-55555,-55555
2018-06-11 19:00:00,,,100,35.5,,-55555,-55555
2018-06-11 18:00:00,,,94,32.84,,-55555,-55555
2018-06-11 17:00:00,,,93,32.34,,-55555,-55555
2018-06-11 16:00:00,,,89,30.07,,-55555,-55555
2018-06-11 15:00:00,,,108,38.16,,-55555,-55555
2018-06-11 14:00:00,,,119,42.8,,-55555,-55555
2018-06-11 13:00:00,,,118,42.5,,-55555,-55555
2018-06-11 12:00:00,,,154,61.91,,-55555,-55555
2018-06-11 11:00:00,,,155,63.9,,-55555,-55555
2018-06-11 10:00:00,,,175,101.08,,-55555,-55555
2018-06-11 9:00:00,,,184,119.7,,-55555,-55555
2018-06-11 8:00:00,32,55,191,132.24,,-55555,-55555
2018-06-11 7:00:00,29,62,185,121.63,,-55555,-55555
2018-06-11 6:00:00,28,66,175,101.47,,-55555,-55555
2018-06-11 5:00:00,28,66,160,73.83,,-55555,-55555
2018-06-11 4:00:00,29,78,160,72.78,,-55555,-55555
2018-06-11 3:00:00,29,55,157,66.65,,-55555,-55555
2018-06-11 2:00:00,30,55,158,68.75,,-55555,-55555
2018-06-11 1:00:00,30,59,156,64.94,,-55555,-55555
2018-06-11 0:00:00,31,55,156,64.85,,-55555,-55555
2018-06-10 23:00:00,32,55,152,57.34,,-55555,-55555
2018-06-10 22:00:00,33,62,157,66.2,,-55555,-55555
2018-06-10 21:00:00,33,62,158,69.2,,-55555,-55555
2018-06-10 20:00:00,35,50,159,70.23,,-55555,-55555
2018-06-10 19:00:00,35,50,159,71.73,,-55555,-55555
2018-06-10 18:00:00,36,44,154,60.8,,-55555,-55555
2018-06-10 17:00:00,36,42,156,64.28,,-55555,-55555
2018-06-10 16:00:00,36,42,162,77.32,,-55555,-55555
2018-06-10 15:00:00,36,42,174,99.52,,-55555,-55555
2018-06-10 14:00:00,35,47,172,95.63,,-55555,-55555
2018-06-10 13:00:00,35,47,178,108.65,,-55555,-55555
2018-06-10 12:00:00,34,50,169,89.52,,-55555,-55555
2018-06-10 11:00:00,33,56,169,89.98,,-55555,-55555
2018-06-10 10:00:00,32,59,196,143.06,,-55555,-55555
2018-06-10 9:00:00,30,66,243,192.58,,-55555,-55555
2018-06-10 8:00:00,28,74,259,208.9,,-55555,-55555
2018-06-10 7:00:00,27,74,325,274.82,,-55555,-55555
2018-06-10 6:00:00,26,78,360,309.76,,-55555,-55555
2018-06-10 5:00:00,27,78,298,248.87,,-55555,-55555
2018-06-10 4:00:00,27,78,282,232.42,,-55555,-55555
2018-06-10 3:00:00,27,69,218,167.68,,-55555,-55555
2018-06-10 2:00:00,26,69,193,137.41,,-55555,-55555
2018-06-10 1:00:00,28,74,189,129.92,,-55555,-55555
2018-06-10 0:00:00,27,74,180,112.39,,-55555,-55555
2018-06-09 23:00:00,27,70,175,101.63,,-55555,-55555
2018-06-09 22:00:00,28,66,171,94,,-55555,-55555
2018-06-09 21:00:00,29,66,162,77.73,,-55555,-55555
2018-06-09 20:00:00,30,62,162,76.45,,-55555,-55555
2018-06-09 19:00:00,30,62,159,70.75,,-55555,-55555
2018-06-09 18:00:00,31,62,167,86.45,,-55555,-55555
2018-06-09 17:00:00,31,66,157,68.02,,-55555,-55555
2018-06-09 16:00:00,30,70,161,74.5,,-55555,-55555
2018-06-09 15:00:00,31,59,162,77.59,,-55555,-55555
2018-06-09 14:00:00,29,62,140,51.29,,-55555,-55555
2018-06-09 13:00:00,27,78,170,93.1,,-55555,-55555
2018-06-09 12:00:00,27,74,134,49.07,,-55555,-55555
2018-06-09 11:00:00,28,69,156,64.34,,-55555,-55555
2018-06-09 10:00:00,28,65,106,37.55,,-55555,-55555
2018-06-09 9:00:00,29,62,104,36.65,,-55555,-55555
2018-06-09 8:00:00,27,74,75,23.35,,-55555,-55555
2018-06-09 7:00:00,26,65,81,26.66,,-55555,-55555
2018-06-09 6:00:00,26,65,102,35.75,,-55555,-55555
2018-06-09 5:00:00,24,74,106,37.5,,-55555,-55555
2018-06-09 4:00:00,28,65,159,70.5,,-55555,-55555
2018-06-09 3:00:00,30,66,151,55.79,,-55555,-55555
2018-06-09 2:00:00,32,66,166,84.3,,-55555,-55555
2018-06-09 1:00:00,33,63,156,65.77,,-55555,-55555
2018-06-09 0:00:00,33,56,157,66.3,,-55555,-55555
2018-06-08 23:00:00,33,55,157,66.22,,-55555,-55555
2018-06-08 22:00:00,34,52,154,61.21,,-55555,-55555
2018-06-08 21:00:00,35,47,154,60.47,,-55555,-55555
2018-06-08 20:00:00,38,47,140,51.4,,-55555,-55555
2018-06-08 19:00:00,38,43,135,49.5,,-55555,-55555
2018-06-08 18:00:00,40,29,123,44.32,,-55555,-55555
2018-06-08 17:00:00,40,36,122,44.09,,-55555,-55555
2018-06-08 16:00:00,40,36,117,41.91,,-55555,-55555
2018-06-08 15:00:00,40,33,121,43.81,,-55555,-55555
2018-06-08 14:00:00,41,38,115,41.13,,-55555,-55555
2018-06-08 13:00:00,39,40,121,43.81,,-55555,-55555
2018-06-08 12:00:00,39,40,127,46.29,,-55555,-55555
2018-06-08 11:00:00,38,42,139,50.83,,-55555,-55555
2018-06-08 10:00:00,37,45,161,74.45,,-55555,-55555
2018-06-08 9:00:00,35,47,165,82.16,,-55555,-55555
2018-06-08 8:00:00,32,53,177,105.95,,-55555,-55555
2018-06-08 7:00:00,31,62,180,111.03,,-55555,-55555
2018-06-08 6:00:00,30,62,181,113,,-55555,-55555
2018-06-08 5:00:00,29,62,182,115.07,,-55555,-55555
2018-06-08 3:00:00,31,59,172,96.53,,-55555,-55555
2018-06-08 2:00:00,31,59,166,84.15,,-55555,-55555
2018-06-08 1:00:00,32,59,166,84.43,,-55555,-55555
2018-06-08 0:00:00,32,59,160,72.77,,-55555,-55555
2018-06-07 23:00:00,33,56,158,68.45,,-55555,-55555
2018-06-07 22:00:00,34,53,156,64.67,,-55555,-55555
2018-06-07 21:00:00,34,53,152,57.35,,-55555,-55555
2018-06-07 20:00:00,35,53,143,52.64,,-55555,-55555
2018-06-07 19:00:00,36,50,131,47.75,,-55555,-55555
2018-06-07 18:00:00,38,42,122,44.18,,-55555,-55555
2018-06-07 17:00:00,38,42,114,40.64,,-55555,-55555
2018-06-07 16:00:00,36,78,119,42.68,,-55555,-55555
2018-06-07 15:00:00,38,35,121,43.5,,-55555,-55555
2018-06-07 14:00:00,39,42,132,48.11,,-55555,-55555
2018-06-07 13:00:00,37,47,145,53.35,,-55555,-55555
2018-06-07 12:00:00,36,50,152,57.35,,-55555,-55555
2018-06-07 11:00:00,35,50,157,67.55,,-55555,-55555
2018-06-07 10:00:00,34,47,158,69.53,,-55555,-55555
2018-06-07 9:00:00,33,49,165,83.25,,-55555,-55555
2018-06-07 8:00:00,31,59,164,80.94,,-55555,-55555
2018-06-07 7:00:00,29,70,176,103.44,,-55555,-55555
2018-06-07 6:00:00,28,78,184,118.74,,-55555,-55555
2018-06-07 5:00:00,28,78,194,138.69,,-55555,-55555
2018-06-07 4:00:00,28,83,204,153.6,,-55555,-55555
2018-06-07 3:00:00,28,83,204,153.31,,-55555,-55555
2018-06-07 2:00:00,29,79,195,141.05,,-55555,-55555
2018-06-07 1:00:00,29,79,190,130.91,,-55555,-55555
2018-06-07 0:00:00,29,79,181,114.3,,-55555,-55555
2018-06-06 23:00:00,30,74,176,104.02,,-55555,-55555
2018-06-06 22:00:00,31,70,167,87.4,,-55555,-55555
2018-06-06 21:00:00,32,66,163,78.47,,-55555,-55555
2018-06-06 20:00:00,32,66,157,67.25,,-55555,-55555
2018-06-06 19:00:00,33,63,154,62.05,,-55555,-55555
2018-06-06 18:00:00,33,63,153,59.5,,-55555,-55555
2018-06-06 17:00:00,34,63,153,60.1,,-55555,-55555
2018-06-06 16:00:00,35,59,154,62.2,,-55555,-55555
2018-06-06 15:00:00,34,59,153,60.1,,-55555,-55555
2018-06-06 14:00:00,34,59,157,66.81,,-55555,-55555
2018-06-06 13:00:00,32,59,162,76.98,,-55555,-55555
2018-06-06 12:00:00,31,59,178,107.15,,-55555,-55555
2018-06-06 11:00:00,,,186,122.55,,-55555,-55555
2018-06-06 10:00:00,29,62,190,130.44,,-55555,-55555
2018-06-06 9:00:00,27,69,168,88.5,,-55555,-55555
2018-06-06 8:00:00,25,74,155,64,,-55555,-55555
2018-06-06 7:00:00,25,83,140,51.39,,-55555,-55555
2018-06-06 6:00:00,25,83,119,42.67,,-55555,-55555
2018-06-06 5:00:00,25,78,137,50.2,,-55555,-55555
2018-06-06 0:00:00,26,74,131,47.94,,-55555,-55555
2018-06-05 23:00:00,25,78,138,50.8,,-55555,-55555
2018-06-05 22:00:00,26,73,152,57.31,,-55555,-55555
2018-06-05 21:00:00,26,78,168,88.14,,-55555,-55555
2018-06-05 20:00:00,27,65,195,140.2,,-55555,-55555
2018-06-05 19:00:00,40,40,167,85.8,,-55555,-55555
2018-06-05 18:00:00,40,38,153,59.2,,-55555,-55555
2018-06-05 17:00:00,41,38,152,57.44,,-55555,-55555
2018-06-05 16:00:00,41,41,151,56.11,,-55555,-55555
2018-06-05 15:00:00,41,41,152,56.76,,-55555,-55555
2018-06-05 14:00:00,40,43,152,57.02,,-55555,-55555
2018-06-05 13:00:00,40,43,153,59.47,,-55555,-55555
2018-06-05 12:00:00,38,48,155,62.41,,-55555,-55555
2018-06-05 11:00:00,38,47,157,66.22,,-55555,-55555
2018-06-05 10:00:00,36,42,157,67.61,,-55555,-55555
2018-06-05 9:00:00,35,56,157,67.85,,-55555,-55555
2018-06-05 8:00:00,33,59,157,66.95,,-55555,-55555
2018-06-05 7:00:00,32,62,156,65.92,,-55555,-55555
2018-06-05 6:00:00,32,62,156,65.94,,-55555,-55555
2018-06-05 5:00:00,32,59,155,63.84,,-55555,-55555
2018-06-05 4:00:00,33,59,156,64.28,,-55555,-55555
2018-06-05 3:00:00,33,56,154,61.6,,-55555,-55555
2018-06-05 2:00:00,34,53,154,60.4,,-55555,-55555
2018-06-05 1:00:00,34,50,153,59.35,,-55555,-55555
2018-06-05 0:00:00,35,50,154,60.4,,-55555,-55555
2018-06-04 23:00:00,35,47,152,57.25,,-55555,-55555
2018-06-04 22:00:00,36,47,152,57.5,,-55555,-55555
2018-06-04 21:00:00,37,41,145,53.56,,-55555,-55555
2018-06-04 20:00:00,37,42,139,50.98,,-55555,-55555
2018-06-04 19:00:00,39,40,137,50,,-55555,-55555
2018-06-04 18:00:00,40,40,130,47.42,,-55555,-55555
2018-06-04 17:00:00,41,38,137,50,,-55555,-55555
2018-06-04 16:00:00,41,38,128,46.42,,-55555,-55555
2018-06-04 15:00:00,40,28,134,48.83,,-55555,-55555
2018-06-04 14:00:00,40,40,130,47.52,,-55555,-55555
2018-06-04 13:00:00,39,42,137,50.02,,-55555,-55555
2018-06-04 12:00:00,38,47,141,51.81,,-55555,-55555
2018-06-04 11:00:00,36,50,147,54.09,,-55555,-55555
2018-06-04 10:00:00,35,53,149,55.09,,-55555,-55555
2018-06-04 9:00:00,34,52,147,54.08,,-55555,-55555
2018-06-04 8:00:00,32,49,143,52.78,,-55555,-55555
2018-06-04 7:00:00,31,58,137,50,,-55555,-55555
2018-06-04 6:00:00,31,55,134,49.17,,-55555,-55555
2018-06-04 5:00:00,31,55,127,46,,-55555,-55555
2018-06-04 4:00:00,32,55,131,47.84,,-55555,-55555
2018-06-04 3:00:00,32,52,129,46.97,,-55555,-55555
2018-06-04 2:00:00,33,49,132,48.16,,-55555,-55555
2018-06-04 1:00:00,34,49,136,49.97,,-55555,-55555
2018-06-04 0:00:00,34,47,141,51.78,,-55555,-55555
2018-06-03 23:00:00,34,50,152,57.03,,-55555,-55555
2018-06-03 22:00:00,35,47,160,72.72,,-55555,-55555
2018-06-03 21:00:00,36,41,157,68.02,,-55555,-55555
2018-06-03 20:00:00,37,42,160,73.22,,-55555,-55555
2018-06-03 19:00:00,40,38,155,62.65,,-55555,-55555
2018-06-03 18:00:00,40,36,145,53.28,,-55555,-55555
2018-06-03 17:00:00,41,36,139,51,,-55555,-55555
2018-06-03 16:00:00,41,36,133,48.66,,-55555,-55555
2018-06-03 15:00:00,40,38,131,47.83,,-55555,-55555
2018-06-03 14:00:00,39,40,128,46.34,,-55555,-55555
2018-06-03 13:00:00,38,42,127,46,,-55555,-55555
2018-06-03 12:00:00,37,44,132,48,,-55555,-55555
2018-06-03 11:00:00,35,50,130,47.17,,-55555,-55555
2018-06-03 10:00:00,33,52,140,51.33,,-55555,-55555
2018-06-03 9:00:00,31,58,149,54.98,,-55555,-55555
2018-06-03 8:00:00,29,62,147,54.11,,-55555,-55555
2018-06-03 7:00:00,28,69,144,53.15,,-55555,-55555
2018-06-03 6:00:00,28,69,135,49.28,,-55555,-55555
2018-06-03 5:00:00,28,69,120,43.34,,-55555,-55555
2018-06-03 4:00:00,29,51,116,41.67,,-55555,-55555
2018-06-03 3:00:00,29,58,110,39,,-55555,-55555
2018-06-03 2:00:00,30,55,108,38.34,,-55555,-55555
2018-06-03 1:00:00,31,43,111,39.5,,-55555,-55555
2018-06-03 0:00:00,32,43,111,39.5,,-55555,-55555
2018-06-02 23:00:00,33,46,122,44.17,,-55555,-55555
2018-06-02 22:00:00,34,49,129,46.98,,-55555,-55555
2018-06-02 21:00:00,36,44,124,45,,-55555,-55555
2018-06-02 20:00:00,37,42,128,46.65,,-55555,-55555
2018-06-02 19:00:00,38,39,124,45,,-55555,-55555
2018-06-02 18:00:00,39,37,118,42.5,,-55555,-55555
2018-06-02 17:00:00,40,35,127,46.25,,-55555,-55555
2018-06-02 16:00:00,39,37,119,42.84,,-55555,-55555
2018-06-02 15:00:00,38,40,120,43.41,,-55555,-55555
2018-06-02 14:00:00,37,42,118,42.64,,-55555,-55555
2018-06-02 13:00:00,35,28,112,39.84,,-55555,-55555
2018-06-02 12:00:00,34,49,118,42.27,,-55555,-55555
2018-06-02 11:00:00,32,52,115,41.17,,-55555,-55555
2018-06-02 10:00:00,30,55,116,41.46,,-55555,-55555
2018-06-02 9:00:00,29,58,122,44.17,,-55555,-55555
2018-06-02 8:00:00,26,57,115,41.17,,-55555,-55555
2018-06-02 7:00:00,25,65,104,36.84,,-55555,-55555
2018-06-02 6:00:00,24,61,97,34,,-55555,-55555
2018-06-02 5:00:00,24,61,93,32.25,,-55555,-55555
2018-06-02 4:00:00,26,61,91,31,,-55555,-55555
2018-06-02 3:00:00,26,54,99,35.09,,-55555,-55555
2018-06-02 2:00:00,27,48,85,28.17,,-55555,-55555
2018-06-02 1:00:00,27,51,84,27.84,,-55555,-55555
2018-06-02 0:00:00,28,51,77,24.34,,-55555,-55555
2018-06-01 23:00:00,29,51,77,24.66,,-55555,-55555
2018-06-01 22:00:00,30,48,83,27.16,,-55555,-55555
2018-06-01 21:00:00,32,35,87,29.16,,-55555,-55555
2018-06-01 20:00:00,32,41,95,33.31,,-55555,-55555
2018-06-01 19:00:00,36,32,153,58.94,,-55555,-55555
2018-06-01 18:00:00,,,115,41.03,,-55555,-55555
2018-06-01 17:00:00,37,31,157,66.48,,-55555,-55555
2018-06-01 16:00:00,35,50,136,49.87,,-55555,-55555
2018-06-01 15:00:00,41,34,144,52.89,,-55555,-55555
2018-06-01 14:00:00,40,38,153,59.78,,-55555,-55555
2018-06-01 13:00:00,40,33,152,57.84,,-55555,-55555
2018-06-01 12:00:00,38,42,154,60.91,,-55555,-55555
2018-06-01 11:00:00,36,47,153,58.9,,-55555,-55555
2018-06-01 10:00:00,35,50,153,60.11,,-55555,-55555
2018-06-01 9:00:00,33,55,153,59.65,,-55555,-55555
2018-06-01 8:00:00,31,58,154,60.77,,-55555,-55555
2018-06-01 7:00:00,32,55,153,59.65,,-55555,-55555
2018-06-01 6:00:00,31,58,154,61.66,,-55555,-55555
2018-06-01 5:00:00,32,55,153,60.25,,-55555,-55555
2018-06-01 4:00:00,33,49,158,68.62,,-55555,-55555
2018-06-01 3:00:00,33,43,169,89.69,,-55555,-55555
2018-06-01 2:00:00,34,41,164,80.12,,-55555,-55555
2018-06-01 1:00:00,34,39,175,102.69,,-55555,-55555
2018-06-01 0:00:00,34,37,164,81.15,,-55555,-55555
2018-05-31 23:00:00,35,37,162,76.85,,-55555,-55555
2018-05-31 22:00:00,34,37,160,73.52,,-55555,-55555
2018-05-31 21:00:00,37,35,162,77.13,,-55555,-55555
2018-05-31 20:00:00,37,33,154,60.48,,-55555,-55555
2018-05-31 19:00:00,40,30,156,64.5,,-55555,-55555
2018-05-31 18:00:00,42,28,122,44.22,,-55555,-55555
2018-05-31 17:00:00,42,19,123,44.66,,-55555,-55555
2018-05-31 16:00:00,42,30,128,46.36,,-55555,-55555
2018-05-31 15:00:00,41,32,150,55.46,,-55555,-55555
2018-05-31 14:00:00,40,24,154,61.6,,-55555,-55555
2018-05-31 13:00:00,39,40,159,70.25,,-55555,-55555
2018-05-31 12:00:00,38,42,158,68.6,,-55555,-55555
2018-05-31 11:00:00,36,47,158,69.35,,-55555,-55555
2018-05-31 10:00:00,34,52,156,65.77,,-55555,-55555
2018-05-31 9:00:00,33,55,155,62.5,,-55555,-55555
2018-05-31 8:00:00,31,62,154,61.15,,-55555,-55555
2018-05-31 7:00:00,29,70,153,59.5,,-55555,-55555
2018-05-31 6:00:00,28,66,153,60.1,,-55555,-55555
2018-05-31 5:00:00,29,66,153,59.5,,-55555,-55555
2018-05-31 4:00:00,30,48,155,62.63,,-55555,-55555
2018-05-31 3:00:00,31,49,169,89.69,,-55555,-55555
2018-05-31 2:00:00,32,46,164,80.09,,-55555,-55555
2018-05-31 1:00:00,32,46,175,102.23,,-55555,-55555
2018-05-31 0:00:00,32,46,172,96.23,,-55555,-55555
2018-05-30 23:00:00,32,41,168,89.23,,-55555,-55555
2018-05-30 22:00:00,32,41,166,85.48,,-55555,-55555
2018-05-30 21:00:00,36,41,160,73.27,,-55555,-55555
2018-05-30 20:00:00,38,35,154,61.84,,-55555,-55555
2018-05-30 19:00:00,39,33,140,51.52,,-55555,-55555
2018-05-30 18:00:00,40,33,135,49.27,,-55555,-55555
2018-05-30 17:00:00,40,33,138,50.5,,-55555,-55555
2018-05-30 16:00:00,40,35,152,57.2,,-55555,-55555
2018-05-30 15:00:00,39,40,152,57.91,,-55555,-55555
2018-05-30 14:00:00,39,40,156,65.88,,-55555,-55555
2018-05-30 13:00:00,37,42,157,67.55,,-55555,-55555
2018-05-30 12:00:00,37,42,158,69.03,,-55555,-55555
2018-05-30 11:00:00,35,44,160,73.05,,-55555,-55555
2018-05-30 10:00:00,34,44,163,78.3,,-55555,-55555
2018-05-30 9:00:00,33,43,164,79.8,,-55555,-55555
2018-05-30 8:00:00,31,46,164,79.95,,-55555,-55555
2018-05-30 7:00:00,29,48,164,79.8,,-55555,-55555
2018-05-30 6:00:00,30,51,160,73.65,,-55555,-55555
2018-05-30 5:00:00,30,43,158,69.5,,-55555,-55555
2018-05-30 4:00:00,31,35,155,62.97,,-55555,-55555
2018-05-30 3:00:00,31,35,152,58.23,,-55555,-55555
2018-05-30 2:00:00,32,30,131,47.81,,-55555,-55555
2018-05-30 1:00:00,32,30,132,47.98,,-55555,-55555
2018-05-30 0:00:00,32,31,130,47.34,,-55555,-55555
2018-05-29 23:00:00,33,30,137,50.02,,-55555,-55555
2018-05-29 22:00:00,34,30,126,45.84,,-55555,-55555
2018-05-29 21:00:00,37,28,119,42.85,,-55555,-55555
2018-05-29 20:00:00,37,27,89,30.12,,-55555,-55555
2018-05-29 19:00:00,40,20,78,24.84,,-55555,-55555
2018-05-29 18:00:00,42,19,70,21.28,,-55555,-55555
2018-05-29 17:00:00,43,18,68,20.13,,-55555,-55555
2018-05-29 16:00:00,44,18,76,24.23,,-55555,-55555
2018-05-29 15:00:00,44,20,79,25.7,,-55555,-55555
2018-05-29 14:00:00,43,21,105,36.95,,-55555,-55555
2018-05-29 13:00:00,43,21,119,43.02,,-55555,-55555
2018-05-29 12:00:00,41,23,161,75.3,,-55555,-55555
2018-05-29 11:00:00,38,28,167,86.1,,-55555,-55555
2018-05-29 10:00:00,37,31,175,102.95,,-55555,-55555
2018-05-29 9:00:00,33,38,177,105.95,,-55555,-55555
2018-05-29 8:00:00,30,40,179,110.44,,-55555,-55555
2018-05-29 7:00:00,27,32,173,98.63,,-55555,-55555
2018-05-29 6:00:00,27,69,174,99.84,,-55555,-55555
2018-05-29 5:00:00,27,39,168,88.48,,-55555,-55555
2018-05-29 4:00:00,28,32,162,75.94,,-55555,-55555
2018-05-29 3:00:00,28,40,161,74.72,,-55555,-55555
2018-05-29 2:00:00,31,38,157,67.57,,-55555,-55555
2018-05-29 1:00:00,23,67,159,70.68,,-55555,-55555
2018-05-29 0:00:00,22,70,155,62.58,,-55555,-55555
2018-05-28 23:00:00,22,70,152,57.37,,-55555,-55555
2018-05-28 22:00:00,22,70,137,50.14,,-55555,-55555
2018-05-28 21:00:00,24,60,100,35.34,,-55555,-55555
2018-05-28 20:00:00,24,60,94,32.69,,-55555,-55555
2018-05-28 19:00:00,24,60,66,19.5,,-55555,-55555
2018-05-28 18:00:00,37,20,66,19.36,,-55555,-55555
2018-05-28 17:00:00,37,20,58,15.5,,-55555,-55555
2018-05-28 16:00:00,37,20,61,16.66,,-55555,-55555
2018-05-28 15:00:00,43,15,60,16.5,,-55555,-55555
2018-05-28 14:00:00,43,15,61,16.66,,-55555,-55555
2018-05-28 13:00:00,,,68,20,,-55555,-55555
2018-05-28 12:00:00,42,13,101,35.51,,-55555,-55555
2018-05-28 11:00:00,40,15,151,56.03,,-55555,-55555
2018-05-28 10:00:00,40,15,159,71.9,,-55555,-55555
2018-05-28 9:00:00,33,25,163,78.15,,-55555,-55555
2018-05-28 8:00:00,31,31,174,99.7,,-55555,-55555
2018-05-28 7:00:00,31,35,166,85.1,,-55555,-55555
2018-05-28 6:00:00,22,55,167,87.15,,-55555,-55555
2018-05-28 5:00:00,27,38,163,78.81,,-55555,-55555
2018-05-28 4:00:00,26,35,159,71.9,,-55555,-55555
2018-05-28 3:00:00,27,33,166,85.47,,-55555,-55555
2018-05-28 2:00:00,29,33,166,84,,-55555,-55555
2018-05-28 1:00:00,29,35,170,92.95,,-55555,-55555
2018-05-28 0:00:00,31,35,167,87.15,,-55555,-55555
2018-05-27 23:00:00,32,22,162,76.22,,-55555,-55555
2018-05-27 22:00:00,34,18,158,68.56,,-55555,-55555
2018-05-27 21:00:00,33,28,149,55.05,,-55555,-55555
2018-05-27 20:00:00,37,14,128,46.66,,-55555,-55555
2018-05-27 19:00:00,39,20,112,40,,-55555,-55555
2018-05-27 18:00:00,41,19,114,41,,-55555,-55555
2018-05-27 17:00:00,42,19,109,38.83,,-55555,-55555
2018-05-27 16:00:00,42,18,112,40,,-55555,-55555
2018-05-27 15:00:00,42,19,119,43,,-55555,-55555
2018-05-27 14:00:00,42,19,146,53.77,,-55555,-55555
2018-05-27 13:00:00,41,9,156,65.02,,-55555,-55555
2018-05-27 12:00:00,40,20,179,110.3,,-55555,-55555
2018-05-27 11:00:00,38,14,193,137.6,,-55555,-55555
2018-05-27 10:00:00,37,24,215,164.36,,-55555,-55555
2018-05-27 9:00:00,35,25,209,158.53,,-55555,-55555
2018-05-27 8:00:00,31,29,181,113.4,,-55555,-55555
2018-05-27 7:00:00,28,33,182,115.97,,-55555,-55555
2018-05-27 6:00:00,28,30,164,80.25,,-55555,-55555
2018-05-27 5:00:00,29,35,166,84.3,,-55555,-55555
2018-05-27 4:00:00,29,33,159,71.6,,-55555,-55555
2018-05-27 3:00:00,31,27,153,59.47,,-55555,-55555
2018-05-27 2:00:00,31,31,154,61.43,,-55555,-55555
2018-05-27 1:00:00,33,29,154,60.65,,-55555,-55555
2018-05-27 0:00:00,33,28,160,73.53,,-55555,-55555
2018-05-26 23:00:00,34,23,152,57.65,,-55555,-55555
2018-05-26 22:00:00,33,24,160,72.05,,-55555,-55555
2018-05-26 21:00:00,35,26,124,44.95,,-55555,-55555
2018-05-26 20:00:00,36,22,117,42,,-55555,-55555
2018-05-26 19:00:00,38,21,95,33,,-55555,-55555
2018-05-26 18:00:00,40,19,78,25.16,,-55555,-55555
2018-05-26 17:00:00,42,19,79,25.5,,-55555,-55555
2018-05-26 16:00:00,43,18,85,28.16,,-55555,-55555
2018-05-26 15:00:00,43,18,91,31.16,,-55555,-55555
2018-05-26 14:00:00,42,18,115,41.31,,-55555,-55555
2018-05-26 13:00:00,42,19,160,72.95,,-55555,-55555
2018-05-26 12:00:00,41,12,218,167.25,,-55555,-55555
2018-05-26 11:00:00,39,14,286,236.72,,-55555,-55555
2018-05-26 10:00:00,38,24,261,210.84,,-55555,-55555
2018-05-26 9:00:00,37,20,191,132.7,,-55555,-55555
2018-05-26 8:00:00,31,29,189,130,,-55555,-55555
2018-05-26 7:00:00,28,40,171,95.19,,-55555,-55555
2018-05-26 6:00:00,25,39,172,96.37,,-55555,-55555
2018-05-26 5:00:00,25,37,171,94.45,,-55555,-55555
2018-05-26 4:00:00,29,39,173,97.41,,-55555,-55555
2018-05-26 3:00:00,28,40,169,90.72,,-55555,-55555
2018-05-26 2:00:00,29,38,170,91.6,,-55555,-55555
2018-05-26 1:00:00,29,38,162,76.67,,-55555,-55555
2018-05-26 0:00:00,30,30,160,73.23,,-55555,-55555
2018-05-25 23:00:00,32,19,153,59.5,,-55555,-55555
2018-05-25 22:00:00,32,32,152,57.85,,-55555,-55555
2018-05-25 21:00:00,33,26,147,54.22,,-55555,-55555
2018-05-25 20:00:00,35,25,135,49.55,,-55555,-55555
2018-05-25 19:00:00,37,21,108,38.16,,-55555,-55555
2018-05-25 18:00:00,40,10,93,32.16,,-55555,-55555
2018-05-25 17:00:00,42,19,77,24.66,,-55555,-55555
2018-05-25 16:00:00,42,18,73,22.66,,-55555,-55555
2018-05-25 15:00:00,41,19,93,32.25,,-55555,-55555
2018-05-25 14:00:00,41,9,90,30.5,,-55555,-55555
2018-05-25 13:00:00,41,18,153,59.3,,-55555,-55555
2018-05-25 12:00:00,40,18,181,113.4,,-55555,-55555
2018-05-25 11:00:00,38,20,277,227.55,,-55555,-55555
2018-05-25 10:00:00,36,22,285,235.8,,-55555,-55555
2018-05-25 9:00:00,33,22,318,268.08,,-55555,-55555
2018-05-25 8:00:00,30,27,225,174.58,,-55555,-55555
2018-05-25 7:00:00,28,29,229,178.38,,-55555,-55555
2018-05-25 6:00:00,24,39,176,104.47,,-55555,-55555
2018-05-25 5:00:00,26,30,175,101.45,,-55555,-55555
2018-05-25 4:00:00,25,33,169,90.27,,-55555,-55555
2018-05-25 3:00:00,27,31,168,88.92,,-55555,-55555
2018-05-25 2:00:00,27,35,169,89.95,,-55555,-55555
2018-05-25 1:00:00,27,35,167,86.38,,-55555,-55555
2018-05-25 0:00:00,29,31,166,84.41,,-55555,-55555
2018-05-24 23:00:00,29,33,177,105.65,,-55555,-55555
2018-05-24 22:00:00,30,23,689,786.97,,-55555,-55555
2018-05-24 21:00:00,32,19,631,699.72,,-55555,-55555
2018-05-24 20:00:00,35,15,94,32.74,,-55555,-55555
2018-05-24 19:00:00,39,12,107,38,,-55555,-55555
2018-05-24 18:00:00,40,18,71,21.83,,-55555,-55555
2018-01-20 23:00:00,11,62,215,164.38,,-55555,-55555
2018-01-20 22:00:00,11,62,210,159.47,,-55555,-55555
2018-01-20 21:00:00,12,58,181,113.3,,-55555,-55555
2018-01-20 20:00:00,13,44,168,88.78,,-55555,-55555
2018-01-20 19:00:00,18,31,168,88.05,,-55555,-55555
2018-01-20 18:00:00,18,65,157,67.05,,-55555,-55555
2018-01-20 17:00:00,21,19,158,68.61,,-55555,-55555
2018-01-20 16:00:00,22,15,164,80.03,,-55555,-55555
2018-01-20 15:00:00,22,15,176,104.39,,-55555,-55555
2018-01-20 14:00:00,21,25,199,148.2,,-55555,-55555
2018-01-20 13:00:00,20,27,203,152.04,,-55555,-55555
2018-01-20 12:00:00,18,28,311,260.49,,-55555,-55555
2018-01-20 11:00:00,15,36,285,235.75,,-55555,-55555
2018-01-20 10:00:00,13,50,334,283.94,,-55555,-55555
2018-01-20 9:00:00,9,57,322,271.69,,-55555,-55555
2018-01-20 8:00:00,5,87,275,225.06,,-55555,-55555
2018-01-20 7:00:00,6,87,260,210.31,,-55555,-55555
2018-01-20 6:00:00,6,75,233,182.75,,-55555,-55555
2018-01-20 5:00:00,6,81,218,167.73,,-55555,-55555
2018-01-20 4:00:00,9,76,210,159.25,,-55555,-55555
2018-01-20 3:00:00,10,76,218,168.01,,-55555,-55555
2018-01-20 2:00:00,8,71,253,203.04,,-55555,-55555
2018-01-20 1:00:00,9,71,286,236.1,,-55555,-55555
2018-01-20 0:00:00,10,66,278,228.33,,-55555,-55555
2018-01-19 23:00:00,11,66,286,236.32,,-55555,-55555
2018-01-19 22:00:00,11,62,227,177.15,,-55555,-55555
2018-01-19 21:00:00,13,58,197,145.32,,-55555,-55555
2018-01-19 20:00:00,14,51,187,125.15,,-55555,-55555
2018-01-19 19:00:00,15,48,181,113.72,,-55555,-55555
2018-01-19 18:00:00,17,42,178,108.55,,-55555,-55555
2018-01-19 17:00:00,21,35,179,110.58,,-55555,-55555
2018-01-19 16:00:00,21,27,184,119.33,,-55555,-55555
2018-01-19 15:00:00,21,25,188,127.6,,-55555,-55555
2018-01-19 14:00:00,21,25,275,225,,-55555,-55555
2018-01-19 13:00:00,21,28,246,195.74,,-55555,-55555
2018-01-19 12:00:00,20,35,443,413.61,,-55555,-55555
2018-01-19 11:00:00,18,39,397,347.4,,-55555,-55555
2018-01-19 10:00:00,14,59,491,486.25,,-55555,-55555
2018-01-19 9:00:00,8,76,446,418.22,,-55555,-55555
2018-01-19 8:00:00,,,448,422.15,,-55555,-55555
2018-01-19 7:00:00,6,87,423,383.1,,-55555,-55555
2018-01-19 5:00:00,7,100,320,270.01,,-55555,-55555
2018-01-19 4:00:00,7,100,384,334.55,,-55555,-55555
2018-01-19 3:00:00,8,87,403,353.51,,-55555,-55555
2018-01-19 2:00:00,8,87,441,411.8,,-55555,-55555
2018-01-19 1:00:00,10,81,441,411.8,,-55555,-55555
2018-01-19 0:00:00,11,76,417,375.05,,-55555,-55555
2018-01-18 23:00:00,12,76,400,350.18,,-55555,-55555
2018-01-18 22:00:00,12,71,326,276,,-55555,-55555
2018-01-18 21:00:00,13,72,291,241.68,,-55555,-55555
2018-01-18 20:00:00,15,67,264,213.7,,-55555,-55555
2018-01-18 19:00:00,15,67,224,173.3,,-55555,-55555
2018-01-18 17:00:00,21,43,251,200.9,,-55555,-55555
2018-01-18 16:00:00,22,38,321,271.05,,-55555,-55555
2018-01-18 15:00:00,21,38,312,262.07,,-55555,-55555
2018-01-18 14:00:00,22,43,337,287.2,,-55555,-55555
2018-01-18 13:00:00,20,49,344,293.45,,-55555,-55555
2018-01-18 12:00:00,18,52,324,273.32,,-55555,-55555
2018-01-18 11:00:00,,,426,388.95,,-55555,-55555
2018-01-18 10:00:00,,,411,366.13,,-55555,-55555
2018-01-18 9:00:00,,,483,474.6,,-55555,-55555
2018-01-18 8:00:00,,,546,570.66,,-55555,-55555
2018-01-18 7:00:00,,,543,565.15,,-55555,-55555
2018-01-18 6:00:00,,,516,524.04,,-55555,-55555
2018-01-18 5:00:00,,,498,497.6,,-55555,-55555
2018-01-18 4:00:00,,,384,334.5,,-55555,-55555
2018-01-18 3:00:00,,,376,326.05,,-55555,-55555
2018-01-18 2:00:00,,,367,317.48,,-55555,-55555
2018-01-18 1:00:00,,,354,303.7,,-55555,-55555
2018-01-18 0:00:00,,,360,310.08,,-55555,-55555
2018-01-17 23:00:00,,,349,299.24,,-55555,-55555
2018-01-17 22:00:00,,,335,284.52,,-55555,-55555
2018-01-17 21:00:00,,,310,259.12,,-55555,-55555
2018-01-17 20:00:00,,,282,232.5,,-55555,-55555
2018-01-17 19:00:00,,,260,209.95,,-55555,-55555
2018-01-17 18:00:00,,,258,208.3,,-55555,-55555
2018-01-17 17:00:00,,,258,208,,-55555,-55555
2018-01-17 16:00:00,,,263,213.25,,-55555,-55555
2018-01-17 15:00:00,,,271,221.59,,-55555,-55555
2018-01-17 14:00:00,,,274,224.22,,-55555,-55555
2018-01-17 13:00:00,,,312,261.76,,-55555,-55555
2018-01-17 12:00:00,,,367,317.02,,-55555,-55555
2018-01-17 11:00:00,,,417,374.76,,-55555,-55555
2018-01-17 10:00:00,,,451,425.75,,-55555,-55555
2018-01-17 9:00:00,,,459,438.59,,-55555,-55555
2018-01-17 8:00:00,,,451,426.35,,-55555,-55555
2018-01-17 7:00:00,,,427,389.72,,-55555,-55555
2018-01-17 6:00:00,,,396,346.32,,-55555,-55555
2018-01-17 5:00:00,,,342,292.38,,-55555,-55555
2018-01-17 4:00:00,,,306,255.16,,-55555,-55555
2018-01-17 3:00:00,,,267,217.27,,-55555,-55555
2018-01-17 2:00:00,,,260,209.63,,-55555,-55555
2018-01-17 1:00:00,,,249,198.68,,-55555,-55555
2018-01-17 0:00:00,,,260,209.85,,-55555,-55555
2018-01-16 23:00:00,,,244,194,,-55555,-55555
2018-01-16 22:00:00,,,264,214.1,,-55555,-55555
2018-01-16 20:00:00,,,246,195.98,,-55555,-55555
2018-01-16 19:00:00,,,204,153.5,,-55555,-55555
2018-01-16 18:00:00,,,195,140.92,,-55555,-55555
2018-01-16 17:00:00,,,180,111.48,,-55555,-55555
2018-01-16 16:00:00,,,181,114.31,,-55555,-55555
2018-01-16 15:00:00,,,207,157.03,,-55555,-55555
2018-01-16 14:00:00,,,209,158.99,,-55555,-55555
2018-01-16 13:00:00,,,262,212.34,,-55555,-55555
2018-01-16 12:00:00,,,361,310.73,,-55555,-55555
2018-01-16 11:00:00,,,343,292.74,,-55555,-55555
2018-01-16 10:00:00,,,435,401.72,,-55555,-55555
2018-01-16 9:00:00,,,393,343.09,,-55555,-55555
2018-01-16 8:00:00,,,372,322.18,,-55555,-55555
2018-01-16 7:00:00,,,336,285.42,,-55555,-55555
2018-01-16 6:00:00,,,312,261.21,,-55555,-55555
2018-01-16 5:00:00,,,315,264.5,,-55555,-55555
2018-01-16 4:00:00,,,348,297.99,,-55555,-55555
2018-01-16 3:00:00,,,344,294.08,,-55555,-55555
2018-01-16 2:00:00,,,344,293.63,,-55555,-55555
2018-01-16 1:00:00,,,317,266.88,,-55555,-55555
2018-01-16 0:00:00,,,257,207.4,,-55555,-55555
2018-01-15 23:00:00,,,230,180.21,,-55555,-55555
2018-01-15 22:00:00,,,211,160.79,,-55555,-55555
2018-01-15 21:00:00,,,189,129.87,,-55555,-55555
2018-01-15 20:00:00,,,192,134.56,,-55555,-55555
2018-01-15 19:00:00,,,178,107.62,,-55555,-55555
2018-01-15 18:00:00,,,170,92.57,,-55555,-55555
2018-01-15 17:00:00,,,173,98.05,,-55555,-55555
2018-01-15 16:00:00,,,184,118.8,,-55555,-55555
2018-01-15 15:00:00,,,198,147.2,,-55555,-55555
2018-01-15 14:00:00,,,209,158.55,,-55555,-55555
2018-01-15 13:00:00,,,229,178.88,,-55555,-55555
2018-01-15 12:00:00,,,226,175.44,,-55555,-55555
2018-01-15 11:00:00,,,294,244.19,,-55555,-55555
2018-01-15 10:00:00,,,296,246.1,,-55555,-55555
2018-01-15 9:00:00,,,334,283.62,,-55555,-55555
2018-01-15 8:00:00,,,298,248.5,,-55555,-55555
2018-01-15 7:00:00,,,290,240.56,,-55555,-55555
2018-01-15 6:00:00,,,292,242.1,,-55555,-55555
2018-01-15 5:00:00,,,310,259.25,,-55555,-55555
2018-01-15 4:00:00,,,349,298.72,,-55555,-55555
2018-01-15 3:00:00,,,365,315.15,,-55555,-55555
2018-01-15 2:00:00,,,407,359.95,,-55555,-55555
2018-01-15 1:00:00,,,407,360.27,,-55555,-55555
2018-01-15 0:00:00,,,410,363.68,,-55555,-55555
2018-01-14 23:00:00,,,371,320.98,,-55555,-55555
2018-01-14 22:00:00,,,325,274.65,,-55555,-55555
2018-01-14 21:00:00,,,272,222.35,,-55555,-55555
2018-01-14 20:00:00,,,239,189.21,,-55555,-55555
2018-01-14 19:00:00,,,215,165.13,,-55555,-55555
2018-01-14 18:00:00,,,196,142.74,,-55555,-55555
2018-01-14 17:00:00,,,198,146.77,,-55555,-55555
2018-01-14 16:00:00,,,199,149.31,,-55555,-55555
2018-01-14 15:00:00,,,233,182.47,,-55555,-55555
2018-01-14 14:00:00,,,221,170.51,,-55555,-55555
2018-01-14 13:00:00,,,258,207.87,,-55555,-55555
2018-01-14 12:00:00,,,290,240.73,,-55555,-55555
2018-01-14 11:00:00,,,405,357.05,,-55555,-55555
2018-01-14 10:00:00,,,411,365.53,,-55555,-55555
2018-01-14 9:00:00,,,455,432.29,,-55555,-55555
2018-01-14 8:00:00,,,421,381.1,,-55555,-55555
2018-01-14 7:00:00,,,390,340.41,,-55555,-55555
2018-01-14 6:00:00,,,356,306.19,,-55555,-55555
2018-01-14 5:00:00,,,340,289.75,,-55555,-55555
2018-01-14 4:00:00,,,352,302.13,,-55555,-55555
2018-01-14 3:00:00,,,354,303.65,,-55555,-55555
2018-01-14 2:00:00,,,362,312,,-55555,-55555
2018-01-14 1:00:00,,,372,321.88,,-55555,-55555
2018-01-14 0:00:00,,,370,320.38,,-55555,-55555
2018-01-13 23:00:00,,,335,284.67,,-55555,-55555
2018-01-13 22:00:00,,,311,261.07,,-55555,-55555
2018-01-13 21:00:00,,,235,184.41,,-55555,-55555
2018-01-13 20:00:00,,,191,132.3,,-55555,-55555
2018-01-13 19:00:00,,,183,116.72,,-55555,-55555
2018-01-13 18:00:00,,,174,99.55,,-55555,-55555
2018-01-13 17:00:00,,,180,110.88,,-55555,-55555
2018-01-13 16:00:00,,,189,128.24,,-55555,-55555
2018-01-13 15:00:00,,,184,119.09,,-55555,-55555
2018-01-13 14:00:00,,,206,155.88,,-55555,-55555
2018-01-13 13:00:00,,,188,126.7,,-55555,-55555
2018-01-13 12:00:00,,,284,233.93,,-55555,-55555
2018-01-13 10:00:00,,,461,441.49,,-55555,-55555
2018-01-13 9:00:00,,,455,432.76,,-55555,-55555
2018-01-13 8:00:00,,,454,431.26,,-55555,-55555
2018-01-13 7:00:00,,,459,438.28,,-55555,-55555
2018-01-13 6:00:00,,,454,431.1,,-55555,-55555
2018-01-13 5:00:00,,,445,416.92,,-55555,-55555
2018-01-13 4:00:00,,,430,393.88,,-55555,-55555
2018-01-13 3:00:00,,,410,363.72,,-55555,-55555
2018-01-13 2:00:00,,,404,354.29,,-55555,-55555
2018-01-13 1:00:00,,,383,332.94,,-55555,-55555
2018-01-13 0:00:00,,,364,314.09,,-55555,-55555
2018-01-12 23:00:00,,,336,286.3,,-55555,-55555
2018-01-12 22:00:00,,,283,233.72,,-55555,-55555
2018-01-12 21:00:00,,,224,173.78,,-55555,-55555
2018-01-12 20:00:00,,,191,133.02,,-55555,-55555
2018-01-12 19:00:00,,,180,112.53,,-55555,-55555
2018-01-12 18:00:00,,,178,107.54,,-55555,-55555
2018-01-12 17:00:00,,,173,97.73,,-55555,-55555
2018-01-12 16:00:00,,,199,149.52,,-55555,-55555
2018-01-12 15:00:00,,,198,146.6,,-55555,-55555
2018-01-12 14:00:00,,,268,218.63,,-55555,-55555
2018-01-12 13:00:00,,,313,262.87,,-55555,-55555
2018-01-12 12:00:00,,,338,287.81,,-55555,-55555
2018-01-12 11:00:00,,,393,343.4,,-55555,-55555
2018-01-12 10:00:00,,,378,328.13,,-55555,-55555
2018-01-12 9:00:00,,,385,335.76,,-55555,-55555
2018-01-12 8:00:00,,,363,312.74,,-55555,-55555
2018-01-12 7:00:00,,,378,327.99,,-55555,-55555
2018-01-12 6:00:00,,,361,311.25,,-55555,-55555
2018-01-12 5:00:00,,,364,314.24,,-55555,-55555
2018-01-12 4:00:00,,,337,286.88,,-55555,-55555
2018-01-12 3:00:00,,,339,288.4,,-55555,-55555
2018-01-12 2:00:00,,,339,289.28,,-55555,-55555
2018-01-12 1:00:00,,,330,279.74,,-55555,-55555
2018-01-12 0:00:00,,,325,274.81,,-55555,-55555
2018-01-11 23:00:00,,,292,242.84,,-55555,-55555
2018-01-11 22:00:00,,,246,196.37,,-55555,-55555
2018-01-11 21:00:00,,,224,173.95,,-55555,-55555
2018-01-11 20:00:00,,,189,128.35,,-55555,-55555
2018-01-11 19:00:00,,,185,120.75,,-55555,-55555
2018-01-11 18:00:00,,,177,106.53,,-55555,-55555
2018-01-11 17:00:00,,,183,116.67,,-55555,-55555
2018-01-11 16:00:00,,,183,118.03,,-55555,-55555
2018-01-11 15:00:00,,,188,128.17,,-55555,-55555
2018-01-11 14:00:00,,,185,122.2,,-55555,-55555
2018-01-11 13:00:00,,,191,132.1,,-55555,-55555
