1545648532.0,203,152.7,179.0,20.1,53
1545648542.0,204,153.6,182.0,20.1,53
1545648552.0,203,152.7,183.0,19.8,54
1545648562.0,200,150.0,180.0,19.8,54
1545648572.0,207,156.3,188.0,19.8,54
1545648582.0,208,157.2,189.0,19.6,55
1545648592.0,209,158.1,191.0,19.6,55
1545648602.0,206,155.4,189.0,19.6,55
1545648612.0,203,152.7,184.0,19.3,54
1545648622.0,202,151.8,184.0,19.3,54
1545648632.0,199,148.2,175.0,19.3,54
1545648642.0,199,148.2,176.0,19.1,55
1545648652.0,201,150.9,179.0,19.1,55
1545648662.0,203,152.7,185.0,19.1,55
1545648672.0,199,149.1,181.0,18.9,55
1545648682.0,200,150.0,178.0,18.9,55
1545648692.0,201,150.9,178.0,18.9,55
1545648702.0,202,151.8,181.0,18.7,56
1545648712.0,200,150.0,185.0,18.7,56
1545648722.0,198,146.4,182.0,18.7,56
1545648732.0,199,148.2,185.0,18.6,56
1545648742.0,200,150.0,181.0,18.6,56
1545648752.0,199,148.2,181.0,18.6,56
1545648762.0,198,145.6,176.0,18.4,56
1545648772.0,197,143.8,177.0,18.4,56
1545648782.0,197,143.8,173.0,18.4,56
1545648792.0,195,141.1,172.0,18.3,57
1545648802.0,198,145.6,174.0,18.3,57
1545648812.0,198,145.6,173.0,18.3,57
1545648822.0,199,149.1,173.0,18.1,56
1545648832.0,199,148.2,175.0,18.1,56
1545648842.0,200,150.0,179.0,18.1,56
1545648852.0,199,149.1,179.0,18.0,57
1545648862.0,199,148.2,182.0,18.0,57
1545648872.0,198,147.3,182.0,18.0,57
1545648882.0,198,147.3,183.0,17.9,56
1545648892.0,199,148.2,180.0,17.9,56
1545648902.0,198,145.6,174.0,17.9,56
1545648912.0,198,145.6,175.0,17.8,56
1545648922.0,197,143.8,173.0,17.8,56
1545648932.0,198,147.3,180.0,17.8,56
1545648942.0,198,147.3,179.0,17.8,57
1545648952.0,198,145.6,179.0,17.8,57
1545649409.0,191,133.0,155.0,17.0,57
1545649419.0,191,133.9,158.0,17.0,57
1545649429.0,192,135.7,162.0,17.0,57
1545649439.0,192,134.8,164.0,17.0,57
1545649449.0,191,133.9,163.0,16.9,57
1545649459.0,191,133.9,163.0,16.9,57
1545649469.0,193,136.6,164.0,16.9,57
1545649479.0,193,137.5,164.0,16.9,58
1545649489.0,194,138.4,165.0,16.9,58
1545649499.0,193,137.5,163.0,16.9,58
1545649509.0,194,138.4,166.0,16.9,57
1545649519.0,193,136.6,164.0,16.9,57
1545649529.0,192,135.7,163.0,16.9,57
1545649539.0,193,137.5,163.0,16.9,58
1545649549.0,194,139.3,167.0,16.9,58
1545649559.0,194,138.4,165.0,16.9,58
1545649569.0,194,139.3,164.0,16.9,58
1545649579.0,194,139.3,163.0,16.9,58
1545649589.0,194,138.4,163.0,16.9,58
1545649599.0,193,136.6,161.0,16.8,58
1545649609.0,193,136.6,158.0,16.8,58
1545649619.0,193,137.5,158.0,16.8,58
1545649629.0,194,138.4,159.0,16.8,58
1545649639.0,193,136.6,160.0,16.8,58
1545649649.0,191,133.9,157.0,16.8,58
1545649659.0,190,130.3,154.0,16.8,58
1545649669.0,190,131.2,154.0,16.8,58
1545649679.0,191,133.0,157.0,16.8,58
1545649689.0,191,133.0,158.0,16.8,58
1545649699.0,189,129.4,153.0,16.8,58
1545649709.0,188,126.7,147.0,16.8,58
1545649719.0,187,124.9,145.0,16.8,58
1545649729.0,188,126.7,148.0,16.8,58
1545649739.0,190,130.3,155.0,16.8,58
1545650059.0,182,115.1,133.0,16.6,58
1545650369.0,184,119.6,137.0,16.5,58
1545650679.0,184,119.6,141.0,16.3,58
1545650699.0,185,121.3,140.0,16.3,59
1545650709.0,187,125.8,146.0,16.3,59
1545650719.0,189,128.5,149.0,16.3,59
1545650729.0,190,131.2,151.0,16.3,59
1545650739.0,190,130.3,152.0,16.3,59
1545650749.0,188,127.6,148.0,16.4,62
1545650759.0,188,126.7,150.0,16.4,62
1545650769.0,188,126.7,148.0,16.4,62
1545650779.0,189,128.5,153.0,16.5,61
1545650789.0,189,128.5,154.0,16.5,61
1545650799.0,188,127.6,152.0,16.5,61
1545650809.0,189,128.5,149.0,16.7,60
1545650819.0,189,129.4,149.0,16.7,60
1545650829.0,191,133.0,157.0,16.7,60
1545650839.0,191,133.0,158.0,16.8,59
1545650849.0,191,133.9,156.0,16.8,59
1545650859.0,191,133.9,151.0,16.8,59
1545650869.0,192,135.7,153.0,16.9,59
1545650879.0,192,135.7,157.0,16.9,59
1545650889.0,192,134.8,161.0,16.9,59
1545650899.0,191,132.1,160.0,17.0,58
1545650909.0,189,128.5,155.0,17.0,58
1545650919.0,188,126.7,152.0,17.0,58
1545650929.0,190,130.3,155.0,17.1,59
1545650939.0,191,133.9,157.0,17.1,59
1545650949.0,192,134.8,158.0,17.1,59
1545650959.0,191,132.1,155.0,17.1,59
1545650969.0,188,126.7,152.0,17.1,59
1545650979.0,187,125.8,149.0,17.3,61
1545650989.0,188,126.7,150.0,17.3,61
1545650999.0,189,128.5,147.0,17.3,61
1545651009.0,190,130.3,148.0,17.4,60
1545651019.0,190,130.3,149.0,17.4,60
1545651029.0,190,131.2,154.0,17.4,60
1545651039.0,188,126.7,146.0,17.6,59
1545651049.0,187,125.8,146.0,17.6,59
1545651059.0,187,124.9,144.0,17.6,59
1545651069.0,190,130.3,154.0,17.6,59
1545651079.0,192,134.8,156.0,17.6,59
1545651089.0,192,135.7,162.0,17.8,58
1545651099.0,191,133.9,161.0,17.8,58
1545651109.0,191,133.9,162.0,17.8,58
1545651119.0,192,135.7,160.0,17.9,57
1545651129.0,192,135.7,160.0,17.9,57
1545651139.0,192,135.7,159.0,17.9,57
1545651149.0,191,133.9,160.0,18.0,57
1545651159.0,190,130.3,156.0,18.0,57
1545651169.0,191,133.0,159.0,18.0,57
1545651179.0,192,134.8,158.0,18.1,57
1545651189.0,193,137.5,159.0,18.1,57
1545651199.0,192,134.8,159.0,18.1,57
1545651209.0,191,133.9,159.0,18.2,57
1545651219.0,192,135.7,161.0,18.2,57
1545651229.0,192,134.8,158.0,18.2,57
1545651239.0,191,133.0,157.0,18.3,56
1545651249.0,191,133.0,157.0,18.3,56
1545651259.0,191,133.9,160.0,18.3,56
1545651269.0,192,134.8,161.0,18.3,56
1545651279.0,191,133.0,160.0,18.3,56
1545651289.0,191,132.1,159.0,18.3,56
1545651299.0,191,132.1,156.0,18.4,56
1545651309.0,191,132.1,155.0,18.4,56
1545651319.0,190,131.2,151.0,18.4,56
1545651329.0,189,129.4,152.0,18.4,56
1545651339.0,191,133.9,156.0,18.4,56
1545651349.0,192,134.8,159.0,18.4,56
1545651359.0,192,135.7,158.0,18.4,55
1545651369.0,191,133.0,158.0,18.4,55
1545651379.0,191,133.0,157.0,18.4,55
1545651389.0,192,134.8,159.0,18.4,55
1545651399.0,193,136.6,162.0,18.4,55
1545651409.0,192,135.7,161.0,18.4,55
1545651419.0,192,134.8,158.0,18.4,55
1545651429.0,192,134.8,156.0,18.4,55
1545651439.0,191,133.9,154.0,18.4,55
1545651449.0,192,134.8,157.0,18.4,55
1545651459.0,192,134.8,157.0,18.4,55
1545651469.0,191,133.0,156.0,18.4,55
1545651479.0,191,133.0,160.0,18.4,55
1545651489.0,192,135.7,164.0,18.4,55
1545651499.0,193,136.6,165.0,18.4,55
1545651509.0,193,136.6,164.0,18.4,56
1545651519.0,191,133.9,157.0,18.4,56
1545651529.0,193,137.5,163.0,18.4,56
1545651539.0,194,138.4,162.0,18.4,55
1545651549.0,194,139.3,164.0,18.4,55
1545651559.0,194,138.4,164.0,18.4,55
1545651569.0,194,139.3,163.0,18.5,55
1545651579.0,194,139.3,162.0,18.5,55
1545651589.0,193,137.5,156.0,18.5,55
1545651599.0,193,136.6,159.0,18.5,55
1545651609.0,193,136.6,163.0,18.5,55
1545651619.0,193,137.5,168.0,18.5,55
1545651629.0,193,136.6,167.0,18.5,55
1545651639.0,192,135.7,166.0,18.5,55
1545651649.0,192,134.8,165.0,18.5,55
1545651693.0,193,137.5,168.0,18.5,55
1545651703.0,190,131.2,161.0,18.5,55
1545651713.0,191,132.1,154.0,18.4,55
1545651723.0,189,129.4,150.0,18.4,55
1545651733.0,189,129.4,148.0,18.4,55
1545651743.0,189,129.4,150.0,18.4,55
1545651753.0,190,131.2,153.0,18.4,55
1545651763.0,191,133.9,155.0,18.4,55
1545651773.0,191,133.9,155.0,18.4,56
1545651783.0,191,133.0,155.0,18.4,56
1545651793.0,191,132.1,158.0,18.4,56
1545651803.0,191,132.1,158.0,18.5,56
1545651813.0,191,133.9,162.0,18.5,56
1545651823.0,191,133.0,159.0,18.5,56
1545651833.0,192,134.8,162.0,18.5,56
1545651843.0,191,133.0,161.0,18.5,56
1545651853.0,191,133.9,163.0,18.5,56
1545651863.0,191,132.1,160.0,18.5,56
1545651873.0,191,133.0,159.0,18.5,56
1545651883.0,191,133.0,158.0,18.5,56
1545651893.0,191,133.0,157.0,18.5,56
1545651903.0,191,133.0,155.0,18.5,56
1545651913.0,192,134.8,159.0,18.5,56
1545651923.0,193,136.6,162.0,18.5,56
1545651933.0,193,136.6,162.0,18.5,56
1545651943.0,191,133.9,161.0,18.5,56
1545651953.0,192,135.7,162.0,18.5,56
1545651963.0,194,138.4,169.0,18.5,56
1545651973.0,193,137.5,167.0,18.5,56
1545651983.0,193,136.6,165.0,18.5,56
1545651993.0,192,135.7,158.0,18.5,56
1545652003.0,193,137.5,161.0,18.5,56
1545652013.0,192,134.8,158.0,18.5,56
1545652023.0,191,133.0,158.0,18.5,56
1545652033.0,189,129.4,157.0,18.5,56
1545652043.0,190,131.2,159.0,18.5,56
1545652053.0,191,133.0,160.0,18.5,56
1545652063.0,192,134.8,157.0,18.5,56
1545652073.0,192,134.8,158.0,18.5,55
1545652083.0,192,135.7,157.0,18.5,55
1545652093.0,191,133.9,154.0,18.5,55
1545652103.0,193,137.5,160.0,18.5,55
1545652113.0,193,136.6,160.0,18.5,55
1545652123.0,194,138.4,165.0,18.5,55
1545652133.0,194,138.4,168.0,18.5,55
1545652143.0,193,136.6,169.0,18.5,55
1545652153.0,193,137.5,167.0,18.5,55
1545652163.0,193,137.5,163.0,18.5,56
1545652173.0,195,140.2,164.0,18.5,56
1545652183.0,194,139.3,164.0,18.5,56
1545652193.0,193,137.5,160.0,18.5,56
1545652203.0,193,136.6,157.0,18.5,56
1545652213.0,192,134.8,152.0,18.5,56
1545652223.0,193,137.5,156.0,18.5,56
1545652233.0,193,137.5,160.0,18.5,56
1545652243.0,194,138.4,164.0,18.5,56
1545652253.0,192,135.7,159.0,18.5,56
1545652263.0,193,136.6,160.0,18.5,56
1545652273.0,193,137.5,161.0,18.5,56
1545652283.0,195,140.2,168.0,18.4,56
1545652293.0,196,142.0,169.0,18.4,56
1545652303.0,196,142.0,172.0,18.4,56
1545652313.0,196,142.0,169.0,18.4,55
1545652323.0,195,141.1,167.0,18.4,55
1545652333.0,194,139.3,164.0,18.4,55
1545652343.0,192,135.7,165.0,18.4,55
1545652353.0,191,133.9,161.0,18.4,55
1545652363.0,191,133.0,158.0,18.4,55
1545652373.0,193,136.6,160.0,18.4,55
1545652383.0,196,142.0,168.0,18.4,55
1545652393.0,197,143.8,170.0,18.4,55
1545652403.0,197,144.7,172.0,18.4,56
1545652413.0,195,141.1,166.0,18.4,56
1545652423.0,195,140.2,169.0,18.4,56
1545652433.0,193,137.5,164.0,18.4,56
1545652443.0,193,137.5,164.0,18.4,56
1545652453.0,195,141.1,167.0,18.4,56
1545652463.0,195,140.2,168.0,18.3,56
1545652473.0,197,143.8,173.0,18.3,56
1545652483.0,196,142.0,170.0,18.3,56
1545652493.0,196,142.0,170.0,18.3,56
1545652503.0,194,138.4,164.0,18.3,56
1545652513.0,193,136.6,162.0,18.3,56
1545652523.0,193,136.6,162.0,18.3,56
1545652533.0,194,139.3,165.0,18.3,56
1545652543.0,196,142.0,170.0,18.3,56
1545652553.0,196,142.0,170.0,18.3,56
1545652563.0,198,145.6,179.0,18.3,56
1545652573.0,198,147.3,182.0,18.3,56
1545652583.0,198,147.3,180.0,18.3,56
1545652593.0,197,143.8,176.0,18.3,56
1545652603.0,196,142.9,173.0,18.3,56
1545652613.0,195,141.1,170.0,18.3,56
1545652623.0,197,144.7,173.0,18.3,56
1545652633.0,198,145.6,174.0,18.3,56
1545652643.0,198,146.4,173.0,18.3,56
1545652653.0,198,147.3,176.0,18.3,56
1545652663.0,197,143.8,170.0,18.3,56
1545652673.0,196,142.0,168.0,18.3,56
1545652683.0,195,141.1,168.0,18.3,56
1545652693.0,197,143.8,172.0,18.3,56
1545652703.0,198,145.6,172.0,18.3,57
1545652713.0,199,148.2,175.0,18.3,57
1545652723.0,199,148.2,175.0,18.3,57
1545652733.0,198,146.4,176.0,18.3,57
1545652743.0,197,144.7,173.0,18.3,57
1545652753.0,197,144.7,170.0,18.3,58
1545652763.0,198,145.6,169.0,18.3,58
1545652773.0,197,144.7,168.0,18.3,58
1545652783.0,197,144.7,170.0,18.2,58
1545652793.0,197,143.8,170.0,18.2,58
1545652803.0,198,145.6,171.0,18.2,58
1545652813.0,198,145.6,173.0,18.3,59
1545652823.0,196,142.9,169.0,18.3,59
1545652833.0,195,140.2,168.0,18.3,59
1545652843.0,196,142.0,170.0,18.3,59
1545652853.0,196,142.0,174.0,18.3,59
1545652863.0,197,143.8,172.0,18.3,59
1545652873.0,196,142.0,171.0,18.2,58
1545652883.0,196,142.9,173.0,18.2,58
1545652893.0,196,142.0,175.0,18.2,58
1545652903.0,195,140.2,169.0,18.2,58
1545652913.0,196,142.0,165.0,18.2,58
1545652923.0,195,141.1,166.0,18.2,58
1545652933.0,196,142.9,169.0,18.2,57
1545652943.0,195,141.1,171.0,18.2,57
1545652953.0,197,143.8,173.0,18.2,57
1545652963.0,198,145.6,174.0,18.3,57
1545652973.0,198,147.3,175.0,18.3,57
1545652983.0,200,150.0,177.0,18.3,57
1545652993.0,202,151.8,180.0,18.3,57
1545653003.0,201,150.9,182.0,18.3,57
1545653013.0,201,150.9,180.0,18.3,57
1545653023.0,199,148.2,178.0,18.4,57
1545653033.0,199,148.2,174.0,18.4,57
1545653043.0,199,148.2,174.0,18.4,57
1545653053.0,198,147.3,178.0,18.4,57
1545653063.0,199,148.2,179.0,18.4,57
1545653073.0,198,146.4,174.0,18.4,57
1545653083.0,198,147.3,176.0,18.4,57
1545653093.0,199,149.1,177.0,18.4,57
1545653103.0,200,150.0,182.0,18.4,57
1545653113.0,200,150.0,181.0,18.4,57
1545653123.0,200,150.0,178.0,18.4,57
1545653133.0,204,153.6,182.0,18.4,57
1545653143.0,203,152.7,179.0,18.4,57
1545653153.0,204,153.6,183.0,18.4,57
1545653163.0,203,152.7,182.0,18.4,57
1545653173.0,206,155.4,185.0,18.3,57
1545653183.0,205,154.5,190.0,18.3,57
1545653193.0,206,155.4,188.0,18.3,57
1545653203.0,202,151.8,186.0,18.3,57
1545653213.0,204,153.6,181.0,18.3,57
1545653223.0,205,154.5,185.0,18.3,57
1545653233.0,209,158.1,188.0,18.3,57
1545653243.0,209,159.0,187.0,18.3,57
1545653253.0,207,156.3,182.0,18.3,57
1545653263.0,204,153.6,182.0,18.3,57
1545653273.0,203,152.7,184.0,18.3,57
1545653283.0,204,153.6,181.0,18.3,57
1545653293.0,203,152.7,179.0,18.2,57
1545653303.0,203,152.7,182.0,18.2,57
1545653313.0,205,154.5,187.0,18.2,57
1545653323.0,205,154.5,190.0,18.2,58
1545653333.0,204,153.6,188.0,18.2,58
1545653343.0,203,152.7,189.0,18.2,58
1545653353.0,205,154.5,188.0,18.2,57
1545653363.0,207,156.3,189.0,18.2,57
1545653373.0,210,159.9,191.0,18.2,57
1545653383.0,208,157.2,191.0,18.2,58
1545653393.0,205,154.5,189.0,18.2,58
1545653403.0,198,147.3,179.0,18.2,58
1545653413.0,200,150.0,179.0,18.1,58
1545653423.0,205,154.5,183.0,18.1,58
1545653433.0,210,159.9,190.0,18.1,58
1545653750.0,209,158.1,189.0,18.1,58
1545654060.0,214,163.5,193.0,17.7,58
1545654370.0,222,171.6,203.0,17.5,59
1545654680.0,224,173.3,203.0,17.5,60
1545654732.0,218,168.0,194.0,17.4,60
1545654742.0,224,173.3,210.0,17.4,60
1545654752.0,223,172.4,205.0,17.4,60
1545654762.0,226,176.0,210.0,17.4,60
1545654772.0,233,182.3,216.0,17.4,60
1545654782.0,234,184.1,220.0,17.4,60
1545654792.0,234,184.1,220.0,17.4,60
1545654802.0,230,179.6,215.0,17.4,60
1545654812.0,233,183.2,220.0,17.4,60
1545655132.0,236,185.9,222.0,16.8,62
1545655442.0,241,191.3,230.0,16.6,62
1545655752.0,244,194.0,227.0,16.4,63
1545656062.0,252,202.0,237.0,16.3,64
1545656372.0,257,207.4,244.0,16.2,65
1545656682.0,255,204.7,240.0,16.0,65
1545656992.0,266,216.4,259.0,15.9,66
1545657302.0,264,213.7,258.0,15.9,66
1545657612.0,265,214.6,254.0,15.8,67
1545657922.0,268,218.2,265.0,15.8,66
1545658232.0,276,226.2,263.0,15.6,68
1545658542.0,271,220.9,265.0,15.6,68
1545658852.0,269,219.1,253.0,15.6,68
1545659162.0,276,226.2,264.0,15.6,69
1545659472.0,273,223.6,259.0,15.6,69
1545659782.0,282,232.5,277.0,15.6,69
1545660092.0,295,245.1,289.0,15.6,70
1545660402.0,289,238.8,280.0,15.5,71
1545660712.0,285,235.2,276.0,15.5,70
1545661022.0,284,234.3,275.0,15.5,71
1545661332.0,289,238.8,282.0,15.4,72
1545661642.0,294,244.2,286.0,15.4,71
1545661952.0,291,241.5,285.0,15.2,72
1545662262.0,303,252.2,296.0,15.3,72
1545662572.0,305,254.9,299.0,15.2,72
1545662882.0,295,245.1,271.0,15.3,72
1545663192.0,299,249.6,289.0,15.1,73
1545663502.0,290,240.6,279.0,15.3,72
1545663812.0,288,237.9,284.0,15.4,72
1545664122.0,291,241.5,276.0,15.4,72
1545664432.0,295,245.1,293.0,15.1,72
1545664742.0,290,240.6,283.0,15.2,73
1545665052.0,304,254.0,297.0,15.1,73
1545665362.0,304,253.1,297.0,15.2,73
1545665672.0,294,244.2,288.0,14.8,74
1545665982.0,300,250.4,293.0,14.8,74
1545666292.0,295,245.1,284.0,14.9,74
1545666602.0,298,248.7,290.0,15.0,74
1545666912.0,299,249.6,286.0,15.0,74
1545667222.0,293,243.3,286.0,15.0,74
1545668140.0,307,256.7,295.0,15.2,73
1545669050.0,297,247.8,288.0,15.3,73
1545669960.0,334,283.6,335.0,15.1,74
1545670870.0,347,297.1,341.0,15.3,73
1545671780.0,355,305.1,365.0,15.4,72
1545672690.0,349,298.9,349.0,14.9,74
1545673600.0,355,305.1,356.0,14.8,74
1545674510.0,360,309.6,354.0,14.5,74
1545675420.0,362,312.3,374.0,14.5,74
1545676330.0,356,306.0,354.0,14.4,75
1545677240.0,366,315.9,372.0,14.2,75
1545678150.0,368,317.7,367.0,14.3,74
1545679060.0,374,324.0,368.0,14.3,73
1545679970.0,367,316.8,371.0,14.1,74
1545680880.0,377,327.6,374.0,13.7,74
1545681790.0,375,324.9,381.0,13.5,74
1545682700.0,378,328.4,388.0,13.2,75
1545683610.0,390,340.1,395.0,13.3,74
1545684520.0,399,349.1,394.0,13.2,75
1545685430.0,387,337.4,379.0,13.2,74
1545686340.0,400,350.0,404.0,12.8,75
1545687250.0,401,350.9,397.0,12.8,74
1545688160.0,399,349.1,400.0,12.6,75
1545689070.0,399,349.1,407.0,12.8,74
1545689980.0,398,348.2,408.0,12.5,75
1545690890.0,395,345.5,400.0,12.7,74
1545691800.0,391,341.0,390.0,12.5,75
1545692710.0,392,341.9,388.0,12.7,73
1545693611.0,390,340.1,390.0,12.4,74
1545694521.0,389,339.2,379.0,12.6,74
1545695431.0,384,333.8,378.0,12.2,74
1545696341.0,379,329.3,369.0,12.1,74
1545697251.0,377,327.6,381.0,12.3,74
1545698161.0,399,349.1,396.0,11.8,74
1545699071.0,394,344.6,390.0,11.7,74
1545699981.0,378,328.4,380.0,11.9,74
1545700891.0,390,340.1,391.0,11.9,73
1545701801.0,405,356.2,410.0,12.0,73
1545702711.0,401,350.9,395.0,11.8,73
1545703621.0,415,371.5,423.0,11.4,75
1545704531.0,417,374.2,427.0,11.4,74
1545705441.0,421,381.3,432.0,11.6,74
1545706351.0,420,379.6,442.0,11.9,74
1545706810.0,410,364.3,402.0,11.8,75
1545706820.0,418,376.9,432.0,11.8,75
1545706830.0,415,371.5,436.0,11.8,75
1545706840.0,415,371.5,432.0,11.8,75
1545706850.0,413,368.8,429.0,11.8,75
1545706860.0,417,374.2,431.0,11.8,75
1545706870.0,413,368.8,428.0,11.8,75
1545706880.0,418,376.0,442.0,11.8,75
1545706890.0,416,373.3,432.0,11.8,76
1545706900.0,417,374.2,434.0,11.8,76
1545706910.0,415,371.5,421.0,11.8,76
1545706920.0,415,372.4,424.0,11.8,76
1545706930.0,419,377.8,425.0,11.8,76
1545706940.0,417,374.2,420.0,11.8,76
1545706950.0,420,379.6,431.0,11.8,76
1545706960.0,418,376.0,434.0,11.8,76
1545706970.0,421,381.3,442.0,11.8,76
1545706980.0,418,376.0,436.0,11.9,76
1545706990.0,420,378.7,434.0,11.9,76
1545707000.0,419,377.8,436.0,11.9,76
1545707010.0,420,378.7,431.0,11.9,76
1545707020.0,418,376.0,430.0,11.9,76
1545707030.0,419,377.8,427.0,11.9,76
1545707040.0,420,379.6,432.0,11.9,76
1545707050.0,421,380.4,434.0,11.9,76
1545707060.0,420,379.6,437.0,11.9,76
1545707070.0,423,383.1,437.0,11.9,76
1545707080.0,424,384.9,434.0,11.9,76
1545707090.0,424,384.9,433.0,11.9,76
1545707100.0,421,380.4,428.0,11.9,76
1545707110.0,421,380.4,432.0,11.9,76
1545707120.0,421,380.4,433.0,11.9,76
1545707130.0,424,384.9,439.0,11.9,76
1545707140.0,420,378.7,435.0,11.9,76
1545707150.0,418,376.9,435.0,11.9,76
1545707160.0,420,378.7,443.0,11.9,76
1545707170.0,423,383.1,450.0,11.9,76
1545707180.0,423,384.0,450.0,11.9,76
1545707190.0,423,383.1,447.0,11.9,76
1545707200.0,424,385.8,443.0,11.9,76
1545707210.0,423,383.1,442.0,11.9,76
1545707220.0,424,384.9,445.0,11.9,76
1545707230.0,422,382.2,442.0,11.9,76
1545707240.0,424,384.9,445.0,11.9,76
1545707250.0,422,382.2,438.0,12.0,76
1545707260.0,419,377.8,429.0,12.0,76
1545707270.0,419,377.8,425.0,12.0,76
1545707280.0,416,373.3,424.0,12.1,76
1545707290.0,416,373.3,434.0,12.1,76
1545707300.0,417,375.1,434.0,12.1,76
1545707310.0,419,377.8,439.0,12.1,76
1545707320.0,419,377.8,428.0,12.1,76
1545707330.0,417,375.1,432.0,12.1,76
1545707340.0,417,374.2,428.0,12.1,76
1545707350.0,418,376.9,434.0,12.1,76
1545707360.0,423,383.1,435.0,12.1,76
1545707370.0,420,379.6,429.0,12.2,76
1545707380.0,419,377.8,429.0,12.2,76
1545707390.0,414,370.6,424.0,12.2,76
1545707710.0,411,366.1,424.0,12.3,75
1545708020.0,411,365.2,429.0,12.5,75
1545708330.0,417,375.1,432.0,12.6,75
1545708640.0,420,378.7,459.0,12.8,75
1545708950.0,423,383.1,446.0,13.1,74
1545709260.0,434,400.2,464.0,13.1,75
1545709570.0,430,393.9,469.0,13.2,75
1545709880.0,428,392.1,460.0,13.5,74
1545710190.0,425,386.7,461.0,13.8,73
1545710500.0,417,374.2,444.0,14.1,73
1545710810.0,402,351.8,413.0,14.1,73
1545711120.0,399,349.1,425.0,14.4,73
1545711430.0,399,349.1,409.0,14.5,72
1545711740.0,400,350.0,418.0,14.6,70
1545712050.0,408,360.7,429.0,14.9,68
1545712360.0,409,362.5,430.0,15.1,67
1545712670.0,404,354.4,424.0,15.2,67
1545712980.0,405,356.2,425.0,15.3,67
1545713290.0,404,355.3,426.0,15.3,66
1545713600.0,359,308.7,373.0,15.5,65
1545713910.0,294,244.2,294.0,15.6,63
1545714220.0,257,207.4,243.0,15.7,62
1545714530.0,250,200.2,235.0,15.8,61
1545714840.0,242,192.2,228.0,15.8,60
1545715150.0,232,181.4,210.0,16.0,59
1545715460.0,242,192.2,229.0,16.2,59
1545715770.0,236,185.9,219.0,16.3,59
1545716080.0,222,171.6,205.0,16.3,58
1545716390.0,225,175.1,208.0,16.5,56
1545716700.0,229,178.7,215.0,16.5,56
1545717010.0,233,182.3,221.0,16.6,55
1545717320.0,246,195.8,234.0,16.5,55
1545717630.0,241,190.4,234.0,16.6,54
1545717940.0,206,155.4,176.0,16.7,53
1545718250.0,193,136.6,162.0,16.7,53
1545718560.0,194,138.4,164.0,16.9,52
1545718870.0,195,141.1,165.0,16.9,51
1545719180.0,194,138.4,169.0,17.1,51
1545719490.0,196,142.0,173.0,17.0,52
1545719800.0,196,142.9,174.0,16.9,52
1545720110.0,192,135.7,161.0,17.0,52
1545720420.0,194,138.4,167.0,17.1,51
1545720730.0,191,132.1,155.0,17.1,50
1545721040.0,189,129.4,157.0,17.0,51
1545721215.0,183,117.8,165.0,17.1,51
1545721225.0,183,117.8,150.0,17.1,51
1545721235.0,185,122.2,149.0,17.1,50
1545721245.0,186,124.0,149.0,17.1,50
1545721255.0,189,128.5,151.0,17.1,50
1545721265.0,188,127.6,155.0,17.1,49
1545721275.0,188,126.7,155.0,17.1,49
1545721285.0,187,124.9,156.0,17.1,49
1545721295.0,188,126.7,153.0,17.1,49
1545721305.0,187,124.9,153.0,17.1,49
1545721315.0,187,125.8,152.0,17.1,49
1545721325.0,188,127.6,156.0,17.2,49
1545721335.0,189,129.4,157.0,17.2,49
1545721345.0,189,129.4,153.0,17.2,49
1545721355.0,190,131.2,156.0,17.2,49
1545721365.0,189,128.5,149.0,17.2,49
1545721375.0,189,128.5,150.0,17.2,49
1545721385.0,188,126.7,144.0,17.2,49
1545721395.0,189,128.5,152.0,17.2,48
1545721405.0,189,129.4,156.0,17.2,48
1545721415.0,188,127.6,153.0,17.2,48
1545721425.0,191,133.0,157.0,17.2,49
1545721435.0,192,135.7,156.0,17.2,49
1545721445.0,194,139.3,159.0,17.2,49
1545721455.0,192,134.8,153.0,17.2,49
1545721465.0,192,134.8,153.0,17.2,49
1545721475.0,191,133.0,153.0,17.2,49
1545721485.0,191,132.1,154.0,17.2,49
1545721495.0,190,130.3,156.0,17.2,49
1545721505.0,189,129.4,155.0,17.2,49
1545721515.0,190,131.2,157.0,17.2,49
1545721525.0,191,133.9,157.0,17.2,49
1545721535.0,191,133.0,157.0,17.2,49
1545721545.0,192,135.7,161.0,17.1,49
1545721555.0,191,133.0,161.0,17.1,49
1545721565.0,193,136.6,164.0,17.1,49
1545721575.0,191,133.9,161.0,17.1,49
1545721585.0,192,135.7,163.0,17.1,49
1545721595.0,192,134.8,165.0,17.1,49
1545721605.0,191,133.0,162.0,17.1,49
1545721615.0,190,131.2,157.0,17.1,49
1545721625.0,189,129.4,152.0,17.1,49
1545721635.0,191,133.0,154.0,17.1,50
1545721645.0,193,137.5,158.0,17.1,50
1545721655.0,194,138.4,160.0,17.1,50
1545721665.0,193,137.5,162.0,17.1,50
1545721675.0,192,135.7,165.0,17.1,50
1545721685.0,192,134.8,164.0,17.1,50
1545721695.0,192,135.7,163.0,17.1,50
1545721705.0,193,136.6,162.0,17.1,50
1545721715.0,195,140.2,166.0,17.1,50
1545721725.0,194,139.3,167.0,17.1,50
1545721735.0,193,137.5,165.0,17.1,50
1545721745.0,192,134.8,163.0,17.1,50
1545721755.0,192,134.8,162.0,17.1,50
1545721765.0,192,134.8,160.0,17.1,50
1545721775.0,192,135.7,157.0,17.1,50
1545721785.0,192,134.8,158.0,17.1,50
1545721795.0,194,138.4,164.0,17.1,50
1545721805.0,193,136.6,164.0,17.1,50
1545721815.0,194,138.4,163.0,17.1,50
1545721825.0,193,136.6,162.0,17.1,50
1545721835.0,194,139.3,163.0,17.1,50
1545721845.0,194,139.3,165.0,17.1,49
1545721855.0,194,138.4,163.0,17.1,49
1545721865.0,192,135.7,162.0,17.1,49
1545721875.0,192,134.8,160.0,17.2,49
1545721885.0,194,139.3,165.0,17.2,49
1545721895.0,192,135.7,159.0,17.2,49
1545721905.0,192,135.7,159.0,17.2,49
1545721915.0,192,134.8,157.0,17.2,49
1545721925.0,193,136.6,159.0,17.2,49
1545721935.0,194,138.4,161.0,17.2,50
1545721945.0,192,134.8,156.0,17.2,50
1545721955.0,193,137.5,159.0,17.2,50
1545722272.0,195,141.1,171.0,17.3,50
1545722582.0,189,128.5,157.0,17.6,49
1545722892.0,189,128.5,153.0,17.5,49
1545723202.0,188,126.7,151.0,17.6,48
1545723512.0,193,136.6,157.0,17.6,49
1545723822.0,197,143.8,175.0,17.7,48
1545724132.0,202,151.8,182.0,18.0,47
1545724442.0,195,140.2,169.0,18.3,48
1545724752.0,193,136.6,164.0,18.6,47
1545725062.0,182,115.1,140.0,18.7,46
1545725372.0,179,108.8,131.0,18.6,46
1545725682.0,182,116.0,138.0,18.5,47
1545725992.0,185,121.3,146.0,18.9,46
1545726302.0,187,125.8,152.0,19.0,47
1545726612.0,182,116.0,142.0,18.9,49
1545726922.0,185,121.3,146.0,18.6,49
1545727232.0,186,123.1,146.0,18.5,48
1545727542.0,190,130.3,154.0,18.4,48
1545727852.0,187,125.8,150.0,18.5,49
1545728162.0,189,128.5,150.0,18.6,48
1545728472.0,193,137.5,163.0,18.5,49
1545728782.0,191,133.9,165.0,18.4,49
1545729092.0,192,134.8,158.0,18.5,50
1545729402.0,194,139.3,168.0,18.5,49
1545729712.0,198,145.6,176.0,18.5,49
1545730022.0,202,151.8,181.0,18.4,51
1545730332.0,214,163.5,198.0,18.4,52
1545730642.0,220,169.8,202.0,18.3,52
1545730952.0,221,170.7,207.0,18.6,51
1545731262.0,223,172.4,207.0,18.5,51
1545731572.0,224,174.2,206.0,18.6,51
1545731882.0,223,172.4,207.0,18.5,52
1545732192.0,232,181.4,218.0,18.5,52
1545732502.0,225,175.1,208.0,18.3,53
1545732812.0,231,180.5,217.0,18.3,53
1545733122.0,233,182.3,219.0,18.3,54
1545733432.0,222,171.6,199.0,18.2,54
1545733742.0,205,154.5,184.0,18.3,54
1545734052.0,193,136.6,156.0,18.3,54
1545734362.0,189,128.5,151.0,18.2,53
1545734672.0,188,127.6,149.0,18.1,54
1545734982.0,186,124.0,144.0,18.1,54
1545735292.0,187,125.8,147.0,18.4,54
1545735602.0,186,124.0,146.0,18.4,54
1545735912.0,187,124.9,143.0,18.4,54
1545736222.0,186,124.0,143.0,18.3,54
1545736532.0,185,120.4,138.0,18.3,55
1545736842.0,184,119.6,138.0,18.2,55
1545737152.0,180,111.5,131.0,18.1,55
1545737462.0,179,108.8,130.0,18.2,55
1545737772.0,177,106.1,127.0,18.2,54
1545738082.0,174,100.7,120.0,18.1,54
1545738392.0,177,105.2,122.0,18.1,54
1545738702.0,175,102.5,124.0,17.9,55
1545739012.0,177,106.1,125.0,17.8,56
1545739322.0,178,107.0,127.0,17.6,56
1545739632.0,176,104.3,122.0,17.6,56
1545739942.0,179,108.8,123.0,17.5,57
1545740252.0,179,109.7,129.0,17.3,57
1545740562.0,181,114.2,136.0,17.0,57
1545740872.0,182,116.0,136.0,16.9,58
1545741182.0,183,116.9,140.0,17.0,58
1545741492.0,183,117.8,136.0,16.7,58
1545741802.0,186,124.0,144.0,16.4,59
1545742112.0,184,119.6,141.0,16.4,59
1545742422.0,189,128.5,151.0,16.2,60
1545742732.0,190,131.2,151.0,16.1,60
1545743042.0,192,134.8,157.0,16.1,60
1545743352.0,190,130.3,149.0,16.0,61
1545743662.0,192,135.7,158.0,15.9,61
1545743972.0,196,142.0,167.0,15.7,62
1545744282.0,197,143.8,167.0,15.7,62
1545744592.0,200,150.0,173.0,15.6,62
1545744902.0,202,151.8,177.0,15.7,62
1545745212.0,215,164.4,192.0,15.6,63
1545745522.0,221,170.7,201.0,15.5,64
1545745832.0,223,172.4,198.0,15.4,64
1545746142.0,234,184.1,212.0,15.4,63
1545746452.0,236,185.9,218.0,15.4,64
1545746762.0,241,191.3,224.0,15.3,64
1545747072.0,244,194.0,224.0,15.1,65
1545747382.0,250,200.2,229.0,15.0,66
1545747692.0,258,208.3,244.0,14.9,66
1545748002.0,265,214.6,248.0,14.8,66
1545748312.0,274,224.4,255.0,14.9,66
1545748622.0,283,233.4,274.0,14.8,66
1545748932.0,285,235.2,279.0,14.7,67
1545749242.0,289,238.8,277.0,14.7,67
1545749552.0,293,243.3,280.0,14.8,67
1545749862.0,291,241.5,280.0,14.7,68
1545750172.0,297,247.8,293.0,14.6,68
1545750482.0,303,252.2,290.0,14.6,68
1545750792.0,317,266.6,312.0,14.6,68
1545751102.0,309,258.5,304.0,14.6,69
1545751412.0,319,268.4,313.0,14.6,68
1545751722.0,324,273.8,318.0,14.4,69
1545752032.0,326,275.6,318.0,14.4,69
1545752342.0,331,280.9,326.0,14.4,69
1545752652.0,326,275.6,319.0,14.5,69
1545752962.0,338,288.1,336.0,14.4,69
1545753272.0,328,278.2,319.0,14.4,69
1545753582.0,332,281.8,320.0,14.2,70
1545754540.0,341,290.8,334.0,14.0,70
1545755450.0,378,328.4,378.0,14.0,70
1545756360.0,368,318.6,368.0,14.0,70
1545757270.0,360,309.6,353.0,13.9,70
1545758180.0,394,344.6,391.0,13.8,70
1545759090.0,393,343.7,392.0,13.6,71
1545760000.0,383,332.9,377.0,13.6,71
1545760910.0,371,321.3,368.0,13.4,71
1545761820.0,358,307.8,341.0,13.5,71
1545762730.0,340,289.9,324.0,13.4,71
1545763640.0,340,289.9,336.0,13.4,70
1545764550.0,336,286.3,327.0,13.2,71
1545765460.0,334,283.6,323.0,13.1,71
1545766370.0,338,288.1,324.0,12.8,71
1545767280.0,325,274.7,305.0,12.7,71
1545768190.0,321,271.1,305.0,12.5,71
1545769100.0,318,267.5,295.0,12.5,71
1545770010.0,309,258.5,291.0,12.6,71
1545770920.0,316,265.7,304.0,12.4,71
1545771830.0,311,260.3,289.0,12.7,71
1545772740.0,306,255.8,289.0,12.4,72
1545773650.0,306,255.8,290.0,12.1,73
1545774560.0,292,242.4,271.0,12.0,72
1545775470.0,303,252.2,283.0,12.0,72
1545776380.0,300,250.4,286.0,11.9,72
1545777290.0,297,246.9,277.0,11.7,72
1545778200.0,287,237.0,264.0,11.8,72
1545779110.0,285,235.2,258.0,11.7,72
1545780020.0,303,252.2,281.0,11.7,72
1545780930.0,300,250.4,278.0,11.4,72
1545781840.0,317,266.6,297.0,11.4,73
1545782750.0,309,258.5,288.0,11.3,74
1545783660.0,293,243.3,274.0,11.4,74
1545784572.0,304,254.0,287.0,11.4,74
1545785482.0,316,265.7,301.0,11.4,73
1545786392.0,309,258.5,287.0,11.1,73
1545787302.0,309,258.5,290.0,11.4,73
1545788212.0,307,256.7,288.0,11.1,73
1545789122.0,299,249.6,279.0,11.2,74
1545790032.0,307,256.7,288.0,11.1,74
1545790942.0,312,262.1,300.0,11.0,75
1545791852.0,336,285.4,313.0,11.1,74
1545792762.0,342,291.7,331.0,11.0,76
1545793210.0,312,262.1,299.0,11.7,74
1545793220.0,323,272.9,308.0,11.7,74
1545793230.0,325,274.7,311.0,11.7,74
1545793240.0,326,275.6,308.0,11.7,74
1545793250.0,334,283.6,315.0,11.7,74
1545793260.0,336,285.4,319.0,11.7,74
1545793270.0,340,289.9,328.0,11.7,74
1545793280.0,338,288.1,325.0,11.7,74
1545793290.0,339,289.0,324.0,11.7,74
1545793300.0,337,287.2,324.0,11.7,74
1545793310.0,340,289.9,329.0,11.7,74
1545793320.0,341,290.8,333.0,11.6,75
1545793330.0,341,290.8,336.0,11.6,75
1545793340.0,341,290.8,330.0,11.6,75
1545793350.0,344,293.5,331.0,11.7,75
1545793360.0,344,293.5,327.0,11.7,75
1545793370.0,344,293.5,333.0,11.7,75
1545793380.0,342,291.7,332.0,11.7,75
1545793390.0,345,294.4,328.0,11.7,75
1545793400.0,344,293.5,331.0,11.7,75
1545793410.0,345,294.4,332.0,11.6,75
1545793420.0,342,291.7,332.0,11.6,75
1545793430.0,340,289.9,327.0,11.6,75
1545793440.0,336,285.4,320.0,11.6,75
1545793450.0,334,283.6,320.0,11.6,75
1545793460.0,343,292.6,331.0,11.6,75
1545793470.0,345,294.4,334.0,11.6,75
1545793480.0,341,290.8,330.0,11.6,75
1545793490.0,339,289.0,326.0,11.6,75
1545793500.0,344,293.5,328.0,11.6,76
1545793510.0,346,296.2,331.0,11.6,76
1545793520.0,346,296.2,333.0,11.6,76
1545793530.0,345,294.4,329.0,11.6,76
1545793540.0,344,293.5,333.0,11.6,76
1545793550.0,338,288.1,330.0,11.6,76
1545793560.0,341,290.8,337.0,11.5,76
1545793570.0,337,287.2,328.0,11.5,76
1545793580.0,342,291.7,330.0,11.5,76
1545793590.0,340,289.9,331.0,11.5,76
1545793600.0,346,296.2,345.0,11.5,76
1545793610.0,346,296.2,344.0,11.5,76
1545793620.0,342,291.7,335.0,11.5,76
1545793630.0,345,294.4,336.0,11.5,76
1545793640.0,344,293.5,334.0,11.5,76
1545793650.0,347,297.1,336.0,11.5,76
1545793660.0,344,293.5,330.0,11.5,76
1545793670.0,345,294.4,337.0,11.5,76
1545793680.0,341,290.8,335.0,11.5,76
1545793690.0,340,289.9,331.0,11.5,76
1545793700.0,336,286.3,322.0,11.5,76
1545793710.0,339,289.0,328.0,11.5,76
1545793720.0,340,289.9,331.0,11.5,76
1545793730.0,344,293.5,336.0,11.5,76
1545793740.0,345,294.4,336.0,11.5,76
1545793750.0,347,297.1,336.0,11.5,76
1545793760.0,343,292.6,334.0,11.5,76
1545793770.0,336,286.3,324.0,11.5,76
1545793780.0,339,289.0,332.0,11.5,76
1545793790.0,345,294.4,334.0,11.5,76
1545794110.0,334,283.6,333.0,11.7,76
1545794420.0,342,291.7,341.0,11.9,76
1545794730.0,344,293.5,340.0,12.1,76
1545795040.0,343,292.6,342.0,12.4,75
1545795350.0,352,301.6,344.0,12.5,76
1545795660.0,357,306.9,347.0,12.7,76
1545795970.0,364,314.1,370.0,13.1,75
1545796280.0,360,309.6,351.0,13.2,75
1545796590.0,367,316.8,374.0,13.2,75
1545796900.0,382,332.0,387.0,13.5,75
1545797210.0,391,341.0,395.0,13.7,74
1545797520.0,402,351.8,418.0,13.9,75
1545797830.0,396,346.4,404.0,14.2,75
1545798140.0,401,350.9,417.0,14.4,74
1545798450.0,405,356.2,421.0,14.6,73
1545798760.0,412,367.9,436.0,14.6,73
1545799070.0,406,358.0,430.0,14.7,73
1545799380.0,405,357.1,421.0,14.9,73
1545799690.0,405,356.2,423.0,14.9,73
1545800000.0,391,341.0,407.0,14.9,73
1545800310.0,377,326.7,382.0,15.1,73
1545800620.0,383,332.9,416.0,15.2,72
1545800930.0,377,327.6,399.0,15.3,72
1545801240.0,384,333.8,399.0,15.3,72
1545801550.0,377,326.7,397.0,15.5,71
1545801860.0,389,339.2,405.0,15.5,71
1545802170.0,396,346.4,423.0,15.5,71
1545802480.0,384,334.7,404.0,15.7,70
1545802790.0,363,313.2,383.0,15.8,70
1545803100.0,346,296.2,353.0,15.9,69
1545803410.0,343,292.6,347.0,16.0,68
1545803720.0,319,268.4,320.0,15.9,67
1545804030.0,307,256.7,313.0,16.2,66
1545804340.0,266,216.4,264.0,16.3,65
1545804650.0,261,211.0,258.0,16.3,64
1545804960.0,257,207.4,255.0,16.5,63
1545805270.0,261,211.0,256.0,16.5,62
1545805580.0,260,210.1,253.0,16.6,62
1545805890.0,256,205.6,245.0,16.6,62
1545806200.0,259,209.2,252.0,16.4,62
1545806510.0,256,205.6,247.0,16.7,60
1545806820.0,258,208.3,252.0,16.8,60
1545807130.0,253,202.9,238.0,16.9,61
1545807440.0,235,185.0,219.0,16.9,60
1545807750.0,231,180.5,219.0,16.9,58
1545808060.0,233,182.3,217.0,16.9,58
1545808370.0,232,181.4,217.0,17.0,57
1545808680.0,225,175.1,210.0,17.0,57
1545808990.0,217,167.1,196.0,17.1,57
1545809300.0,218,168.0,199.0,17.1,58
1545809610.0,230,179.6,213.0,17.2,58
1545809920.0,229,178.7,216.0,17.2,58
1545810230.0,243,193.1,228.0,17.2,59
1545810540.0,236,185.9,224.0,17.3,59
1545810850.0,241,191.3,233.0,17.2,59
1545811160.0,246,195.8,243.0,17.4,58
1545811470.0,247,196.7,229.0,17.2,58
1545811780.0,247,196.7,238.0,17.2,58
1545812090.0,239,188.6,220.0,17.3,58
1545812400.0,236,185.9,225.0,17.3,57
1545812710.0,237,186.8,228.0,17.4,54
1545813020.0,233,183.2,220.0,17.3,54
1545813330.0,310,259.4,309.0,17.4,56
1545813640.0,319,268.4,327.0,17.5,60
1545813950.0,317,266.6,325.0,17.8,59
1545814260.0,312,262.1,315.0,17.8,59
1545814570.0,321,271.1,331.0,17.7,59
1545814880.0,334,283.6,338.0,17.7,59
1545815190.0,351,300.7,370.0,17.7,60
1545815500.0,336,285.4,335.0,17.7,60
1545815810.0,322,272.0,331.0,17.7,60
1545816120.0,315,264.8,324.0,17.8,60
1545816430.0,323,272.9,332.0,17.5,61
1545816740.0,319,268.4,324.0,17.6,60
1545817050.0,313,263.0,323.0,17.7,60
1545817360.0,312,262.1,321.0,17.7,60
1545817670.0,312,262.1,319.0,17.7,59
1545817980.0,316,265.7,326.0,17.7,59
1545818290.0,302,251.3,305.0,17.6,59
1545818600.0,304,254.0,306.0,17.6,59
1545818910.0,306,255.8,307.0,17.8,59
1545819220.0,297,247.8,303.0,17.6,59
1545819530.0,304,254.0,307.0,17.7,58
1545819840.0,292,242.4,301.0,17.7,59
1545820150.0,287,237.0,286.0,17.7,59
1545820460.0,284,234.3,284.0,17.8,58
1545820770.0,285,235.2,284.0,17.9,59
1545821080.0,277,227.1,275.0,17.9,58
1545821390.0,266,216.4,261.0,17.9,57
1545821700.0,258,208.3,256.0,17.9,57
1545822010.0,255,204.7,246.0,17.9,57
1545822320.0,254,203.8,240.0,18.1,57
1545822630.0,249,199.3,240.0,18.0,58
1545822940.0,251,201.1,240.0,17.9,58
1545823250.0,249,199.3,245.0,17.9,58
1545823560.0,248,198.4,235.0,17.8,59
1545823870.0,253,202.9,248.0,17.6,60
1545824180.0,248,197.6,236.0,17.5,59
1545824490.0,242,192.2,227.0,17.4,61
1545824800.0,234,184.1,216.0,17.3,60
1545825110.0,233,183.2,227.0,17.2,60
1545825420.0,239,188.6,228.0,17.1,60
1545825730.0,249,199.3,240.0,17.1,60
1545826040.0,246,195.8,235.0,17.0,61
1545826350.0,246,195.8,236.0,16.9,61
1545826660.0,243,193.1,227.0,16.5,60
1545826970.0,242,192.2,233.0,16.2,62
1545827280.0,253,202.9,239.0,16.2,62
1545827590.0,249,199.3,244.0,16.0,62
1545827900.0,246,195.8,236.0,16.1,63
1545828210.0,265,215.5,270.0,16.4,62
1545828520.0,257,207.4,249.0,16.2,62
1545828830.0,250,200.2,239.0,15.9,63
1545829140.0,256,206.5,250.0,15.7,64
1545829450.0,259,209.2,256.0,15.7,64
1545829760.0,264,213.7,253.0,15.7,64
1545830070.0,269,219.1,261.0,15.6,65
1545830380.0,277,227.1,269.0,15.5,65
1545830690.0,293,243.3,290.0,15.6,65
1545831000.0,329,279.1,323.0,15.4,66
1545831310.0,313,263.0,317.0,15.3,68
1545831620.0,312,261.2,305.0,15.4,67
1545831930.0,297,247.8,292.0,15.7,66
1545832240.0,295,245.1,289.0,15.5,66
1545832550.0,294,244.2,287.0,15.6,66
1545832860.0,305,254.9,295.0,15.6,66
1545833170.0,310,259.4,306.0,15.4,67
1545833480.0,299,249.6,295.0,15.2,67
1545833790.0,310,259.4,305.0,15.2,67
1545834100.0,316,265.7,312.0,15.1,68
1545834410.0,312,262.1,314.0,15.1,68
1545834720.0,324,273.8,324.0,15.3,68
1545835030.0,327,276.4,322.0,15.3,67
1545835243.0,312,261.2,301.0,15.2,68
1545835253.0,311,260.3,302.0,15.2,68
1545835263.0,315,264.8,312.0,15.2,68
1545835273.0,312,261.2,312.0,15.2,68
1545835283.0,316,265.7,320.0,15.2,68
1545835293.0,313,263.0,321.0,15.1,68
1545835303.0,318,267.5,321.0,15.1,68
1545835313.0,316,265.7,318.0,15.1,68
1545835323.0,317,266.6,311.0,15.1,68
1545835333.0,316,265.7,313.0,15.1,68
1545835343.0,319,268.4,316.0,15.1,68
1545835353.0,320,269.3,317.0,15.1,68
1545835363.0,322,272.0,319.0,15.1,68
1545835373.0,321,270.2,317.0,15.1,68
1545835383.0,317,266.6,314.0,15.1,69
1545835393.0,318,267.5,315.0,15.1,69
1545835403.0,317,266.6,316.0,15.1,69
1545835413.0,321,270.2,318.0,15.2,69
1545835423.0,319,268.4,317.0,15.2,69
1545835433.0,320,269.3,313.0,15.2,69
1545835443.0,316,265.7,309.0,15.2,69
1545835453.0,315,264.8,310.0,15.2,69
1545835463.0,312,262.1,312.0,15.2,69
1545835473.0,314,263.9,313.0,15.3,68
1545835483.0,318,267.5,317.0,15.3,68
1545835493.0,322,272.0,319.0,15.3,68
1545835503.0,324,273.8,325.0,15.3,68
1545835513.0,324,273.8,322.0,15.3,68
1545835523.0,325,274.7,324.0,15.3,68
1545835533.0,323,272.9,324.0,15.3,68
1545835543.0,324,273.8,329.0,15.3,68
1545835553.0,321,271.1,326.0,15.3,68
1545835563.0,321,270.2,322.0,15.3,68
1545835573.0,321,270.2,321.0,15.3,68
1545835583.0,321,270.2,317.0,15.3,68
1545835593.0,319,268.4,309.0,15.2,68
1545835603.0,320,269.3,314.0,15.2,68
1545835613.0,322,272.0,318.0,15.2,68
1545835623.0,323,272.9,322.0,15.2,68
1545835633.0,327,276.4,326.0,15.2,68
1545835643.0,323,272.9,325.0,15.2,68
1545835653.0,321,270.2,321.0,15.1,69
1545835663.0,321,271.1,323.0,15.1,69
1545835673.0,325,274.7,322.0,15.1,69
1545835683.0,327,276.4,323.0,15.1,69
1545835693.0,321,270.2,313.0,15.1,69
1545835703.0,315,264.8,315.0,15.1,69
1545835713.0,313,263.0,309.0,15.0,69
1545835723.0,316,265.7,316.0,15.0,69
1545835733.0,319,268.4,316.0,15.0,69
1545835743.0,317,266.6,318.0,15.0,69
1545835753.0,315,264.8,312.0,15.0,69
1545835763.0,313,263.0,314.0,15.0,69
1545835773.0,314,263.9,316.0,15.0,69
1545835783.0,312,261.2,310.0,15.0,69
1545835793.0,310,259.4,302.0,15.0,69
1545835803.0,316,265.7,307.0,15.0,69
1545835813.0,318,267.5,316.0,15.0,69
1545835823.0,321,270.2,322.0,15.0,69
1545836143.0,329,279.1,325.0,14.6,70
1545836453.0,348,298.0,346.0,14.5,70
1545836763.0,367,316.8,374.0,14.2,71
1545837073.0,350,299.8,355.0,13.9,71
1545837383.0,399,349.1,408.0,13.6,72
1545837693.0,417,374.2,427.0,13.5,72
1545838003.0,397,347.3,394.0,13.3,73
1545838313.0,376,325.8,375.0,13.1,73
1545838623.0,404,354.4,412.0,13.0,74
1545838933.0,385,335.6,392.0,12.9,74
1545839243.0,376,325.8,383.0,12.8,75
1545839450.0,345,295.3,335.0,12.8,75
1545839460.0,376,325.8,370.0,12.8,75
1545839470.0,384,333.8,378.0,12.8,75
1545839480.0,384,334.7,387.0,12.8,75
1545839490.0,397,347.3,400.0,12.8,75
1545839500.0,397,347.3,400.0,12.8,75
1545839510.0,402,351.8,395.0,12.8,75
1545839520.0,405,356.2,410.0,12.8,75
1545839530.0,412,367.0,424.0,12.8,75
1545839540.0,415,371.5,434.0,12.8,75
1545839550.0,415,372.4,430.0,12.8,75
1545839560.0,414,369.7,427.0,12.8,75
1545839570.0,412,367.9,427.0,12.8,75
1545839580.0,414,369.7,425.0,12.8,75
1545839590.0,412,367.9,418.0,12.7,75
1545839600.0,414,369.7,412.0,12.7,75
1545839610.0,414,370.6,419.0,12.7,75
1545839620.0,418,376.0,429.0,12.7,75
1545839630.0,414,370.6,431.0,12.7,75
1545839640.0,411,365.2,426.0,12.7,75
1545839650.0,411,365.2,424.0,12.7,75
1545839660.0,412,367.0,427.0,12.7,75
1545839670.0,415,372.4,427.0,12.7,75
1545839680.0,415,372.4,429.0,12.7,75
1545839690.0,418,376.9,431.0,12.7,75
1545839700.0,418,376.9,434.0,12.7,75
1545839710.0,417,375.1,436.0,12.8,75
1545839720.0,412,367.0,424.0,12.8,75
1545839730.0,408,360.7,416.0,12.8,75
1545839740.0,409,362.5,415.0,12.8,75
1545839750.0,413,368.8,422.0,12.8,75
1545839760.0,415,371.5,429.0,12.8,75
1545839770.0,411,366.1,419.0,12.8,75
1545839780.0,408,360.7,413.0,12.8,75
1545839790.0,407,359.8,411.0,12.8,75
1545839800.0,410,363.4,413.0,12.8,75
1545839810.0,413,368.8,418.0,12.8,75
1545839820.0,411,366.1,419.0,12.8,75
1545839830.0,411,366.1,425.0,12.8,76
1545839840.0,411,366.1,430.0,12.8,76
1545839850.0,414,370.6,435.0,12.8,76
1545839860.0,415,372.4,431.0,12.8,76
1545839870.0,414,370.6,424.0,12.8,76
1545839880.0,414,369.7,423.0,12.8,76
1545839890.0,414,370.6,429.0,12.8,76
1545839900.0,414,370.6,430.0,12.8,76
1545839910.0,413,368.8,423.0,12.8,76
1545839920.0,411,366.1,420.0,12.9,75
1545839930.0,413,368.8,421.0,12.9,75
1545839940.0,411,365.2,414.0,12.9,75
1545839950.0,412,367.0,417.0,12.9,75
1545839960.0,415,372.4,430.0,12.9,75
1545839970.0,421,381.3,452.0,12.9,75
1545839980.0,425,386.7,468.0,12.9,75
1545839990.0,426,388.5,468.0,12.9,75
1545840000.0,428,391.2,476.0,12.9,75
1545840010.0,430,393.9,481.0,13.0,75
1545840020.0,432,397.5,488.0,13.0,75
1545840940.0,404,354.4,413.0,13.5,73
1545841850.0,417,374.2,446.0,13.8,72
1545842760.0,424,384.9,441.0,14.0,71
1545843670.0,433,399.3,456.0,13.8,72
1545844580.0,446,419.0,488.0,13.6,73
1545845490.0,450,425.3,493.0,13.6,73
1545846400.0,467,450.4,529.0,13.3,74
1545847310.0,477,465.6,537.0,13.4,74
1545848220.0,476,463.8,535.0,13.2,75
1545849130.0,496,494.3,560.0,13.2,75
1545850040.0,547,572.3,665.0,13.3,74
1545850950.0,576,616.2,720.0,13.4,74
1545851860.0,585,629.7,751.0,13.4,73
1545852770.0,536,555.3,648.0,13.1,73
1545853680.0,518,527.5,606.0,13.1,73
1545854590.0,542,563.3,673.0,13.0,73
1545855500.0,587,632.4,768.0,13.0,72
1545856410.0,591,637.8,770.0,12.9,72
1545857320.0,567,601.9,726.0,12.6,73
1545858230.0,553,581.3,683.0,12.7,73
1545859140.0,558,587.6,697.0,12.5,73
1545860050.0,498,497.9,595.0,12.5,73
1545860960.0,505,507.8,598.0,12.5,73
1545861870.0,482,473.7,561.0,12.4,73
1545862780.0,495,492.5,589.0,12.1,74
1545863690.0,525,538.2,652.0,12.0,74
1545864600.0,564,597.4,713.0,11.9,74
1545865506.0,616,675.4,817.0,11.8,74
1545866416.0,605,659.3,793.0,11.6,75
1545867326.0,630,697.8,851.0,11.5,75
1545868236.0,647,722.9,871.0,11.4,75
1545869146.0,658,740.0,902.0,11.5,74
1545870056.0,673,762.4,898.0,11.3,74
1545870966.0,664,748.0,911.0,11.2,74
1545871876.0,655,734.6,879.0,11.1,74
1545872786.0,633,701.4,851.0,11.0,74
1545873282.0,611,669.1,783.0,11.1,74
1545873292.0,611,668.2,805.0,11.1,74
1545873302.0,608,663.8,796.0,11.1,74
1545873312.0,605,659.3,805.0,11.1,74
1545873322.0,611,669.1,817.0,11.1,74
1545873332.0,613,671.8,826.0,11.0,74
1545873342.0,616,676.3,822.0,11.0,74
1545873352.0,621,683.5,837.0,11.0,74
1545873362.0,626,691.6,844.0,11.0,75
1545873372.0,626,691.6,846.0,11.0,75
1545873382.0,623,687.1,835.0,11.0,75
1545873392.0,619,680.8,837.0,11.0,75
1545873402.0,622,684.4,837.0,11.0,75
1545873412.0,627,693.3,837.0,11.0,75
1545873422.0,627,693.3,829.0,11.0,75
1545873432.0,623,687.1,824.0,11.0,75
1545873442.0,623,687.1,826.0,11.0,75
1545873452.0,627,692.4,826.0,11.0,75
1545873462.0,625,689.8,828.0,11.0,75
1545873472.0,624,688.0,837.0,11.0,75
1545873482.0,620,681.7,844.0,11.0,75
1545873492.0,627,693.3,846.0,11.0,75
1545873502.0,629,696.0,848.0,11.0,75
1545873512.0,632,700.5,846.0,11.0,75
1545873522.0,627,693.3,845.0,10.9,75
1545873532.0,626,691.6,843.0,10.9,75
1545873542.0,629,695.1,849.0,10.9,75
1545873552.0,633,701.4,848.0,10.9,75
1545873562.0,635,704.1,845.0,10.9,75
1545873572.0,627,692.4,830.0,10.9,75
1545873582.0,627,693.3,845.0,10.9,75
1545873592.0,628,694.2,849.0,10.9,75
1545873602.0,631,698.7,846.0,10.9,75
1545873612.0,626,691.6,826.0,10.9,76
1545873622.0,622,685.3,821.0,10.9,76
1545873632.0,622,685.3,827.0,10.9,76
1545873642.0,624,688.0,833.0,10.9,76
1545873652.0,632,699.6,840.0,10.9,76
1545873662.0,630,697.8,847.0,10.9,76
1545873672.0,629,695.1,847.0,11.0,75
1545873682.0,619,679.9,828.0,11.0,75
1545873692.0,623,687.1,831.0,11.0,75
1545873702.0,623,687.1,822.0,11.0,75
1545873712.0,627,693.3,836.0,11.0,75
1545873722.0,623,687.1,835.0,11.0,75
1545873732.0,619,679.9,829.0,11.0,75
1545873742.0,617,677.2,822.0,11.0,75
1545873752.0,619,679.9,820.0,11.0,75
1545873762.0,624,688.0,831.0,10.9,75
1545873772.0,624,688.9,842.0,10.9,75
1545873782.0,625,689.8,841.0,10.9,75
1545873792.0,623,687.1,834.0,10.9,75
1545873802.0,626,691.6,830.0,10.9,75
1545873812.0,625,689.8,834.0,10.9,75
1545873822.0,630,697.8,836.0,10.9,75
1545873832.0,632,700.5,845.0,10.9,75
1545873842.0,632,700.5,840.0,10.9,75
1545873852.0,627,692.4,835.0,10.9,76
1545873862.0,629,696.0,832.0,10.9,76
1545873872.0,631,698.7,848.0,10.9,76
1545873882.0,636,706.8,864.0,10.9,76
1545873892.0,636,706.8,864.0,10.9,76
1545873902.0,636,706.8,872.0,10.9,76
1545873912.0,638,708.6,870.0,10.9,76
1545873922.0,639,710.4,861.0,10.9,76
1545873932.0,632,700.5,851.0,10.9,76
1545873942.0,625,689.8,833.0,10.9,75
1545873952.0,619,679.9,821.0,10.9,75
1545873962.0,619,680.8,813.0,10.9,75
1545874279.0,610,666.4,802.0,10.9,75
1545874589.0,613,670.9,811.0,11.1,74
1545874899.0,603,656.6,797.0,10.9,74
1545875209.0,604,657.5,795.0,10.9,74
1545875519.0,584,627.0,757.0,10.9,74
1545875829.0,562,594.7,713.0,11.1,74
1545876139.0,579,620.7,752.0,10.9,75
1545876449.0,583,626.1,747.0,10.9,75
1545876759.0,579,619.8,749.0,11.0,75
1545877069.0,582,625.2,745.0,10.8,75
1545877379.0,584,627.9,750.0,10.8,75
1545877689.0,578,618.0,736.0,11.0,75
1545877999.0,575,613.6,734.0,11.0,75
1545878309.0,576,615.3,745.0,11.1,75
1545878619.0,568,602.8,744.0,11.3,75
1545878929.0,576,615.3,752.0,11.6,74
1545879239.0,575,614.4,742.0,11.4,75
1545879549.0,591,637.8,764.0,11.4,75
1545879859.0,585,628.8,762.0,11.7,75
1545880169.0,587,631.5,784.0,11.8,74
1545880479.0,579,619.8,755.0,11.7,75
1545880789.0,587,631.5,765.0,11.9,75
1545881099.0,581,622.5,749.0,11.8,75
1545881409.0,587,632.4,772.0,11.9,75
1545881719.0,593,641.3,783.0,12.0,75
1545882029.0,604,658.4,799.0,12.2,75
1545882339.0,642,714.9,895.0,12.3,76
1545882649.0,652,731.0,902.0,12.5,75
1545882959.0,728,844.9,1045.0,12.5,76
1545883269.0,755,886.1,1117.0,12.6,76
1545883579.0,765,901.3,1118.0,12.9,75
1545883889.0,742,866.4,1100.0,13.2,74
1545884073.0,711,819.8,1049.0,13.3,74
1545884083.0,725,840.4,1073.0,13.3,74
1545884093.0,719,832.3,1071.0,13.2,74
1545884103.0,716,826.9,1062.0,13.2,74
1545884113.0,713,822.4,1050.0,13.2,74
1545884123.0,718,830.5,1053.0,13.2,74
1545884133.0,719,831.4,1043.0,13.2,74
1545884143.0,729,846.7,1059.0,13.2,74
1545884153.0,728,844.9,1049.0,13.3,74
1545884163.0,720,834.1,1038.0,13.3,74
1545884173.0,720,833.2,1035.0,13.3,74
1545884183.0,725,841.3,1054.0,13.3,74
1545884193.0,729,846.7,1070.0,13.3,74
1545884203.0,723,838.6,1057.0,13.3,74
1545884213.0,720,834.1,1052.0,13.4,74
1545884223.0,720,834.1,1041.0,13.4,74
1545884233.0,727,844.0,1058.0,13.4,74
1545884243.0,728,845.8,1055.0,13.4,74
1545884253.0,732,852.0,1071.0,13.4,74
1545884263.0,735,855.6,1074.0,13.4,74
1545884273.0,730,849.3,1065.0,13.4,74
1545884283.0,728,844.9,1056.0,13.4,74
1545884293.0,720,834.1,1051.0,13.4,74
1545884303.0,719,831.4,1057.0,13.4,74
1545884313.0,718,830.5,1056.0,13.4,74
1545884323.0,726,843.1,1078.0,13.4,74
1545884333.0,729,847.6,1064.0,13.4,74
1545884343.0,725,840.4,1059.0,13.4,74
1545884353.0,714,824.2,1029.0,13.4,74
1545884363.0,712,820.7,1041.0,13.4,74
1545884373.0,709,816.2,1038.0,13.4,74
1545884383.0,706,811.7,1022.0,13.4,74
1545884393.0,706,811.7,1020.0,13.4,74
1545884403.0,706,811.7,1017.0,13.4,74
1545884413.0,707,814.4,1024.0,13.4,74
1545884423.0,706,811.7,1022.0,13.4,74
1545884433.0,706,811.7,1019.0,13.4,74
1545884443.0,705,810.8,1021.0,13.4,74
1545884453.0,709,816.2,1031.0,13.4,74
1545884463.0,709,816.2,1036.0,13.4,74
1545884473.0,703,807.2,1022.0,13.4,74
1545884483.0,703,808.1,1024.0,13.4,74
1545884493.0,701,805.4,1016.0,13.4,74
1545884503.0,703,808.1,1012.0,13.4,74
1545884513.0,704,809.9,1003.0,13.4,73
1545884523.0,697,798.2,999.0,13.4,73
1545884533.0,701,804.5,1021.0,13.4,73
1545884543.0,695,796.4,1014.0,13.4,73
1545884553.0,698,800.9,1001.0,13.4,73
1545884563.0,690,787.5,983.0,13.4,73
1545884573.0,688,785.7,981.0,13.4,73
1545884583.0,690,788.4,990.0,13.4,73
1545884593.0,695,795.6,989.0,13.4,73
1545884603.0,695,796.4,990.0,13.4,73
1545884613.0,693,792.0,988.0,13.4,73
1545884623.0,689,786.6,985.0,13.4,73
1545884633.0,690,787.5,984.0,13.4,74
1545884643.0,692,791.1,986.0,13.4,74
1545884653.0,695,796.4,989.0,13.4,74
1545884973.0,675,765.1,965.0,13.3,74
1545885283.0,643,717.6,904.0,13.4,73
1545885593.0,642,715.8,877.0,13.4,73
1545885903.0,618,679.0,844.0,13.3,73
1545886213.0,579,619.8,754.0,13.3,73
1545886523.0,513,520.3,628.0,13.3,73
1545886833.0,453,429.8,517.0,13.2,73
1545887143.0,421,380.4,461.0,13.2,73
1545887453.0,372,322.2,385.0,13.2,72
1545887763.0,359,308.7,372.0,13.3,72
1545888073.0,343,292.6,348.0,13.4,72
1545888383.0,336,286.3,340.0,13.4,71
1545888693.0,345,295.3,352.0,13.5,70
