182,341,385,120,227,256,1545648532.0
182,341,385,120,227,256,1545648542.0
182,341,385,120,227,256,1545648552.0
182,341,385,120,227,256,1545648562.0
182,341,385,120,227,256,1545648572.0
182,341,385,120,227,256,1545648582.0
182,341,385,120,227,256,1545648592.0
182,341,385,120,227,256,1545648602.0
182,341,385,120,227,256,1545648612.0
182,341,385,120,227,256,1545648622.0
182,341,385,120,227,256,1545648632.0
182,341,385,120,227,256,1545648642.0
182,341,385,120,227,256,1545648652.0
182,341,385,120,227,256,1545648662.0
182,341,385,120,227,256,1545648672.0
182,341,385,120,227,256,1545648682.0
182,341,385,120,227,256,1545648692.0
182,341,385,120,227,256,1545648702.0
182,341,385,120,227,256,1545648712.0
182,341,385,120,227,256,1545648722.0
182,341,385,120,227,256,1545648732.0
182,341,385,120,227,256,1545648742.0
182,341,385,120,227,256,1545648752.0
182,341,385,120,227,256,1545648762.0
182,341,385,120,227,256,1545648772.0
182,341,385,120,227,256,1545648782.0
182,341,385,120,227,256,1545648792.0
182,341,385,120,227,256,1545648802.0
182,341,385,120,227,256,1545648812.0
182,341,385,120,227,256,1545648822.0
182,341,385,120,227,256,1545648832.0
182,341,386,120,227,256,1545648842.0
182,341,386,120,227,257,1545648852.0
182,341,387,121,227,257,1545648862.0
183,342,388,121,227,258,1545648872.0
183,342,388,121,227,258,1545648882.0
183,341,387,121,227,257,1545648892.0
183,341,386,121,226,257,1545648902.0
182,340,385,121,226,256,1545648912.0
182,339,385,120,225,256,1545648922.0
181,339,384,120,225,255,1545648932.0
180,338,384,120,224,255,1545648942.0
179,336,382,119,223,254,1545648952.0
155,288,319,103,191,212,1545649409.0
155,288,318,103,191,212,1545649419.0
155,289,321,103,192,213,1545649429.0
155,290,323,103,193,214,1545649439.0
156,292,325,103,194,216,1545649449.0
157,294,327,104,195,218,1545649459.0
158,295,328,104,196,218,1545649469.0
158,296,329,105,197,219,1545649479.0
158,297,329,105,197,219,1545649489.0
158,297,329,105,197,219,1545649499.0
158,297,330,105,197,219,1545649509.0
158,297,330,105,198,219,1545649519.0
158,297,329,104,197,219,1545649529.0
158,296,328,104,197,218,1545649539.0
157,295,327,104,196,217,1545649549.0
157,295,326,104,196,217,1545649559.0
157,294,326,104,195,216,1545649569.0
157,294,326,104,195,217,1545649579.0
157,294,326,104,195,217,1545649589.0
157,294,327,104,195,217,1545649599.0
157,294,327,104,195,217,1545649609.0
157,294,327,104,195,217,1545649619.0
157,294,326,104,195,217,1545649629.0
157,294,326,104,195,216,1545649639.0
157,293,325,104,195,216,1545649649.0
157,293,325,104,194,216,1545649659.0
157,292,324,104,194,215,1545649669.0
156,292,324,104,194,215,1545649679.0
156,292,324,103,194,215,1545649689.0
156,292,323,103,194,215,1545649699.0
156,291,323,103,194,215,1545649709.0
156,291,323,103,193,214,1545649719.0
156,291,322,103,193,214,1545649729.0
156,291,322,103,193,214,1545649739.0
156,291,328,103,193,218,1545650059.0
154,288,334,102,191,222,1545650369.0
155,287,325,103,190,216,1545650679.0
155,287,324,103,190,215,1545650699.0
155,287,324,103,190,215,1545650709.0
155,287,323,103,190,215,1545650719.0
155,287,323,103,190,215,1545650729.0
155,287,323,103,190,214,1545650739.0
156,287,322,103,190,214,1545650749.0
156,287,322,103,190,214,1545650759.0
156,287,322,103,190,214,1545650769.0
156,288,325,103,191,216,1545650779.0
156,288,325,103,191,216,1545650789.0
156,288,324,103,191,215,1545650799.0
156,287,324,103,191,215,1545650809.0
156,287,323,103,191,215,1545650819.0
156,287,323,103,191,214,1545650829.0
157,287,322,104,191,214,1545650839.0
157,288,322,104,191,214,1545650849.0
157,288,321,104,191,213,1545650859.0
157,288,321,104,191,213,1545650869.0
157,288,320,104,191,213,1545650879.0
157,288,320,104,191,212,1545650889.0
157,288,319,104,191,212,1545650899.0
157,288,318,104,191,212,1545650909.0
158,288,318,104,191,211,1545650919.0
158,287,317,104,191,211,1545650929.0
158,287,317,104,191,211,1545650939.0
158,287,317,104,191,211,1545650949.0
158,287,318,104,191,211,1545650959.0
158,288,318,105,191,211,1545650969.0
158,288,318,105,191,211,1545650979.0
158,288,318,105,191,211,1545650989.0
158,288,318,105,191,211,1545650999.0
158,288,318,105,191,211,1545651009.0
158,287,318,105,191,211,1545651019.0
158,287,318,105,191,211,1545651029.0
158,287,318,105,191,211,1545651039.0
158,287,318,105,191,211,1545651049.0
158,287,318,105,191,211,1545651059.0
158,287,317,105,190,211,1545651069.0
158,287,317,105,190,211,1545651079.0
158,287,317,105,190,211,1545651089.0
158,287,317,105,190,211,1545651099.0
158,287,317,105,190,211,1545651109.0
158,287,317,105,190,211,1545651119.0
158,287,318,105,190,211,1545651129.0
158,287,318,105,191,211,1545651139.0
158,287,318,105,191,211,1545651149.0
158,287,318,105,191,211,1545651159.0
158,287,318,105,191,211,1545651169.0
158,287,318,105,191,211,1545651179.0
158,287,318,105,191,211,1545651189.0
158,287,318,105,191,211,1545651199.0
158,287,318,105,191,211,1545651209.0
158,287,319,105,191,212,1545651219.0
158,288,319,105,191,212,1545651229.0
158,288,319,105,191,212,1545651239.0
159,288,319,105,191,212,1545651249.0
159,288,320,105,191,213,1545651259.0
159,288,320,105,191,213,1545651269.0
159,288,321,105,192,213,1545651279.0
159,289,321,105,192,213,1545651289.0
159,289,321,105,192,213,1545651299.0
159,289,321,105,192,213,1545651309.0
159,289,321,105,192,213,1545651319.0
159,289,321,105,192,213,1545651329.0
159,289,321,105,192,213,1545651339.0
159,289,321,105,192,213,1545651349.0
159,289,321,105,192,213,1545651359.0
159,289,321,105,192,213,1545651369.0
159,289,321,105,192,214,1545651379.0
159,289,322,105,192,214,1545651389.0
159,289,322,105,192,214,1545651399.0
159,290,322,105,192,214,1545651409.0
159,290,323,105,193,214,1545651419.0
159,290,323,105,193,214,1545651429.0
159,290,323,105,193,214,1545651439.0
159,290,323,105,193,215,1545651449.0
159,290,323,106,193,215,1545651459.0
159,291,323,106,193,215,1545651469.0
160,291,323,106,193,215,1545651479.0
160,291,324,106,193,215,1545651489.0
160,292,324,106,194,215,1545651499.0
160,292,325,106,194,216,1545651509.0
160,292,325,106,194,216,1545651519.0
161,292,325,106,194,216,1545651529.0
161,293,326,106,194,216,1545651539.0
161,293,326,106,195,217,1545651549.0
161,293,326,107,195,217,1545651559.0
161,294,327,107,195,217,1545651569.0
161,294,327,107,195,217,1545651579.0
161,295,327,107,196,218,1545651589.0
162,295,328,107,196,218,1545651599.0
162,295,328,107,196,218,1545651609.0
162,296,329,107,197,219,1545651619.0
162,296,329,107,197,219,1545651629.0
162,297,330,107,197,219,1545651639.0
162,297,330,108,197,219,1545651649.0
163,299,332,108,199,220,1545651693.0
163,300,332,108,199,221,1545651703.0
164,300,332,108,199,221,1545651713.0
164,300,332,108,199,221,1545651723.0
164,300,333,108,199,221,1545651733.0
164,300,333,108,199,221,1545651743.0
164,300,333,109,200,221,1545651753.0
164,301,333,109,200,222,1545651763.0
164,301,334,109,200,222,1545651773.0
165,301,334,109,200,222,1545651783.0
165,302,335,109,201,222,1545651793.0
165,302,335,109,201,223,1545651803.0
165,303,335,109,201,223,1545651813.0
165,303,336,110,201,223,1545651823.0
166,304,336,110,202,224,1545651833.0
166,304,337,110,202,224,1545651843.0
166,304,337,110,202,224,1545651853.0
166,305,337,110,202,224,1545651863.0
167,305,338,110,203,224,1545651873.0
167,306,338,110,203,225,1545651883.0
167,306,339,111,203,225,1545651893.0
167,307,339,111,204,226,1545651903.0
167,307,340,111,204,226,1545651913.0
168,307,340,111,204,226,1545651923.0
168,308,341,111,205,227,1545651933.0
168,309,342,111,205,228,1545651943.0
168,309,343,111,205,228,1545651953.0
168,310,344,112,206,228,1545651963.0
169,310,345,112,206,229,1545651973.0
169,310,346,112,206,230,1545651983.0
169,311,346,112,207,230,1545651993.0
169,311,347,112,207,231,1545652003.0
169,312,348,112,207,232,1545652013.0
169,312,350,112,208,232,1545652023.0
169,313,351,112,208,233,1545652033.0
170,313,352,112,208,234,1545652043.0
169,314,353,112,208,235,1545652053.0
170,314,354,112,209,235,1545652063.0
170,314,355,112,209,236,1545652073.0
170,315,356,112,209,236,1545652083.0
170,315,356,112,209,237,1545652093.0
170,315,357,113,209,237,1545652103.0
170,316,358,113,210,238,1545652113.0
170,316,359,113,210,238,1545652123.0
171,317,360,113,211,239,1545652133.0
171,317,361,113,211,240,1545652143.0
171,318,361,113,211,240,1545652153.0
171,318,362,113,211,240,1545652163.0
171,318,362,113,212,241,1545652173.0
171,319,363,113,212,241,1545652183.0
172,319,364,114,212,242,1545652193.0
172,319,364,114,212,242,1545652203.0
172,320,365,114,212,243,1545652213.0
172,320,366,114,213,243,1545652223.0
172,321,366,114,213,243,1545652233.0
172,321,367,114,213,244,1545652243.0
173,321,368,114,213,244,1545652253.0
173,322,369,114,214,245,1545652263.0
173,322,369,114,214,245,1545652273.0
173,322,370,115,214,246,1545652283.0
173,323,371,115,214,246,1545652293.0
173,323,371,115,215,247,1545652303.0
173,324,372,115,215,247,1545652313.0
174,324,373,115,215,248,1545652323.0
174,325,374,115,216,248,1545652333.0
174,325,374,115,216,249,1545652343.0
174,326,375,115,216,249,1545652353.0
174,326,376,115,217,250,1545652363.0
174,327,377,116,217,250,1545652373.0
175,327,377,116,217,251,1545652383.0
175,327,378,116,217,251,1545652393.0
175,327,378,116,218,251,1545652403.0
175,328,379,116,218,252,1545652413.0
175,328,379,116,218,252,1545652423.0
175,328,380,116,218,252,1545652433.0
175,328,380,116,218,253,1545652443.0
175,329,381,116,218,253,1545652453.0
175,329,381,116,218,253,1545652463.0
176,329,382,116,219,254,1545652473.0
176,330,382,116,219,254,1545652483.0
176,330,383,117,219,255,1545652493.0
176,331,384,117,220,255,1545652503.0
177,331,385,117,220,256,1545652513.0
177,332,386,117,220,256,1545652523.0
177,332,386,117,221,257,1545652533.0
177,333,387,117,221,257,1545652543.0
178,333,388,118,221,258,1545652553.0
178,334,388,118,222,258,1545652563.0
178,334,389,118,222,259,1545652573.0
178,335,390,118,222,259,1545652583.0
179,335,390,118,223,260,1545652593.0
179,336,391,119,223,260,1545652603.0
179,337,392,119,224,260,1545652613.0
179,337,392,119,224,261,1545652623.0
180,338,393,119,224,261,1545652633.0
180,338,394,119,225,262,1545652643.0
180,339,395,120,225,262,1545652653.0
181,340,396,120,226,263,1545652663.0
181,341,397,120,226,264,1545652673.0
181,341,398,120,227,264,1545652683.0
182,342,399,120,227,265,1545652693.0
182,343,399,121,228,265,1545652703.0
182,343,400,121,228,266,1545652713.0
183,344,401,121,228,266,1545652723.0
183,344,401,121,229,267,1545652733.0
183,345,402,121,229,267,1545652743.0
183,346,403,122,230,268,1545652753.0
184,346,403,122,230,268,1545652763.0
184,347,404,122,230,269,1545652773.0
184,347,405,122,231,269,1545652783.0
184,348,406,122,231,270,1545652793.0
185,348,406,122,231,270,1545652803.0
185,349,407,123,232,271,1545652813.0
185,349,408,123,232,271,1545652823.0
185,350,408,123,233,272,1545652833.0
186,351,409,123,233,272,1545652843.0
186,351,410,123,233,273,1545652853.0
186,352,411,123,234,273,1545652863.0
186,353,411,124,234,274,1545652873.0
187,353,412,124,235,274,1545652883.0
187,354,413,124,235,275,1545652893.0
187,355,414,124,236,275,1545652903.0
188,355,415,124,236,276,1545652913.0
188,356,416,124,236,276,1545652923.0
188,356,416,125,237,277,1545652933.0
188,357,417,125,237,277,1545652943.0
189,357,418,125,237,278,1545652953.0
189,358,418,125,238,278,1545652963.0
189,358,419,125,238,278,1545652973.0
189,359,419,126,238,279,1545652983.0
190,359,420,126,239,279,1545652993.0
190,360,421,126,239,280,1545653003.0
190,361,422,126,240,280,1545653013.0
190,361,422,126,240,281,1545653023.0
191,362,423,126,240,281,1545653033.0
191,362,424,127,241,282,1545653043.0
191,363,424,127,241,282,1545653053.0
191,363,425,127,242,282,1545653063.0
192,364,425,127,242,283,1545653073.0
192,364,426,127,242,283,1545653083.0
192,365,427,127,242,284,1545653093.0
192,365,427,127,243,284,1545653103.0
192,365,427,127,243,284,1545653113.0
192,365,428,127,243,284,1545653123.0
192,366,428,128,243,285,1545653133.0
192,366,429,128,243,285,1545653143.0
193,366,429,128,244,285,1545653153.0
193,367,430,128,244,286,1545653163.0
193,367,430,128,244,286,1545653173.0
193,367,431,128,244,286,1545653183.0
193,368,431,128,244,286,1545653193.0
193,368,431,128,244,287,1545653203.0
193,368,432,128,245,287,1545653213.0
194,369,432,128,245,287,1545653223.0
194,369,433,128,245,288,1545653233.0
194,369,433,129,245,288,1545653243.0
194,370,433,129,246,288,1545653253.0
194,370,434,129,246,288,1545653263.0
194,370,434,129,246,289,1545653273.0
194,370,434,129,246,289,1545653283.0
195,371,435,129,246,289,1545653293.0
195,371,435,129,247,289,1545653303.0
195,371,435,129,247,289,1545653313.0
195,371,435,129,247,289,1545653323.0
195,371,435,129,247,289,1545653333.0
195,371,436,129,247,290,1545653343.0
195,372,436,129,247,290,1545653353.0
195,372,436,129,247,290,1545653363.0
195,372,436,129,247,290,1545653373.0
195,372,436,129,247,290,1545653383.0
195,373,437,129,248,290,1545653393.0
195,373,437,130,248,291,1545653403.0
195,373,437,130,248,291,1545653413.0
196,373,438,130,248,291,1545653423.0
196,373,438,130,248,291,1545653433.0
197,377,442,131,250,294,1545653750.0
211,409,502,140,271,334,1545654060.0
216,423,527,143,281,350,1545654370.0
221,433,535,147,288,356,1545654680.0
223,437,539,148,290,359,1545654732.0
223,437,540,148,291,359,1545654742.0
223,438,540,148,291,359,1545654752.0
223,438,540,148,291,359,1545654762.0
223,438,540,148,291,359,1545654772.0
224,439,541,148,292,360,1545654782.0
224,439,541,148,292,360,1545654792.0
224,440,541,149,293,360,1545654802.0
224,441,541,149,293,360,1545654812.0
230,450,548,152,299,365,1545655132.0
236,457,551,156,304,366,1545655442.0
242,468,562,160,311,374,1545655752.0
246,478,573,163,318,381,1545656062.0
249,482,578,165,321,384,1545656372.0
252,487,581,167,324,386,1545656682.0
256,496,591,170,330,393,1545656992.0
258,501,597,171,333,397,1545657302.0
259,505,600,172,336,399,1545657612.0
264,514,608,176,342,405,1545657922.0
269,520,615,178,346,409,1545658232.0
268,520,615,178,346,409,1545658542.0
267,520,615,177,346,409,1545658852.0
269,523,617,179,348,411,1545659162.0
272,526,619,181,350,412,1545659472.0
277,542,642,184,360,427,1545659782.0
282,553,655,187,368,436,1545660092.0
280,548,647,186,365,431,1545660402.0
279,546,647,185,363,431,1545660712.0
281,552,653,186,367,435,1545661022.0
285,563,667,189,375,444,1545661332.0
287,569,674,191,378,448,1545661642.0
289,573,675,192,381,449,1545661952.0
292,577,678,194,384,451,1545662262.0
292,578,680,194,384,452,1545662572.0
287,568,669,191,378,445,1545662882.0
282,556,658,187,370,438,1545663192.0
281,554,657,186,369,437,1545663502.0
281,557,657,186,370,437,1545663812.0
279,556,658,185,370,438,1545664122.0
279,554,656,185,368,436,1545664432.0
280,559,665,186,372,442,1545664742.0
282,568,676,187,377,450,1545665052.0
284,571,680,188,379,452,1545665362.0
283,571,680,188,380,453,1545665672.0
283,573,680,188,381,453,1545665982.0
285,575,684,189,383,455,1545666292.0
286,577,691,190,383,460,1545666602.0
286,578,694,190,385,462,1545666912.0
287,582,694,190,387,462,1545667222.0
284,583,700,189,388,466,1545668140.0
286,594,715,190,395,476,1545669050.0
298,632,766,198,421,510,1545669960.0
309,664,811,205,442,540,1545670870.0
313,680,828,208,452,551,1545671780.0
316,687,837,210,457,557,1545672690.0
314,679,832,208,452,554,1545673600.0
315,689,848,209,459,564,1545674510.0
316,692,851,209,461,567,1545675420.0
318,693,849,211,461,565,1545676330.0
319,701,855,212,466,569,1545677240.0
325,705,855,216,469,569,1545678150.0
328,712,860,218,474,572,1545679060.0
330,715,869,219,476,578,1545679970.0
328,710,868,218,473,578,1545680880.0
328,714,871,218,475,580,1545681790.0
332,726,881,221,483,586,1545682700.0
338,736,898,225,490,598,1545683610.0
342,745,910,227,495,606,1545684520.0
349,758,924,232,504,615,1545685430.0
349,759,924,232,505,615,1545686340.0
351,761,926,233,506,616,1545687250.0
353,766,933,234,510,621,1545688160.0
352,770,933,234,512,621,1545689070.0
349,765,929,231,509,618,1545689980.0
348,764,927,231,508,617,1545690890.0
344,756,922,228,503,614,1545691800.0
346,761,926,229,506,616,1545692710.0
344,755,909,228,502,605,1545693611.0
341,756,925,227,503,616,1545694521.0
338,750,916,225,499,610,1545695431.0
337,749,910,224,498,606,1545696341.0
336,747,910,223,497,606,1545697251.0
344,766,940,228,510,626,1545698161.0
343,761,927,228,507,617,1545699071.0
342,759,929,227,505,619,1545699981.0
345,777,951,229,517,633,1545700891.0
346,783,961,229,521,640,1545701801.0
347,784,969,230,522,645,1545702711.0
353,806,994,235,536,662,1545703621.0
355,806,992,236,537,660,1545704531.0
357,819,1015,237,545,676,1545705441.0
358,824,1019,238,549,678,1545706351.0
355,818,1017,236,544,677,1545706810.0
355,818,1017,236,544,677,1545706820.0
355,817,1017,236,544,677,1545706830.0
355,817,1018,236,544,677,1545706840.0
355,817,1018,236,543,677,1545706850.0
355,816,1017,236,543,677,1545706860.0
355,816,1018,236,543,678,1545706870.0
355,817,1018,236,543,678,1545706880.0
355,817,1018,236,543,678,1545706890.0
355,816,1017,236,543,677,1545706900.0
355,816,1017,236,543,677,1545706910.0
355,816,1017,236,543,677,1545706920.0
355,815,1016,236,543,677,1545706930.0
355,815,1016,236,542,677,1545706940.0
355,815,1016,236,542,676,1545706950.0
355,815,1016,236,542,676,1545706960.0
355,814,1016,236,542,676,1545706970.0
356,814,1015,236,542,676,1545706980.0
356,814,1015,236,542,676,1545706990.0
356,814,1015,237,542,676,1545707000.0
356,815,1014,237,542,675,1545707010.0
357,815,1014,237,542,675,1545707020.0
357,815,1014,237,543,675,1545707030.0
357,815,1014,237,542,675,1545707040.0
357,815,1013,237,542,675,1545707050.0
357,815,1012,237,542,674,1545707060.0
357,815,1012,237,542,674,1545707070.0
357,815,1012,237,542,674,1545707080.0
357,816,1012,237,543,674,1545707090.0
357,816,1012,237,543,674,1545707100.0
357,816,1011,237,543,673,1545707110.0
357,816,1010,237,543,673,1545707120.0
357,816,1010,237,543,672,1545707130.0
357,816,1009,237,543,672,1545707140.0
357,815,1009,237,543,672,1545707150.0
357,815,1009,237,543,672,1545707160.0
357,815,1009,237,543,672,1545707170.0
357,815,1009,237,542,672,1545707180.0
357,815,1009,237,542,671,1545707190.0
357,815,1009,237,542,672,1545707200.0
357,815,1009,237,542,672,1545707210.0
357,815,1009,237,543,672,1545707220.0
357,815,1009,237,543,672,1545707230.0
357,815,1009,237,543,672,1545707240.0
357,815,1009,237,543,672,1545707250.0
357,815,1009,237,542,671,1545707260.0
357,815,1008,237,542,671,1545707270.0
357,815,1008,237,542,671,1545707280.0
357,815,1008,237,542,671,1545707290.0
357,814,1008,237,542,671,1545707300.0
357,814,1007,237,542,671,1545707310.0
357,814,1007,237,542,670,1545707320.0
358,813,1006,237,541,670,1545707330.0
358,813,1005,237,541,669,1545707340.0
357,813,1005,237,541,669,1545707350.0
357,812,1005,237,541,669,1545707360.0
357,812,1004,237,541,669,1545707370.0
357,812,1004,237,540,668,1545707380.0
357,812,1004,237,540,668,1545707390.0
355,811,996,236,539,663,1545707710.0
358,817,1005,238,544,669,1545708020.0
357,817,1011,237,544,673,1545708330.0
358,823,1020,238,548,679,1545708640.0
360,829,1030,239,552,686,1545708950.0
361,832,1032,240,554,687,1545709260.0
362,844,1044,241,562,695,1545709570.0
362,847,1048,240,564,698,1545709880.0
358,832,1031,238,554,687,1545710190.0
354,804,995,235,535,662,1545710500.0
349,780,960,232,519,639,1545710810.0
345,767,946,229,510,630,1545711120.0
337,748,923,224,498,615,1545711430.0
337,749,927,224,499,617,1545711740.0
344,762,947,228,507,630,1545712050.0
344,762,953,229,507,634,1545712360.0
343,754,939,228,502,625,1545712670.0
337,739,912,223,492,607,1545712980.0
323,708,874,215,471,582,1545713290.0
300,641,782,199,427,521,1545713600.0
267,548,656,177,365,436,1545713910.0
238,469,559,158,312,372,1545714220.0
226,437,518,149,290,344,1545714530.0
221,426,506,146,283,337,1545714840.0
220,422,503,146,281,335,1545715150.0
216,415,494,143,276,329,1545715460.0
211,404,481,140,268,320,1545715770.0
205,390,469,136,259,312,1545716080.0
205,393,478,136,261,318,1545716390.0
207,401,494,137,266,329,1545716700.0
207,407,510,137,271,339,1545717010.0
211,421,532,140,280,353,1545717320.0
200,396,497,133,263,330,1545717630.0
180,345,426,119,229,283,1545717940.0
169,317,387,112,211,257,1545718250.0
167,311,377,111,207,251,1545718560.0
170,317,385,112,210,256,1545718870.0
172,320,389,114,212,259,1545719180.0
170,317,387,113,211,257,1545719490.0
166,310,381,110,206,253,1545719800.0
167,310,378,111,206,251,1545720110.0
165,305,368,109,203,245,1545720420.0
161,295,355,106,196,236,1545720730.0
158,290,350,105,193,232,1545721040.0
158,292,352,105,194,234,1545721215.0
158,292,353,105,194,234,1545721225.0
158,292,353,105,194,235,1545721235.0
158,292,353,105,194,235,1545721245.0
158,292,353,105,194,235,1545721255.0
158,292,353,105,194,235,1545721265.0
158,292,353,105,194,235,1545721275.0
158,292,353,104,194,235,1545721285.0
158,292,353,104,194,234,1545721295.0
158,292,353,104,194,234,1545721305.0
157,292,353,104,194,234,1545721315.0
157,292,353,104,194,234,1545721325.0
157,292,352,104,194,234,1545721335.0
157,292,352,104,194,234,1545721345.0
157,292,352,104,194,234,1545721355.0
157,292,352,104,194,234,1545721365.0
157,292,352,104,194,234,1545721375.0
157,292,352,104,194,234,1545721385.0
157,292,352,104,194,234,1545721395.0
157,292,352,104,194,234,1545721405.0
157,292,352,104,194,234,1545721415.0
157,292,353,104,194,234,1545721425.0
157,292,353,104,194,234,1545721435.0
157,292,353,104,194,235,1545721445.0
157,293,353,104,194,235,1545721455.0
158,293,354,104,194,235,1545721465.0
158,293,354,104,195,235,1545721475.0
158,293,354,104,195,236,1545721485.0
158,294,355,105,195,236,1545721495.0
158,294,355,105,195,236,1545721505.0
158,294,356,105,195,237,1545721515.0
159,295,356,105,196,237,1545721525.0
159,295,357,105,196,237,1545721535.0
159,295,357,105,196,237,1545721545.0
159,296,357,105,196,237,1545721555.0
159,296,358,105,197,238,1545721565.0
159,296,358,105,197,238,1545721575.0
160,297,358,106,197,238,1545721585.0
160,297,359,106,197,238,1545721595.0
160,297,359,106,197,239,1545721605.0
160,297,359,106,197,239,1545721615.0
160,297,359,106,197,239,1545721625.0
160,298,360,106,198,239,1545721635.0
160,298,360,106,198,239,1545721645.0
160,298,360,106,198,239,1545721655.0
160,298,360,106,198,239,1545721665.0
160,298,360,106,198,239,1545721675.0
160,298,360,106,198,239,1545721685.0
160,298,360,106,198,239,1545721695.0
160,298,360,106,198,239,1545721705.0
160,298,360,106,198,239,1545721715.0
160,298,360,106,198,239,1545721725.0
160,298,360,106,198,239,1545721735.0
160,298,360,106,198,239,1545721745.0
160,298,360,106,198,239,1545721755.0
160,298,360,106,198,239,1545721765.0
160,298,360,106,198,239,1545721775.0
160,298,361,106,198,240,1545721785.0
160,299,361,106,198,240,1545721795.0
160,299,361,106,198,240,1545721805.0
160,299,361,106,199,240,1545721815.0
160,299,361,106,199,240,1545721825.0
160,299,361,106,199,240,1545721835.0
161,299,361,106,199,240,1545721845.0
161,299,362,106,199,240,1545721855.0
161,299,362,106,199,240,1545721865.0
161,299,362,107,199,241,1545721875.0
161,299,363,107,199,241,1545721885.0
162,299,363,107,199,241,1545721895.0
162,300,363,107,199,241,1545721905.0
162,300,363,107,199,241,1545721915.0
162,300,364,107,199,242,1545721925.0
162,300,364,107,199,242,1545721935.0
162,300,364,107,199,242,1545721945.0
162,300,364,107,199,242,1545721955.0
161,298,363,107,198,241,1545722272.0
156,288,350,103,191,232,1545722582.0
154,284,346,102,188,230,1545722892.0
157,289,352,104,192,234,1545723202.0
162,303,366,107,201,243,1545723512.0
174,325,393,115,216,261,1545723822.0
181,334,404,120,222,268,1545724132.0
172,317,382,114,211,254,1545724442.0
158,287,343,105,190,228,1545724752.0
147,262,312,97,174,208,1545725062.0
145,259,306,96,172,203,1545725372.0
150,268,314,99,178,209,1545725682.0
153,275,322,101,182,214,1545725992.0
152,275,334,101,183,222,1545726302.0
149,268,327,98,178,217,1545726612.0
145,261,318,96,174,211,1545726922.0
149,275,337,99,182,224,1545727232.0
156,290,355,103,193,236,1545727542.0
159,294,358,106,195,238,1545727852.0
163,300,364,108,199,242,1545728162.0
167,307,371,111,204,247,1545728472.0
167,306,368,111,203,245,1545728782.0
168,310,375,111,206,249,1545729092.0
172,316,383,114,210,254,1545729402.0
176,326,391,116,217,260,1545729712.0
188,351,419,124,233,278,1545730022.0
199,372,445,132,247,296,1545730332.0
202,380,455,134,253,303,1545730642.0
203,382,452,135,254,301,1545730952.0
204,384,451,135,255,300,1545731262.0
206,386,456,137,257,303,1545731572.0
211,393,465,140,261,309,1545731882.0
217,405,475,144,269,316,1545732192.0
216,401,469,143,267,312,1545732502.0
214,398,465,142,264,309,1545732812.0
213,398,464,141,265,309,1545733122.0
207,384,446,138,255,297,1545733432.0
195,356,414,129,237,275,1545733742.0
177,319,369,117,212,245,1545734052.0
163,290,335,108,193,223,1545734362.0
162,286,331,107,190,220,1545734672.0
163,287,332,108,190,220,1545734982.0
164,289,335,108,192,222,1545735292.0
162,288,334,108,191,222,1545735602.0
161,284,329,106,189,219,1545735912.0
160,283,327,106,188,217,1545736222.0
159,284,326,105,189,217,1545736532.0
156,277,321,103,184,213,1545736842.0
151,267,313,100,177,208,1545737152.0
146,257,302,97,171,200,1545737462.0
139,245,287,92,163,191,1545737772.0
136,239,282,90,158,187,1545738082.0
135,237,279,89,157,185,1545738392.0
135,236,280,89,157,186,1545738702.0
136,238,285,90,158,189,1545739012.0
138,245,292,91,162,194,1545739322.0
140,249,294,93,165,195,1545739632.0
142,252,299,94,167,198,1545739942.0
145,256,304,96,170,202,1545740252.0
149,264,312,98,175,207,1545740562.0
154,272,322,102,180,214,1545740872.0
155,274,321,102,181,213,1545741182.0
156,277,325,103,184,216,1545741492.0
160,284,333,106,188,221,1545741802.0
166,293,339,110,195,225,1545742112.0
175,310,356,116,206,236,1545742422.0
179,315,366,118,209,243,1545742732.0
175,308,359,116,205,239,1545743042.0
173,306,355,114,203,236,1545743352.0
179,318,370,119,211,246,1545743662.0
192,342,399,127,227,265,1545743972.0
198,351,408,131,233,271,1545744282.0
202,358,415,134,238,276,1545744592.0
210,374,434,139,248,288,1545744902.0
217,387,447,144,257,297,1545745212.0
222,396,458,147,263,305,1545745522.0
231,412,477,153,274,317,1545745832.0
239,429,494,158,285,329,1545746142.0
243,438,502,161,291,334,1545746452.0
247,446,510,164,296,339,1545746762.0
252,452,518,167,301,344,1545747072.0
259,469,537,171,312,357,1545747382.0
265,485,561,176,323,373,1545747692.0
272,498,578,180,331,385,1545748002.0
278,512,590,184,340,393,1545748312.0
283,523,605,188,348,403,1545748622.0
291,539,628,193,358,418,1545748932.0
297,552,641,197,367,426,1545749242.0
297,553,641,197,368,427,1545749552.0
297,557,645,197,371,429,1545749862.0
303,571,665,201,380,442,1545750172.0
309,585,685,205,389,456,1545750482.0
315,598,697,209,398,464,1545750792.0
318,606,705,211,403,469,1545751102.0
318,609,710,211,405,473,1545751412.0
321,614,714,213,409,475,1545751722.0
323,616,722,215,410,480,1545752032.0
324,618,729,215,411,485,1545752342.0
324,625,732,215,416,487,1545752652.0
325,628,733,216,418,488,1545752962.0
324,628,734,215,418,488,1545753272.0
325,631,742,216,420,494,1545753582.0
337,661,775,224,440,516,1545754540.0
355,705,829,236,469,552,1545755450.0
350,693,814,233,461,542,1545756360.0
348,694,816,231,462,543,1545757270.0
370,743,867,246,495,577,1545758180.0
380,768,898,252,511,598,1545759090.0
362,726,856,240,483,570,1545760000.0
351,703,818,233,468,545,1545760910.0
340,679,798,226,452,531,1545761820.0
334,670,779,222,446,518,1545762730.0
337,673,791,224,448,527,1545763640.0
336,672,784,223,447,522,1545764550.0
331,659,770,220,439,513,1545765460.0
326,652,761,217,434,507,1545766370.0
322,639,747,214,425,497,1545767280.0
318,625,735,211,416,489,1545768190.0
313,611,713,208,407,475,1545769100.0
309,607,704,205,404,469,1545770010.0
310,612,717,206,407,477,1545770920.0
308,608,716,205,404,477,1545771830.0
309,610,714,205,406,475,1545772740.0
303,599,700,201,399,466,1545773650.0
303,594,700,201,395,466,1545774560.0
297,590,693,197,392,461,1545775470.0
296,588,692,196,391,460,1545776380.0
292,583,688,194,388,457,1545777290.0
291,582,687,193,387,457,1545778200.0
283,576,683,188,383,455,1545779110.0
294,596,705,195,397,469,1545780020.0
301,615,729,200,409,485,1545780930.0
306,620,732,203,412,487,1545781840.0
299,612,732,198,407,487,1545782750.0
287,586,700,190,390,466,1545783660.0
284,581,700,188,386,466,1545784572.0
296,608,727,197,405,484,1545785482.0
291,594,715,193,395,476,1545786392.0
292,605,730,194,402,486,1545787302.0
291,607,732,193,404,487,1545788212.0
290,601,724,193,400,482,1545789122.0
293,607,735,194,404,489,1545790032.0
291,609,744,193,405,495,1545790942.0
297,628,783,197,418,521,1545791852.0
308,656,808,204,436,537,1545792762.0
308,660,809,204,439,539,1545793210.0
308,660,809,204,439,538,1545793220.0
308,659,808,204,439,538,1545793230.0
308,659,808,204,439,538,1545793240.0
308,659,808,204,439,538,1545793250.0
308,660,808,204,439,538,1545793260.0
308,660,809,204,439,538,1545793270.0
308,660,808,204,439,538,1545793280.0
308,660,808,204,439,538,1545793290.0
308,660,808,204,439,538,1545793300.0
308,660,808,204,439,538,1545793310.0
308,659,808,204,439,538,1545793320.0
308,659,808,204,439,538,1545793330.0
308,659,807,204,438,537,1545793340.0
308,659,807,204,438,537,1545793350.0
308,659,807,204,438,537,1545793360.0
308,658,806,204,438,537,1545793370.0
308,658,806,204,438,536,1545793380.0
308,658,805,204,438,536,1545793390.0
308,658,805,204,438,535,1545793400.0
307,658,804,204,438,535,1545793410.0
308,658,803,204,438,535,1545793420.0
308,658,803,204,438,534,1545793430.0
308,658,803,204,438,534,1545793440.0
308,658,803,204,437,534,1545793450.0
308,657,803,204,437,535,1545793460.0
308,657,804,204,437,535,1545793470.0
308,658,805,204,438,536,1545793480.0
308,658,805,205,438,536,1545793490.0
308,658,805,205,438,536,1545793500.0
308,658,805,205,438,536,1545793510.0
309,658,805,205,438,536,1545793520.0
309,658,805,205,438,536,1545793530.0
309,658,805,205,438,536,1545793540.0
309,658,805,205,438,536,1545793550.0
309,658,805,205,438,536,1545793560.0
309,658,805,205,438,536,1545793570.0
309,658,805,205,438,536,1545793580.0
309,658,805,205,438,536,1545793590.0
309,658,805,205,438,536,1545793600.0
309,659,806,205,438,536,1545793610.0
309,659,806,205,438,537,1545793620.0
309,659,807,205,439,537,1545793630.0
309,659,807,205,439,537,1545793640.0
309,660,808,205,439,538,1545793650.0
309,660,808,205,439,538,1545793660.0
309,660,808,205,439,538,1545793670.0
310,660,809,206,439,538,1545793680.0
310,660,809,206,439,538,1545793690.0
310,659,809,206,439,538,1545793700.0
310,659,809,206,439,539,1545793710.0
310,659,809,206,439,539,1545793720.0
310,660,810,206,439,539,1545793730.0
310,660,810,206,439,539,1545793740.0
311,660,810,206,439,539,1545793750.0
311,661,810,206,439,539,1545793760.0
311,661,811,206,440,540,1545793770.0
311,661,811,207,440,540,1545793780.0
311,662,811,207,440,540,1545793790.0
314,670,817,208,446,544,1545794110.0
315,670,816,209,446,543,1545794420.0
317,680,825,211,453,549,1545794730.0
318,684,831,211,455,553,1545795040.0
320,687,836,212,457,556,1545795350.0
324,699,847,215,465,564,1545795660.0
326,705,864,217,469,575,1545795970.0
322,698,854,214,465,569,1545796280.0
325,710,864,216,473,575,1545796590.0
331,733,899,220,488,598,1545796900.0
333,741,913,221,493,608,1545797210.0
336,750,926,223,499,617,1545797520.0
336,758,938,223,504,625,1545797830.0
334,764,952,222,509,633,1545798140.0
335,766,958,222,510,638,1545798450.0
335,765,951,222,509,633,1545798760.0
334,763,940,221,508,626,1545799070.0
331,754,932,220,502,621,1545799380.0
324,739,910,215,492,606,1545799690.0
317,722,891,211,481,593,1545800000.0
310,708,879,206,471,585,1545800310.0
305,697,866,203,464,577,1545800620.0
302,687,852,200,457,567,1545800930.0
304,690,848,201,459,565,1545801240.0
307,697,860,203,464,572,1545801550.0
306,701,865,203,466,576,1545801860.0
308,704,862,204,469,574,1545802170.0
302,688,844,201,458,562,1545802480.0
290,651,799,193,433,532,1545802790.0
281,622,761,187,414,506,1545803100.0
275,608,738,183,404,491,1545803410.0
264,575,692,175,382,460,1545803720.0
251,534,641,166,355,426,1545804030.0
237,494,591,157,328,394,1545804340.0
229,475,568,152,316,378,1545804650.0
229,473,565,151,314,376,1545804960.0
228,467,559,151,311,372,1545805270.0
227,464,553,151,308,368,1545805580.0
226,461,550,150,307,366,1545805890.0
227,462,552,150,307,367,1545806200.0
225,453,538,149,301,358,1545806510.0
222,442,525,147,294,349,1545806820.0
219,435,519,145,290,345,1545807130.0
211,417,499,140,277,332,1545807440.0
203,400,483,134,266,322,1545807750.0
200,396,477,133,264,317,1545808060.0
201,398,477,134,265,317,1545808370.0
197,387,462,131,258,307,1545808680.0
191,373,445,127,248,296,1545808990.0
193,375,446,128,249,297,1545809300.0
198,389,467,131,259,311,1545809610.0
203,402,483,135,267,321,1545809920.0
206,410,494,137,272,329,1545810230.0
207,413,499,137,275,332,1545810540.0
211,419,501,140,278,333,1545810850.0
212,423,507,141,281,337,1545811160.0
211,421,507,140,280,337,1545811470.0
209,417,498,139,277,331,1545811780.0
207,414,496,137,275,330,1545812090.0
204,408,493,135,271,328,1545812400.0
204,407,488,135,271,325,1545812710.0
212,425,512,140,283,341,1545813020.0
252,532,649,167,354,432,1545813330.0
275,587,717,182,391,477,1545813640.0
266,559,682,176,372,454,1545813950.0
263,554,675,175,369,450,1545814260.0
266,562,685,177,374,456,1545814570.0
275,594,725,183,395,483,1545814880.0
278,604,734,184,402,489,1545815190.0
270,582,705,179,387,469,1545815500.0
265,567,685,176,377,456,1545815810.0
263,562,679,175,374,452,1545816120.0
261,558,680,174,371,452,1545816430.0
261,554,675,173,369,449,1545816740.0
261,555,669,173,369,445,1545817050.0
259,551,663,172,367,441,1545817360.0
258,547,661,172,364,440,1545817670.0
258,544,658,171,362,438,1545817980.0
254,536,649,169,357,432,1545818290.0
251,530,645,166,352,429,1545818600.0
249,523,637,165,348,424,1545818910.0
246,516,624,164,344,416,1545819220.0
244,511,616,162,340,410,1545819530.0
242,507,611,161,337,406,1545819840.0
240,502,606,159,334,404,1545820150.0
240,496,601,159,330,400,1545820460.0
236,486,587,157,324,391,1545820770.0
228,469,567,152,312,377,1545821080.0
222,453,550,147,302,366,1545821390.0
218,444,540,145,295,359,1545821700.0
215,436,530,142,290,352,1545822010.0
216,435,527,143,289,351,1545822320.0
218,436,530,145,290,353,1545822630.0
217,434,527,144,289,350,1545822940.0
218,436,524,145,290,348,1545823250.0
222,444,534,147,295,355,1545823560.0
220,441,531,146,293,353,1545823870.0
213,428,518,141,285,345,1545824180.0
207,415,504,137,276,335,1545824490.0
206,410,494,137,272,328,1545824800.0
206,409,494,137,272,329,1545825110.0
210,419,508,139,278,338,1545825420.0
213,430,522,141,286,347,1545825730.0
213,431,527,142,287,351,1545826040.0
213,429,525,141,285,349,1545826350.0
212,427,522,141,284,347,1545826660.0
215,431,524,143,286,349,1545826970.0
218,437,527,145,291,350,1545827280.0
220,441,533,146,293,355,1545827590.0
221,441,535,147,293,356,1545827900.0
221,440,537,147,293,357,1545828210.0
227,451,546,150,300,363,1545828520.0
232,463,554,154,308,369,1545828830.0
232,465,560,153,309,372,1545829140.0
233,470,566,155,312,377,1545829450.0
236,474,571,157,315,380,1545829760.0
241,483,582,160,321,387,1545830070.0
254,509,612,168,338,407,1545830380.0
270,542,653,179,360,435,1545830690.0
283,570,693,188,379,461,1545831000.0
288,584,706,191,389,470,1545831310.0
288,581,697,191,387,464,1545831620.0
283,569,679,188,378,452,1545831930.0
277,553,665,184,368,442,1545832240.0
275,549,661,183,365,440,1545832550.0
278,557,671,184,371,446,1545832860.0
282,564,682,187,375,454,1545833170.0
283,566,681,188,376,453,1545833480.0
285,568,682,189,378,454,1545833790.0
289,576,697,192,383,464,1545834100.0
293,586,708,195,390,471,1545834410.0
298,595,719,198,395,478,1545834720.0
300,599,725,199,399,482,1545835030.0
301,603,733,200,401,488,1545835243.0
302,603,733,200,401,488,1545835253.0
302,604,733,200,402,488,1545835263.0
302,604,733,200,402,488,1545835273.0
302,604,734,200,402,488,1545835283.0
302,604,734,200,402,488,1545835293.0
302,604,734,200,402,488,1545835303.0
302,604,734,200,402,488,1545835313.0
302,604,734,200,402,488,1545835323.0
302,604,734,200,402,488,1545835333.0
302,604,734,200,402,488,1545835343.0
302,605,734,200,402,489,1545835353.0
302,605,735,200,402,489,1545835363.0
302,605,735,201,402,489,1545835373.0
302,605,736,201,402,490,1545835383.0
302,605,736,201,402,490,1545835393.0
302,605,736,201,402,490,1545835403.0
302,605,736,201,402,490,1545835413.0
303,605,736,201,402,490,1545835423.0
303,605,736,201,403,490,1545835433.0
303,605,736,201,403,490,1545835443.0
303,605,737,201,403,490,1545835453.0
303,605,737,201,403,490,1545835463.0
303,606,737,201,403,491,1545835473.0
302,606,738,201,403,491,1545835483.0
302,606,738,201,403,491,1545835493.0
302,606,739,201,403,492,1545835503.0
302,606,740,201,403,492,1545835513.0
302,607,740,201,403,492,1545835523.0
302,607,740,201,403,492,1545835533.0
302,607,740,201,404,492,1545835543.0
302,607,740,201,404,492,1545835553.0
302,607,740,201,404,492,1545835563.0
302,607,740,201,404,492,1545835573.0
302,607,740,201,404,493,1545835583.0
302,608,740,201,404,493,1545835593.0
303,608,741,201,404,493,1545835603.0
303,608,741,201,404,493,1545835613.0
303,608,741,201,404,493,1545835623.0
303,608,741,201,404,493,1545835633.0
303,608,741,201,404,493,1545835643.0
303,608,741,201,404,493,1545835653.0
303,608,741,201,405,493,1545835663.0
303,608,741,201,405,493,1545835673.0
303,609,742,201,405,494,1545835683.0
304,609,742,201,405,494,1545835693.0
304,609,743,202,405,494,1545835703.0
304,610,743,202,406,494,1545835713.0
304,610,743,202,406,495,1545835723.0
304,611,743,202,406,495,1545835733.0
304,611,743,202,406,495,1545835743.0
304,611,743,202,407,495,1545835753.0
304,611,743,202,407,495,1545835763.0
305,612,743,202,407,495,1545835773.0
305,612,743,202,407,495,1545835783.0
305,613,743,202,407,495,1545835793.0
305,613,743,202,408,495,1545835803.0
305,613,743,202,408,495,1545835813.0
305,613,744,202,408,495,1545835823.0
314,631,765,208,420,509,1545836143.0
332,671,814,220,447,542,1545836453.0
337,693,839,224,461,558,1545836763.0
334,692,838,222,461,558,1545837073.0
355,752,907,236,500,604,1545837383.0
369,786,948,245,523,631,1545837693.0
357,749,909,237,498,605,1545838003.0
350,734,889,233,488,592,1545838313.0
350,729,882,233,485,587,1545838623.0
347,720,869,231,479,578,1545838933.0
349,720,870,232,479,579,1545839243.0
356,734,886,236,488,590,1545839450.0
357,735,887,237,489,590,1545839460.0
357,736,888,237,490,591,1545839470.0
357,737,889,237,490,592,1545839480.0
358,738,890,238,491,593,1545839490.0
358,739,891,238,492,593,1545839500.0
358,739,892,238,492,594,1545839510.0
359,740,893,238,492,594,1545839520.0
359,741,894,238,493,595,1545839530.0
359,741,896,239,493,596,1545839540.0
360,742,897,239,494,597,1545839550.0
360,743,898,239,494,598,1545839560.0
360,744,899,239,495,598,1545839570.0
360,745,900,239,496,599,1545839580.0
361,746,900,240,496,599,1545839590.0
361,747,901,240,497,600,1545839600.0
361,748,902,240,498,601,1545839610.0
362,748,903,240,498,601,1545839620.0
362,749,904,240,499,602,1545839630.0
362,750,905,241,499,602,1545839640.0
363,751,906,241,500,603,1545839650.0
363,751,907,241,500,604,1545839660.0
364,752,908,241,501,604,1545839670.0
364,753,909,242,501,605,1545839680.0
364,754,910,242,502,606,1545839690.0
365,754,911,242,502,606,1545839700.0
365,755,912,242,502,607,1545839710.0
365,756,913,243,503,608,1545839720.0
365,756,914,243,503,609,1545839730.0
366,757,916,243,504,610,1545839740.0
366,757,917,243,504,611,1545839750.0
366,758,918,243,504,611,1545839760.0
366,758,919,243,505,612,1545839770.0
366,759,920,243,505,612,1545839780.0
366,759,921,243,505,613,1545839790.0
366,759,921,243,505,613,1545839800.0
366,759,922,243,505,614,1545839810.0
366,759,924,243,505,615,1545839820.0
366,759,924,243,505,615,1545839830.0
366,759,925,243,505,616,1545839840.0
366,759,925,243,505,616,1545839850.0
366,759,926,243,505,616,1545839860.0
366,759,926,243,505,617,1545839870.0
367,759,926,243,505,617,1545839880.0
367,760,927,244,506,617,1545839890.0
367,760,927,244,506,617,1545839900.0
367,760,927,243,506,617,1545839910.0
367,759,927,243,505,617,1545839920.0
366,759,927,243,505,617,1545839930.0
367,759,927,243,505,617,1545839940.0
367,759,927,243,505,617,1545839950.0
367,759,928,243,505,618,1545839960.0
367,759,928,244,505,618,1545839970.0
367,759,928,244,505,618,1545839980.0
367,760,929,244,506,618,1545839990.0
367,760,929,244,506,618,1545840000.0
367,759,929,244,505,618,1545840010.0
367,759,929,244,505,618,1545840020.0
367,760,922,244,506,614,1545840940.0
376,777,944,250,517,629,1545841850.0
380,796,965,253,530,643,1545842760.0
380,812,989,253,541,658,1545843670.0
386,849,1042,256,565,694,1545844580.0
392,849,1036,260,565,690,1545845490.0
396,886,1089,263,590,725,1545846400.0
406,907,1118,269,604,744,1545847310.0
406,914,1123,270,609,748,1545848220.0
413,946,1169,275,630,778,1545849130.0
421,1079,1378,280,718,918,1545850040.0
417,1084,1412,277,722,940,1545850950.0
406,1095,1473,270,729,981,1545851860.0
396,1029,1354,263,685,902,1545852770.0
394,1002,1320,262,667,879,1545853680.0
391,1019,1384,260,679,921,1545854590.0
392,1092,1529,261,727,1018,1545855500.0
393,1107,1550,261,737,1032,1545856410.0
392,1081,1500,260,720,999,1545857320.0
392,1052,1438,260,701,958,1545858230.0
388,1050,1430,258,699,953,1545859140.0
381,976,1319,253,650,878,1545860050.0
371,941,1257,246,626,837,1545860960.0
367,927,1243,244,617,828,1545861870.0
369,941,1270,245,627,846,1545862780.0
375,1009,1391,249,672,927,1545863690.0
382,1080,1528,254,719,1018,1545864600.0
386,1168,1688,256,778,1124,1545865506.0
389,1168,1694,259,777,1129,1545866416.0
388,1217,1773,258,811,1181,1545867326.0
388,1223,1796,258,814,1196,1545868236.0
388,1242,1847,258,827,1230,1545869146.0
387,1251,1874,257,833,1248,1545870056.0
387,1255,1890,257,836,1259,1545870966.0
386,1235,1848,257,822,1231,1545871876.0
387,1203,1783,257,801,1188,1545872786.0
386,1191,1769,257,793,1178,1545873282.0
386,1191,1769,257,793,1178,1545873292.0
386,1190,1769,256,793,1178,1545873302.0
386,1190,1769,256,793,1178,1545873312.0
386,1190,1768,256,792,1178,1545873322.0
386,1189,1768,256,792,1178,1545873332.0
386,1189,1768,256,792,1177,1545873342.0
386,1188,1767,256,791,1177,1545873352.0
386,1188,1767,256,791,1177,1545873362.0
386,1188,1767,256,791,1177,1545873372.0
386,1187,1766,256,791,1177,1545873382.0
386,1187,1766,256,791,1176,1545873392.0
386,1187,1765,256,790,1176,1545873402.0
385,1187,1764,256,790,1175,1545873412.0
385,1187,1764,256,790,1175,1545873422.0
385,1187,1764,256,790,1175,1545873432.0
385,1186,1764,256,790,1175,1545873442.0
385,1186,1764,256,790,1175,1545873452.0
385,1186,1764,256,790,1175,1545873462.0
385,1186,1764,256,789,1175,1545873472.0
385,1185,1763,256,789,1174,1545873482.0
385,1184,1762,256,789,1174,1545873492.0
385,1184,1761,256,788,1173,1545873502.0
386,1184,1759,256,788,1172,1545873512.0
386,1183,1758,256,788,1171,1545873522.0
386,1183,1757,256,788,1170,1545873532.0
386,1183,1756,256,788,1170,1545873542.0
386,1183,1755,256,788,1169,1545873552.0
386,1183,1755,256,788,1169,1545873562.0
386,1183,1755,256,788,1169,1545873572.0
386,1183,1755,256,788,1169,1545873582.0
386,1184,1755,256,788,1169,1545873592.0
386,1184,1755,256,788,1169,1545873602.0
386,1184,1755,256,789,1169,1545873612.0
386,1185,1755,256,789,1169,1545873622.0
386,1185,1756,256,789,1169,1545873632.0
386,1185,1756,256,789,1170,1545873642.0
385,1185,1757,256,789,1170,1545873652.0
385,1185,1757,256,789,1170,1545873662.0
385,1185,1757,256,789,1170,1545873672.0
385,1185,1757,256,789,1170,1545873682.0
385,1186,1757,256,790,1170,1545873692.0
385,1186,1757,256,790,1171,1545873702.0
385,1187,1757,256,790,1171,1545873712.0
385,1187,1758,256,790,1171,1545873722.0
385,1187,1758,256,791,1171,1545873732.0
385,1188,1758,256,791,1171,1545873742.0
385,1188,1758,256,791,1171,1545873752.0
385,1189,1759,256,792,1172,1545873762.0
385,1189,1759,256,792,1172,1545873772.0
385,1189,1760,256,792,1172,1545873782.0
385,1189,1760,256,792,1172,1545873792.0
385,1189,1760,256,792,1173,1545873802.0
385,1189,1760,256,792,1173,1545873812.0
385,1189,1761,256,792,1173,1545873822.0
385,1189,1761,256,792,1173,1545873832.0
385,1190,1761,256,792,1173,1545873842.0
385,1190,1762,255,792,1174,1545873852.0
385,1190,1762,255,792,1174,1545873862.0
385,1190,1762,256,792,1174,1545873872.0
385,1190,1763,256,793,1174,1545873882.0
385,1190,1762,256,793,1174,1545873892.0
385,1190,1762,256,793,1174,1545873902.0
385,1190,1763,256,793,1175,1545873912.0
385,1190,1764,256,793,1175,1545873922.0
385,1190,1764,256,793,1175,1545873932.0
385,1190,1765,255,793,1175,1545873942.0
385,1191,1765,255,793,1176,1545873952.0
384,1191,1765,255,793,1176,1545873962.0
384,1186,1747,255,790,1164,1545874279.0
384,1173,1721,255,781,1146,1545874589.0
385,1167,1705,256,777,1136,1545874899.0
386,1159,1689,256,772,1125,1545875209.0
385,1145,1665,256,762,1109,1545875519.0
384,1127,1635,255,750,1089,1545875829.0
385,1124,1626,256,748,1083,1545876139.0
384,1133,1645,255,754,1096,1545876449.0
383,1135,1647,254,755,1097,1545876759.0
384,1132,1641,255,754,1093,1545877069.0
384,1125,1639,255,749,1092,1545877379.0
383,1120,1629,254,745,1085,1545877689.0
381,1115,1614,253,742,1075,1545877999.0
382,1114,1612,254,742,1073,1545878309.0
381,1118,1618,253,744,1078,1545878619.0
381,1128,1622,253,751,1081,1545878929.0
382,1139,1635,254,758,1089,1545879239.0
385,1148,1637,256,765,1091,1545879549.0
385,1152,1648,256,767,1097,1545879859.0
383,1146,1644,255,763,1095,1545880169.0
383,1144,1625,255,762,1083,1545880479.0
383,1138,1614,254,758,1075,1545880789.0
382,1134,1619,254,755,1079,1545881099.0
382,1135,1620,254,756,1079,1545881409.0
384,1144,1628,255,762,1085,1545881719.0
385,1158,1653,255,771,1101,1545882029.0
384,1195,1737,255,796,1157,1545882339.0
382,1247,1860,254,830,1239,1545882649.0
376,1311,2013,250,873,1341,1545882959.0
371,1354,2117,246,901,1411,1545883269.0
368,1352,2127,244,900,1417,1545883579.0
366,1337,2106,243,890,1403,1545883889.0
366,1324,2082,243,882,1387,1545884073.0
366,1324,2082,243,882,1387,1545884083.0
366,1323,2081,243,881,1387,1545884093.0
366,1323,2080,243,881,1386,1545884103.0
366,1322,2079,243,881,1385,1545884113.0
366,1322,2078,243,880,1384,1545884123.0
366,1321,2077,243,879,1384,1545884133.0
366,1319,2075,243,879,1383,1545884143.0
366,1318,2074,243,878,1382,1545884153.0
366,1316,2073,243,877,1381,1545884163.0
366,1315,2072,243,876,1380,1545884173.0
366,1314,2070,243,875,1379,1545884183.0
366,1313,2068,243,874,1378,1545884193.0
366,1312,2067,243,874,1377,1545884203.0
366,1311,2065,243,873,1376,1545884213.0
366,1311,2063,243,873,1374,1545884223.0
366,1310,2060,243,872,1373,1545884233.0
366,1309,2057,243,872,1371,1545884243.0
366,1308,2054,243,871,1369,1545884253.0
366,1308,2052,243,871,1367,1545884263.0
366,1307,2050,243,870,1366,1545884273.0
366,1306,2048,243,869,1364,1545884283.0
366,1304,2045,243,868,1363,1545884293.0
366,1302,2043,243,867,1361,1545884303.0
366,1300,2040,243,866,1359,1545884313.0
366,1298,2038,243,865,1358,1545884323.0
366,1297,2036,243,864,1356,1545884333.0
366,1295,2034,243,863,1355,1545884343.0
366,1294,2031,243,862,1353,1545884353.0
366,1293,2028,243,861,1351,1545884363.0
366,1292,2025,243,860,1349,1545884373.0
366,1291,2022,243,859,1347,1545884383.0
367,1290,2019,243,859,1345,1545884393.0
367,1289,2017,244,858,1344,1545884403.0
367,1288,2015,244,858,1342,1545884413.0
367,1287,2013,244,857,1341,1545884423.0
367,1286,2010,244,856,1339,1545884433.0
367,1285,2008,244,855,1338,1545884443.0
367,1284,2006,244,855,1336,1545884453.0
367,1283,2004,244,854,1335,1545884463.0
367,1282,2002,244,854,1334,1545884473.0
367,1281,2001,244,853,1333,1545884483.0
367,1280,1999,244,852,1332,1545884493.0
367,1279,1997,244,852,1330,1545884503.0
367,1278,1994,244,851,1328,1545884513.0
367,1277,1991,244,850,1327,1545884523.0
367,1276,1989,244,850,1325,1545884533.0
367,1275,1987,244,849,1324,1545884543.0
367,1275,1985,244,849,1323,1545884553.0
367,1274,1983,244,848,1321,1545884563.0
368,1273,1981,244,848,1319,1545884573.0
368,1273,1978,244,848,1318,1545884583.0
368,1273,1976,244,848,1316,1545884593.0
368,1273,1973,245,848,1315,1545884603.0
368,1273,1972,245,848,1313,1545884613.0
369,1273,1971,245,848,1313,1545884623.0
369,1272,1970,245,847,1312,1545884633.0
369,1272,1969,245,847,1312,1545884643.0
369,1271,1967,245,846,1310,1545884653.0
371,1254,1905,246,835,1269,1545884973.0
374,1224,1823,248,815,1215,1545885283.0
377,1187,1733,250,790,1155,1545885593.0
377,1139,1639,250,759,1092,1545885903.0
374,1067,1494,248,711,995,1545886213.0
363,963,1300,241,641,866,1545886523.0
344,846,1108,228,563,738,1545886833.0
317,742,950,210,494,632,1545887143.0
297,671,857,197,446,571,1545887453.0
292,648,829,193,431,552,1545887763.0
285,623,784,189,415,522,1545888073.0
282,615,772,187,409,514,1545888383.0
285,636,809,189,423,539,1545888693.0
